timestamp_entry,timestamp_exit,symbol,timeframe,mode,opportunity_id,side,qty,entry_price,exit_price,sl,tp,retcode,slippage,holding_time_sec,pnl,pnl_pct,pyramid_seq
2026-01-30T04:26:00+00:00,2026-01-30T05:00:00+00:00,EURUSD,M1,scalp,OPP_EURUSD_M1_202601300426,BULLISH,1.0,1.08,1.09,1.08,1.09,10009_DONE,0.32,980,375.0,0.0037,
2026-01-30T04:27:00+00:00,2026-01-30T05:07:00+00:00,EURUSD,M1,scalp,OPP_EURUSD_M1_202601300427,BULLISH,1.0,1.08,1.09,1.08,1.09,10009_DONE,0.62,488,375.0,0.0037,
2026-01-30T04:28:00+00:00,2026-01-30T04:53:00+00:00,EURUSD,M1,scalp,OPP_EURUSD_M1_202601300428,BULLISH,1.0,1.08,1.08,1.08,1.09,10009_DONE,0.76,1814,-250.0,-0.0025,
2026-01-30T04:29:00+00:00,2026-01-30T04:35:00+00:00,EURUSD,M1,scalp,OPP_EURUSD_M1_202601300429,BULLISH,1.0,1.08,1.08,1.08,1.09,10009_DONE,0.32,2017,-250.0,-0.0025,
2026-01-30T04:30:00+00:00,2026-01-30T05:28:00+00:00,EURUSD,M1,scalp,OPP_EURUSD_M1_202601300430,BULLISH,1.0,1.08,1.09,1.08,1.09,10009_DONE,0.51,1822,375.0,0.0037,
2026-01-30T04:31:00+00:00,2026-01-30T04:49:00+00:00,EURUSD,M1,scalp,OPP_EURUSD_M1_202601300431,BULLISH,1.0,1.08,1.08,1.08,1.09,10009_DONE,0.76,980,-250.0,-0.0025,
2026-01-30T04:32:00+00:00,2026-01-30T05:05:00+00:00,EURUSD,M1,scalp,OPP_EURUSD_M1_202601300432,BULLISH,1.0,1.08,1.08,1.08,1.09,10009_DONE,0.44,2635,-250.0,-0.0025,
2026-01-30T04:33:00+00:00,2026-01-30T05:32:00+00:00,EURUSD,M1,scalp,OPP_EURUSD_M1_202601300433,BULLISH,1.0,1.08,1.09,1.08,1.09,10009_DONE,0.22,329,375.0,0.0037,
2026-01-30T04:34:00+00:00,2026-01-30T04:48:00+00:00,EURUSD,M1,scalp,OPP_EURUSD_M1_202601300434,BULLISH,1.0,1.08,1.08,1.08,1.09,10009_DONE,0.77,1053,-250.0,-0.0025,
2026-01-30T04:35:00+00:00,2026-01-30T04:53:00+00:00,EURUSD,M1,scalp,OPP_EURUSD_M1_202601300435,BULLISH,1.0,1.08,1.08,1.08,1.09,10009_DONE,0.72,455,-250.0,-0.0025,
2026-01-30T04:36:00+00:00,2026-01-30T05:22:00+00:00,EURUSD,M1,scalp,OPP_EURUSD_M1_202601300436,BULLISH,1.0,1.08,1.09,1.08,1.09,10009_DONE,0.41,2819,375.0,0.0037,
2026-01-30T04:37:00+00:00,2026-01-30T05:33:00+00:00,EURUSD,M1,scalp,OPP_EURUSD_M1_202601300437,BULLISH,1.0,1.08,1.09,1.08,1.09,10009_DONE,0.26,1631,375.0,0.0037,
2026-01-30T04:38:00+00:00,2026-01-30T05:29:00+00:00,EURUSD,M1,scalp,OPP_EURUSD_M1_202601300438,BULLISH,1.0,1.08,1.09,1.08,1.09,10009_DONE,0.26,1686,375.0,0.0037,
2026-01-30T04:39:00+00:00,2026-01-30T05:26:00+00:00,EURUSD,M1,scalp,OPP_EURUSD_M1_202601300439,BULLISH,1.0,1.08,1.09,1.08,1.09,10009_DONE,0.39,2731,375.0,0.0037,
2026-01-30T04:40:00+00:00,2026-01-30T04:47:00+00:00,EURUSD,M1,scalp,OPP_EURUSD_M1_202601300440,BULLISH,1.0,1.08,1.09,1.08,1.09,10009_DONE,0.45,795,375.0,0.0037,
2026-01-30T04:41:00+00:00,2026-01-30T05:21:00+00:00,EURUSD,M1,scalp,OPP_EURUSD_M1_202601300441,BULLISH,1.0,1.08,1.09,1.08,1.09,10009_DONE,0.52,1547,375.0,0.0037,
2026-01-30T04:42:00+00:00,2026-01-30T04:55:00+00:00,EURUSD,M1,scalp,OPP_EURUSD_M1_202601300442,BULLISH,1.0,1.08,1.09,1.08,1.09,10009_DONE,0.61,2551,375.0,0.0037,
2026-01-30T04:43:00+00:00,2026-01-30T05:16:00+00:00,EURUSD,M1,scalp,OPP_EURUSD_M1_202601300443,BULLISH,1.0,1.08,1.09,1.08,1.09,10009_DONE,0.53,1616,375.0,0.0037,
2026-01-30T04:44:00+00:00,2026-01-30T05:19:00+00:00,EURUSD,M1,scalp,OPP_EURUSD_M1_202601300444,BULLISH,1.0,1.08,1.09,1.08,1.09,10009_DONE,0.46,1386,375.0,0.0037,
2026-01-30T04:45:00+00:00,2026-01-30T05:07:00+00:00,EURUSD,M1,scalp,OPP_EURUSD_M1_202601300445,BULLISH,1.0,1.08,1.09,1.08,1.09,10009_DONE,0.15,323,375.0,0.0037,
2026-01-30T04:46:00+00:00,2026-01-30T05:22:00+00:00,EURUSD,M1,scalp,OPP_EURUSD_M1_202601300446,BULLISH,1.0,1.08,1.08,1.08,1.09,10009_DONE,0.72,1236,-250.0,-0.0025,
2026-01-30T04:47:00+00:00,2026-01-30T05:35:00+00:00,EURUSD,M1,scalp,OPP_EURUSD_M1_202601300447,BULLISH,1.0,1.08,1.09,1.08,1.09,10009_DONE,0.15,1281,375.0,0.0037,
2026-01-30T04:48:00+00:00,2026-01-30T05:36:00+00:00,EURUSD,M1,scalp,OPP_EURUSD_M1_202601300448,BULLISH,1.0,1.08,1.09,1.08,1.09,10009_DONE,0.12,3394,375.0,0.0037,
2026-01-30T04:49:00+00:00,2026-01-30T05:26:00+00:00,EURUSD,M1,scalp,OPP_EURUSD_M1_202601300449,BULLISH,1.0,1.08,1.09,1.08,1.09,10009_DONE,0.54,2911,375.0,0.0037,
2026-01-30T04:50:00+00:00,2026-01-30T05:36:00+00:00,EURUSD,M1,scalp,OPP_EURUSD_M1_202601300450,BULLISH,1.0,1.08,1.09,1.08,1.09,10009_DONE,0.69,2261,375.0,0.0037,
2026-01-30T04:51:00+00:00,2026-01-30T05:09:00+00:00,EURUSD,M1,scalp,OPP_EURUSD_M1_202601300451,BULLISH,1.0,1.08,1.09,1.08,1.09,10009_DONE,0.24,2671,375.0,0.0037,
2026-01-30T04:52:00+00:00,2026-01-30T05:26:00+00:00,EURUSD,M1,scalp,OPP_EURUSD_M1_202601300452,BULLISH,1.0,1.08,1.09,1.08,1.09,10009_DONE,0.79,882,375.0,0.0037,
2026-01-30T04:53:00+00:00,2026-01-30T05:39:00+00:00,EURUSD,M1,scalp,OPP_EURUSD_M1_202601300453,BULLISH,1.0,1.08,1.09,1.08,1.09,10009_DONE,0.33,1041,375.0,0.0037,
2026-01-30T04:54:00+00:00,2026-01-30T05:02:00+00:00,EURUSD,M1,scalp,OPP_EURUSD_M1_202601300454,BULLISH,1.0,1.08,1.09,1.08,1.09,10009_DONE,0.15,2590,375.0,0.0037,
2026-01-30T04:55:00+00:00,2026-01-30T05:23:00+00:00,EURUSD,M1,scalp,OPP_EURUSD_M1_202601300455,BULLISH,1.0,1.08,1.08,1.08,1.09,10009_DONE,0.53,520,-250.0,-0.0025,
2026-01-30T04:56:00+00:00,2026-01-30T05:03:00+00:00,EURUSD,M1,scalp,OPP_EURUSD_M1_202601300456,BULLISH,1.0,1.08,1.09,1.08,1.09,10009_DONE,0.72,3257,375.0,0.0037,
2026-01-30T04:57:00+00:00,2026-01-30T05:26:00+00:00,EURUSD,M1,scalp,OPP_EURUSD_M1_202601300457,BULLISH,1.0,1.08,1.09,1.08,1.09,10009_DONE,0.26,903,375.0,0.0037,
2026-01-30T04:58:00+00:00,2026-01-30T05:46:00+00:00,EURUSD,M1,scalp,OPP_EURUSD_M1_202601300458,BULLISH,1.0,1.08,1.09,1.08,1.09,10009_DONE,0.46,758,375.0,0.0037,
2026-01-30T04:59:00+00:00,2026-01-30T05:44:00+00:00,EURUSD,M1,scalp,OPP_EURUSD_M1_202601300459,BULLISH,1.0,1.08,1.09,1.08,1.09,10009_DONE,0.3,1707,375.0,0.0037,
2026-01-30T04:00:00+00:00,2026-01-30T04:09:00+00:00,EURUSD,M1,scalp,OPP_EURUSD_M1_202601300400,BULLISH,1.0,1.08,1.09,1.08,1.09,10009_DONE,0.12,1321,375.0,0.0037,
2026-01-30T04:01:00+00:00,2026-01-30T04:14:00+00:00,EURUSD,M1,scalp,OPP_EURUSD_M1_202601300401,BULLISH,1.0,1.08,1.08,1.08,1.09,10009_DONE,0.68,1002,-250.0,-0.0025,
2026-01-30T04:02:00+00:00,2026-01-30T04:30:00+00:00,EURUSD,M1,scalp,OPP_EURUSD_M1_202601300402,BULLISH,1.0,1.08,1.09,1.08,1.09,10009_DONE,0.25,1476,375.0,0.0037,
2026-01-30T04:03:00+00:00,2026-01-30T04:42:00+00:00,EURUSD,M1,scalp,OPP_EURUSD_M1_202601300403,BULLISH,1.0,1.08,1.08,1.08,1.09,10009_DONE,0.39,1585,-250.0,-0.0025,
2026-01-30T04:04:00+00:00,2026-01-30T04:39:00+00:00,EURUSD,M1,scalp,OPP_EURUSD_M1_202601300404,BULLISH,1.0,1.08,1.09,1.08,1.09,10009_DONE,0.46,1497,375.0,0.0037,
2026-01-30T04:05:00+00:00,2026-01-30T04:58:00+00:00,EURUSD,M1,scalp,OPP_EURUSD_M1_202601300405,BULLISH,1.0,1.08,1.09,1.08,1.09,10009_DONE,0.4,1994,375.0,0.0037,
2026-01-30T04:06:00+00:00,2026-01-30T04:14:00+00:00,EURUSD,M1,scalp,OPP_EURUSD_M1_202601300406,BULLISH,1.0,1.08,1.08,1.08,1.09,10009_DONE,0.13,2025,-250.0,-0.0025,
2026-01-30T04:07:00+00:00,2026-01-30T04:45:00+00:00,EURUSD,M1,scalp,OPP_EURUSD_M1_202601300407,BULLISH,1.0,1.08,1.09,1.08,1.09,10009_DONE,0.41,1626,375.0,0.0037,
2026-01-30T04:08:00+00:00,2026-01-30T04:40:00+00:00,EURUSD,M1,scalp,OPP_EURUSD_M1_202601300408,BULLISH,1.0,1.08,1.09,1.08,1.09,10009_DONE,0.27,2680,375.0,0.0037,
2026-01-30T04:09:00+00:00,2026-01-30T04:21:00+00:00,EURUSD,M1,scalp,OPP_EURUSD_M1_202601300409,BULLISH,1.0,1.08,1.08,1.08,1.09,10009_DONE,0.26,1811,-250.0,-0.0025,
2026-01-30T04:10:00+00:00,2026-01-30T04:59:00+00:00,EURUSD,M1,scalp,OPP_EURUSD_M1_202601300410,BULLISH,1.0,1.08,1.09,1.08,1.09,10009_DONE,0.77,3555,375.0,0.0037,
2026-01-30T04:11:00+00:00,2026-01-30T04:53:00+00:00,EURUSD,M1,scalp,OPP_EURUSD_M1_202601300411,BULLISH,1.0,1.08,1.09,1.08,1.09,10009_DONE,0.75,1179,375.0,0.0037,
2026-01-30T04:12:00+00:00,2026-01-30T04:19:00+00:00,EURUSD,M1,scalp,OPP_EURUSD_M1_202601300412,BULLISH,1.0,1.08,1.08,1.08,1.09,10009_DONE,0.72,591,-250.0,-0.0025,
2026-01-30T04:13:00+00:00,2026-01-30T04:33:00+00:00,EURUSD,M1,scalp,OPP_EURUSD_M1_202601300413,BULLISH,1.0,1.08,1.09,1.08,1.09,10009_DONE,0.47,977,375.0,0.0037,
2026-01-30T04:14:00+00:00,2026-01-30T04:38:00+00:00,EURUSD,M1,scalp,OPP_EURUSD_M1_202601300414,BULLISH,1.0,1.08,1.09,1.08,1.09,10009_DONE,0.37,634,375.0,0.0037,
2026-01-30T04:15:00+00:00,2026-01-30T04:52:00+00:00,EURUSD,M1,scalp,OPP_EURUSD_M1_202601300415,BULLISH,1.0,1.08,1.09,1.08,1.09,10009_DONE,0.22,3147,375.0,0.0037,
2026-01-30T04:16:00+00:00,2026-01-30T04:53:00+00:00,EURUSD,M1,scalp,OPP_EURUSD_M1_202601300416,BULLISH,1.0,1.08,1.08,1.08,1.09,10009_DONE,0.34,598,-250.0,-0.0025,
2026-01-30T04:17:00+00:00,2026-01-30T04:45:00+00:00,EURUSD,M1,scalp,OPP_EURUSD_M1_202601300417,BULLISH,1.0,1.08,1.08,1.08,1.09,10009_DONE,0.37,3194,-250.0,-0.0025,
2026-01-30T04:18:00+00:00,2026-01-30T04:35:00+00:00,EURUSD,M1,scalp,OPP_EURUSD_M1_202601300418,BULLISH,1.0,1.08,1.08,1.08,1.09,10009_DONE,0.5,1874,-250.0,-0.0025,
2026-01-30T04:19:00+00:00,2026-01-30T05:05:00+00:00,EURUSD,M1,scalp,OPP_EURUSD_M1_202601300419,BULLISH,1.0,1.08,1.08,1.08,1.09,10009_DONE,0.26,3538,-250.0,-0.0025,
2026-01-30T04:20:00+00:00,2026-01-30T05:17:00+00:00,EURUSD,M1,scalp,OPP_EURUSD_M1_202601300420,BULLISH,1.0,1.08,1.08,1.08,1.09,10009_DONE,0.38,2418,-250.0,-0.0025,
2026-01-30T04:21:00+00:00,2026-01-30T04:39:00+00:00,EURUSD,M1,scalp,OPP_EURUSD_M1_202601300421,BULLISH,1.0,1.08,1.09,1.08,1.09,10009_DONE,0.48,1134,375.0,0.0037,
2026-01-30T04:22:00+00:00,2026-01-30T04:36:00+00:00,EURUSD,M1,scalp,OPP_EURUSD_M1_202601300422,BULLISH,1.0,1.08,1.08,1.08,1.09,10009_DONE,0.28,1152,-250.0,-0.0025,
2026-01-30T04:23:00+00:00,2026-01-30T04:38:00+00:00,EURUSD,M1,scalp,OPP_EURUSD_M1_202601300423,BULLISH,1.0,1.08,1.09,1.08,1.09,10009_DONE,0.19,2286,375.0,0.0037,
2026-01-30T04:24:00+00:00,2026-01-30T04:43:00+00:00,EURUSD,M1,scalp,OPP_EURUSD_M1_202601300424,BULLISH,1.0,1.08,1.09,1.08,1.09,10009_DONE,0.31,3175,375.0,0.0037,
2026-01-30T04:25:00+00:00,2026-01-30T05:08:00+00:00,EURUSD,M1,scalp,OPP_EURUSD_M1_202601300425,BULLISH,1.0,1.08,1.08,1.08,1.09,10009_DONE,0.66,3168,-250.0,-0.0025,
2026-01-30T04:26:00+00:00,2026-01-30T05:24:00+00:00,EURUSD,M1,scalp,OPP_EURUSD_M1_202601300426,BULLISH,1.0,1.08,1.09,1.08,1.09,10009_DONE,0.41,2965,375.0,0.0037,
2026-01-30T04:27:00+00:00,2026-01-30T04:52:00+00:00,EURUSD,M1,scalp,OPP_EURUSD_M1_202601300427,BULLISH,1.0,1.08,1.08,1.08,1.09,10009_DONE,0.27,2727,-250.0,-0.0025,
2026-01-30T04:28:00+00:00,2026-01-30T04:42:00+00:00,EURUSD,M1,scalp,OPP_EURUSD_M1_202601300428,BULLISH,1.0,1.08,1.09,1.08,1.09,10009_DONE,0.24,3118,375.0,0.0037,
2026-01-30T04:29:00+00:00,2026-01-30T05:09:00+00:00,EURUSD,M1,scalp,OPP_EURUSD_M1_202601300429,BULLISH,1.0,1.08,1.09,1.08,1.09,10009_DONE,0.37,2105,375.0,0.0037,
2026-01-30T04:30:00+00:00,2026-01-30T05:21:00+00:00,EURUSD,M1,scalp,OPP_EURUSD_M1_202601300430,BULLISH,1.0,1.08,1.09,1.08,1.09,10009_DONE,0.66,3343,375.0,0.0037,
2026-01-30T04:31:00+00:00,2026-01-30T05:20:00+00:00,EURUSD,M1,scalp,OPP_EURUSD_M1_202601300431,BULLISH,1.0,1.08,1.08,1.08,1.09,10010_PLACED,0.18,2137,-250.0,-0.0025,
2026-01-30T04:32:00+00:00,2026-01-30T04:57:00+00:00,EURUSD,M1,scalp,OPP_EURUSD_M1_202601300432,BULLISH,1.0,1.08,1.09,1.08,1.09,10009_DONE,0.2,2720,375.0,0.0037,
2026-01-30T04:33:00+00:00,2026-01-30T04:54:00+00:00,EURUSD,M1,scalp,OPP_EURUSD_M1_202601300433,BULLISH,1.0,1.08,1.09,1.08,1.09,10009_DONE,0.66,2454,375.0,0.0037,
2026-01-30T04:34:00+00:00,2026-01-30T04:50:00+00:00,EURUSD,M1,scalp,OPP_EURUSD_M1_202601300434,BULLISH,1.0,1.08,1.08,1.08,1.09,10009_DONE,0.63,548,-250.0,-0.0025,
2026-01-30T04:35:00+00:00,2026-01-30T05:10:00+00:00,EURUSD,M1,scalp,OPP_EURUSD_M1_202601300435,BULLISH,1.0,1.08,1.09,1.08,1.09,10010_PLACED,0.62,1256,375.0,0.0037,
2026-01-30T04:36:00+00:00,2026-01-30T05:10:00+00:00,EURUSD,M1,scalp,OPP_EURUSD_M1_202601300436,BULLISH,1.0,1.08,1.08,1.08,1.09,10009_DONE,0.49,2867,-250.0,-0.0025,
2026-01-30T04:37:00+00:00,2026-01-30T04:47:00+00:00,EURUSD,M1,scalp,OPP_EURUSD_M1_202601300437,BULLISH,1.0,1.08,1.09,1.08,1.09,10009_DONE,0.71,2693,375.0,0.0037,
2026-01-30T04:38:00+00:00,2026-01-30T05:20:00+00:00,EURUSD,M1,scalp,OPP_EURUSD_M1_202601300438,BULLISH,1.0,1.08,1.08,1.08,1.09,10009_DONE,0.6,3551,-250.0,-0.0025,
2026-01-30T04:39:00+00:00,2026-01-30T04:56:00+00:00,EURUSD,M1,scalp,OPP_EURUSD_M1_202601300439,BULLISH,1.0,1.08,1.08,1.08,1.09,10009_DONE,0.63,1346,-250.0,-0.0025,
2026-01-30T04:40:00+00:00,2026-01-30T04:54:00+00:00,EURUSD,M1,scalp,OPP_EURUSD_M1_202601300440,BULLISH,1.0,1.08,1.09,1.08,1.09,10009_DONE,0.13,3248,375.0,0.0037,
2026-01-30T04:41:00+00:00,2026-01-30T04:55:00+00:00,EURUSD,M1,scalp,OPP_EURUSD_M1_202601300441,BULLISH,1.0,1.08,1.09,1.08,1.09,10009_DONE,0.3,3507,375.0,0.0037,
2026-01-30T04:42:00+00:00,2026-01-30T05:25:00+00:00,EURUSD,M1,scalp,OPP_EURUSD_M1_202601300442,BULLISH,1.0,1.08,1.08,1.08,1.09,10009_DONE,0.2,658,-250.0,-0.0025,
2026-01-30T04:43:00+00:00,2026-01-30T04:59:00+00:00,EURUSD,M1,scalp,OPP_EURUSD_M1_202601300443,BULLISH,1.0,1.08,1.09,1.08,1.09,10009_DONE,0.46,496,375.0,0.0037,
2026-01-30T04:44:00+00:00,2026-01-30T05:06:00+00:00,EURUSD,M1,scalp,OPP_EURUSD_M1_202601300444,BULLISH,1.0,1.08,1.09,1.08,1.09,10009_DONE,0.71,2407,375.0,0.0037,
2026-01-30T04:45:00+00:00,2026-01-30T05:33:00+00:00,EURUSD,M1,scalp,OPP_EURUSD_M1_202601300445,BULLISH,1.0,1.08,1.08,1.08,1.09,10009_DONE,0.31,1576,-250.0,-0.0025,
2026-01-30T04:46:00+00:00,2026-01-30T04:53:00+00:00,EURUSD,M1,scalp,OPP_EURUSD_M1_202601300446,BULLISH,1.0,1.08,1.08,1.08,1.09,10009_DONE,0.56,2314,-250.0,-0.0025,
2026-01-30T04:47:00+00:00,2026-01-30T05:00:00+00:00,EURUSD,M1,scalp,OPP_EURUSD_M1_202601300447,BULLISH,1.0,1.08,1.08,1.08,1.09,10009_DONE,0.28,1193,-250.0,-0.0025,
2026-01-30T04:48:00+00:00,2026-01-30T04:54:00+00:00,EURUSD,M1,scalp,OPP_EURUSD_M1_202601300448,BULLISH,1.0,1.08,1.08,1.08,1.09,10009_DONE,0.41,2977,-250.0,-0.0025,
2026-01-30T04:49:00+00:00,2026-01-30T05:31:00+00:00,EURUSD,M1,scalp,OPP_EURUSD_M1_202601300449,BULLISH,1.0,1.08,1.09,1.08,1.09,10009_DONE,0.37,1272,375.0,0.0037,
2026-01-30T04:50:00+00:00,2026-01-30T05:21:00+00:00,EURUSD,M1,scalp,OPP_EURUSD_M1_202601300450,BULLISH,1.0,1.08,1.09,1.08,1.09,10009_DONE,0.39,3064,375.0,0.0037,
2026-01-30T04:51:00+00:00,2026-01-30T05:20:00+00:00,EURUSD,M1,scalp,OPP_EURUSD_M1_202601300451,BULLISH,1.0,1.08,1.08,1.08,1.09,10009_DONE,0.61,3513,-250.0,-0.0025,
2026-01-30T04:26:00+00:00,2026-01-30T05:11:00+00:00,EURUSD,M5,scalp,OPP_EURUSD_M5_202601300426,BULLISH,1.0,1.08,1.09,1.08,1.09,10009_DONE,0.42,3268,375.0,0.0037,
2026-01-30T04:27:00+00:00,2026-01-30T04:38:00+00:00,EURUSD,M5,scalp,OPP_EURUSD_M5_202601300427,BULLISH,1.0,1.08,1.09,1.08,1.09,10009_DONE,0.75,3485,375.0,0.0037,
2026-01-30T04:28:00+00:00,2026-01-30T05:08:00+00:00,EURUSD,M5,scalp,OPP_EURUSD_M5_202601300428,BULLISH,1.0,1.08,1.09,1.08,1.09,10009_DONE,0.56,920,375.0,0.0037,
2026-01-30T04:29:00+00:00,2026-01-30T04:44:00+00:00,EURUSD,M5,scalp,OPP_EURUSD_M5_202601300429,BULLISH,1.0,1.08,1.09,1.08,1.09,10009_DONE,0.26,3112,375.0,0.0037,
2026-01-30T04:30:00+00:00,2026-01-30T04:57:00+00:00,EURUSD,M5,scalp,OPP_EURUSD_M5_202601300430,BULLISH,1.0,1.08,1.08,1.08,1.09,10009_DONE,0.5,1874,-250.0,-0.0025,
2026-01-30T04:31:00+00:00,2026-01-30T04:50:00+00:00,EURUSD,M5,scalp,OPP_EURUSD_M5_202601300431,BULLISH,1.0,1.08,1.09,1.08,1.09,10009_DONE,0.26,3146,375.0,0.0037,
2026-01-30T04:32:00+00:00,2026-01-30T05:23:00+00:00,EURUSD,M5,scalp,OPP_EURUSD_M5_202601300432,BULLISH,1.0,1.08,1.09,1.08,1.09,10009_DONE,0.72,2608,375.0,0.0037,
2026-01-30T04:33:00+00:00,2026-01-30T05:24:00+00:00,EURUSD,M5,scalp,OPP_EURUSD_M5_202601300433,BULLISH,1.0,1.08,1.09,1.08,1.09,10009_DONE,0.67,2409,375.0,0.0037,
2026-01-30T04:34:00+00:00,2026-01-30T05:03:00+00:00,EURUSD,M5,scalp,OPP_EURUSD_M5_202601300434,BULLISH,1.0,1.08,1.09,1.08,1.09,10009_DONE,0.26,1005,375.0,0.0037,
2026-01-30T04:35:00+00:00,2026-01-30T05:24:00+00:00,EURUSD,M5,scalp,OPP_EURUSD_M5_202601300435,BULLISH,1.0,1.08,1.09,1.08,1.09,10009_DONE,0.33,1359,375.0,0.0037,
2026-01-30T04:36:00+00:00,2026-01-30T04:44:00+00:00,EURUSD,M5,scalp,OPP_EURUSD_M5_202601300436,BULLISH,1.0,1.08,1.09,1.08,1.09,10009_DONE,0.33,1131,375.0,0.0037,
2026-01-30T04:37:00+00:00,2026-01-30T04:57:00+00:00,EURUSD,M5,scalp,OPP_EURUSD_M5_202601300437,BULLISH,1.0,1.08,1.09,1.08,1.09,10009_DONE,0.34,551,375.0,0.0037,
2026-01-30T04:38:00+00:00,2026-01-30T04:57:00+00:00,EURUSD,M5,scalp,OPP_EURUSD_M5_202601300438,BULLISH,1.0,1.08,1.09,1.08,1.09,10009_DONE,0.58,3152,375.0,0.0037,
2026-01-30T04:39:00+00:00,2026-01-30T04:56:00+00:00,EURUSD,M5,scalp,OPP_EURUSD_M5_202601300439,BULLISH,1.0,1.08,1.09,1.08,1.09,10009_DONE,0.19,1530,375.0,0.0037,
2026-01-30T04:40:00+00:00,2026-01-30T05:38:00+00:00,EURUSD,M5,scalp,OPP_EURUSD_M5_202601300440,BULLISH,1.0,1.08,1.09,1.08,1.09,10009_DONE,0.25,2067,375.0,0.0037,
2026-01-30T04:41:00+00:00,2026-01-30T04:49:00+00:00,EURUSD,M5,scalp,OPP_EURUSD_M5_202601300441,BULLISH,1.0,1.08,1.08,1.08,1.09,10009_DONE,0.6,1347,-250.0,-0.0025,
2026-01-30T04:42:00+00:00,2026-01-30T05:26:00+00:00,EURUSD,M5,scalp,OPP_EURUSD_M5_202601300442,BULLISH,1.0,1.08,1.08,1.08,1.09,10009_DONE,0.57,3477,-250.0,-0.0025,
2026-01-30T04:43:00+00:00,2026-01-30T05:24:00+00:00,EURUSD,M5,scalp,OPP_EURUSD_M5_202601300443,BULLISH,1.0,1.08,1.09,1.08,1.09,10009_DONE,0.33,3217,375.0,0.0037,
2026-01-30T04:44:00+00:00,2026-01-30T05:14:00+00:00,EURUSD,M5,scalp,OPP_EURUSD_M5_202601300444,BULLISH,1.0,1.08,1.08,1.08,1.09,10009_DONE,0.14,1247,-250.0,-0.0025,
2026-01-30T04:45:00+00:00,2026-01-30T05:40:00+00:00,EURUSD,M5,scalp,OPP_EURUSD_M5_202601300445,BULLISH,1.0,1.08,1.09,1.08,1.09,10009_DONE,0.14,2827,375.0,0.0037,
2026-01-30T04:46:00+00:00,2026-01-30T04:58:00+00:00,EURUSD,M5,scalp,OPP_EURUSD_M5_202601300446,BULLISH,1.0,1.08,1.09,1.08,1.09,10009_DONE,0.29,3106,375.0,0.0037,
2026-01-30T04:47:00+00:00,2026-01-30T05:08:00+00:00,EURUSD,M5,scalp,OPP_EURUSD_M5_202601300447,BULLISH,1.0,1.08,1.09,1.08,1.09,10009_DONE,0.65,2482,375.0,0.0037,
2026-01-30T04:48:00+00:00,2026-01-30T05:05:00+00:00,EURUSD,M5,scalp,OPP_EURUSD_M5_202601300448,BULLISH,1.0,1.08,1.09,1.08,1.09,10009_DONE,0.54,2953,375.0,0.0037,
2026-01-30T04:49:00+00:00,2026-01-30T05:29:00+00:00,EURUSD,M5,scalp,OPP_EURUSD_M5_202601300449,BULLISH,1.0,1.08,1.09,1.08,1.09,10009_DONE,0.37,355,375.0,0.0037,
2026-01-30T04:50:00+00:00,2026-01-30T05:08:00+00:00,EURUSD,M5,scalp,OPP_EURUSD_M5_202601300450,BULLISH,1.0,1.08,1.09,1.08,1.09,10009_DONE,0.66,3209,375.0,0.0037,
2026-01-30T04:51:00+00:00,2026-01-30T05:15:00+00:00,EURUSD,M5,scalp,OPP_EURUSD_M5_202601300451,BULLISH,1.0,1.08,1.09,1.08,1.09,10009_DONE,0.12,766,375.0,0.0037,
2026-01-30T04:52:00+00:00,2026-01-30T05:27:00+00:00,EURUSD,M5,scalp,OPP_EURUSD_M5_202601300452,BULLISH,1.0,1.08,1.09,1.08,1.09,10009_DONE,0.24,849,375.0,0.0037,
2026-01-30T04:53:00+00:00,2026-01-30T05:46:00+00:00,EURUSD,M5,scalp,OPP_EURUSD_M5_202601300453,BULLISH,1.0,1.08,1.09,1.08,1.09,10009_DONE,0.62,2787,375.0,0.0037,
2026-01-30T04:54:00+00:00,2026-01-30T05:11:00+00:00,EURUSD,M5,scalp,OPP_EURUSD_M5_202601300454,BULLISH,1.0,1.08,1.09,1.08,1.09,10009_DONE,0.64,1831,375.0,0.0037,
2026-01-30T04:55:00+00:00,2026-01-30T05:15:00+00:00,EURUSD,M5,scalp,OPP_EURUSD_M5_202601300455,BULLISH,1.0,1.08,1.08,1.08,1.09,10009_DONE,0.64,1134,-250.0,-0.0025,
2026-01-30T04:56:00+00:00,2026-01-30T05:04:00+00:00,EURUSD,M5,scalp,OPP_EURUSD_M5_202601300456,BULLISH,1.0,1.08,1.09,1.08,1.09,10009_DONE,0.34,3067,375.0,0.0037,
2026-01-30T04:57:00+00:00,2026-01-30T05:55:00+00:00,EURUSD,M5,scalp,OPP_EURUSD_M5_202601300457,BULLISH,1.0,1.08,1.08,1.08,1.09,10009_DONE,0.27,1202,-250.0,-0.0025,
2026-01-30T04:58:00+00:00,2026-01-30T05:46:00+00:00,EURUSD,M5,scalp,OPP_EURUSD_M5_202601300458,BULLISH,1.0,1.08,1.08,1.08,1.09,10009_DONE,0.29,3247,-250.0,-0.0025,
2026-01-30T04:59:00+00:00,2026-01-30T05:09:00+00:00,EURUSD,M5,scalp,OPP_EURUSD_M5_202601300459,BULLISH,1.0,1.08,1.08,1.08,1.09,10009_DONE,0.78,3017,-250.0,-0.0025,
2026-01-30T04:00:00+00:00,2026-01-30T04:16:00+00:00,EURUSD,M5,scalp,OPP_EURUSD_M5_202601300400,BULLISH,1.0,1.08,1.09,1.08,1.09,10009_DONE,0.52,702,375.0,0.0037,
2026-01-30T04:01:00+00:00,2026-01-30T04:49:00+00:00,EURUSD,M5,scalp,OPP_EURUSD_M5_202601300401,BULLISH,1.0,1.08,1.09,1.08,1.09,10009_DONE,0.76,1516,375.0,0.0037,
2026-01-30T04:02:00+00:00,2026-01-30T04:55:00+00:00,EURUSD,M5,scalp,OPP_EURUSD_M5_202601300402,BULLISH,1.0,1.08,1.09,1.08,1.09,10009_DONE,0.61,1419,375.0,0.0037,
2026-01-30T04:03:00+00:00,2026-01-30T04:25:00+00:00,EURUSD,M5,scalp,OPP_EURUSD_M5_202601300403,BULLISH,1.0,1.08,1.09,1.08,1.09,10009_DONE,0.5,3580,375.0,0.0037,
2026-01-30T04:04:00+00:00,2026-01-30T04:09:00+00:00,EURUSD,M5,scalp,OPP_EURUSD_M5_202601300404,BULLISH,1.0,1.08,1.09,1.08,1.09,10009_DONE,0.58,581,375.0,0.0037,
2026-01-30T04:05:00+00:00,2026-01-30T04:21:00+00:00,EURUSD,M5,scalp,OPP_EURUSD_M5_202601300405,BULLISH,1.0,1.08,1.09,1.08,1.09,10009_DONE,0.78,1898,375.0,0.0037,
2026-01-30T04:06:00+00:00,2026-01-30T04:11:00+00:00,EURUSD,M5,scalp,OPP_EURUSD_M5_202601300406,BULLISH,1.0,1.08,1.09,1.08,1.09,10009_DONE,0.78,695,375.0,0.0037,
2026-01-30T04:07:00+00:00,2026-01-30T04:31:00+00:00,EURUSD,M5,scalp,OPP_EURUSD_M5_202601300407,BULLISH,1.0,1.08,1.09,1.08,1.09,10009_DONE,0.16,2748,375.0,0.0037,
2026-01-30T04:08:00+00:00,2026-01-30T04:14:00+00:00,EURUSD,M5,scalp,OPP_EURUSD_M5_202601300408,BULLISH,1.0,1.08,1.09,1.08,1.09,10009_DONE,0.18,986,375.0,0.0037,
2026-01-30T04:09:00+00:00,2026-01-30T04:58:00+00:00,EURUSD,M5,scalp,OPP_EURUSD_M5_202601300409,BULLISH,1.0,1.08,1.08,1.08,1.09,10009_DONE,0.68,1230,-250.0,-0.0025,
2026-01-30T04:10:00+00:00,2026-01-30T04:29:00+00:00,EURUSD,M5,scalp,OPP_EURUSD_M5_202601300410,BULLISH,1.0,1.08,1.09,1.08,1.09,10009_DONE,0.34,3081,375.0,0.0037,
2026-01-30T04:11:00+00:00,2026-01-30T04:56:00+00:00,EURUSD,M5,scalp,OPP_EURUSD_M5_202601300411,BULLISH,1.0,1.08,1.09,1.08,1.09,10009_DONE,0.64,862,375.0,0.0037,
2026-01-30T04:12:00+00:00,2026-01-30T05:06:00+00:00,EURUSD,M5,scalp,OPP_EURUSD_M5_202601300412,BULLISH,1.0,1.08,1.09,1.08,1.09,10009_DONE,0.5,3493,375.0,0.0037,
2026-01-30T04:13:00+00:00,2026-01-30T04:32:00+00:00,EURUSD,M5,scalp,OPP_EURUSD_M5_202601300413,BULLISH,1.0,1.08,1.09,1.08,1.09,10009_DONE,0.65,2533,375.0,0.0037,
2026-01-30T04:14:00+00:00,2026-01-30T04:35:00+00:00,EURUSD,M5,scalp,OPP_EURUSD_M5_202601300414,BULLISH,1.0,1.08,1.09,1.08,1.09,10009_DONE,0.58,385,375.0,0.0037,
2026-01-30T04:15:00+00:00,2026-01-30T04:20:00+00:00,EURUSD,M5,scalp,OPP_EURUSD_M5_202601300415,BULLISH,1.0,1.08,1.09,1.08,1.09,10009_DONE,0.35,2114,375.0,0.0037,
2026-01-30T04:16:00+00:00,2026-01-30T04:29:00+00:00,EURUSD,M5,scalp,OPP_EURUSD_M5_202601300416,BULLISH,1.0,1.08,1.09,1.08,1.09,10009_DONE,0.36,929,375.0,0.0037,
2026-01-30T04:17:00+00:00,2026-01-30T04:48:00+00:00,EURUSD,M5,scalp,OPP_EURUSD_M5_202601300417,BULLISH,1.0,1.08,1.08,1.08,1.09,10010_PLACED,0.15,2052,-250.0,-0.0025,
2026-01-30T04:18:00+00:00,2026-01-30T04:53:00+00:00,EURUSD,M5,scalp,OPP_EURUSD_M5_202601300418,BULLISH,1.0,1.08,1.08,1.08,1.09,10009_DONE,0.31,1952,-250.0,-0.0025,
2026-01-30T04:19:00+00:00,2026-01-30T04:32:00+00:00,EURUSD,M5,scalp,OPP_EURUSD_M5_202601300419,BULLISH,1.0,1.08,1.09,1.08,1.09,10009_DONE,0.35,1205,375.0,0.0037,
2026-01-30T04:20:00+00:00,2026-01-30T05:05:00+00:00,EURUSD,M5,scalp,OPP_EURUSD_M5_202601300420,BULLISH,1.0,1.08,1.09,1.08,1.09,10009_DONE,0.3,314,375.0,0.0037,
2026-01-30T04:21:00+00:00,2026-01-30T04:26:00+00:00,EURUSD,M5,scalp,OPP_EURUSD_M5_202601300421,BULLISH,1.0,1.08,1.08,1.08,1.09,10009_DONE,0.28,1631,-250.0,-0.0025,
2026-01-30T04:22:00+00:00,2026-01-30T05:18:00+00:00,EURUSD,M5,scalp,OPP_EURUSD_M5_202601300422,BULLISH,1.0,1.08,1.09,1.08,1.09,10009_DONE,0.36,738,375.0,0.0037,
2026-01-30T04:23:00+00:00,2026-01-30T04:52:00+00:00,EURUSD,M5,scalp,OPP_EURUSD_M5_202601300423,BULLISH,1.0,1.08,1.09,1.08,1.09,10009_DONE,0.21,3109,375.0,0.0037,
2026-01-30T04:24:00+00:00,2026-01-30T04:57:00+00:00,EURUSD,M5,scalp,OPP_EURUSD_M5_202601300424,BULLISH,1.0,1.08,1.09,1.08,1.09,10009_DONE,0.39,1752,375.0,0.0037,
2026-01-30T04:25:00+00:00,2026-01-30T05:12:00+00:00,EURUSD,M5,scalp,OPP_EURUSD_M5_202601300425,BULLISH,1.0,1.08,1.09,1.08,1.09,10009_DONE,0.68,646,375.0,0.0037,
2026-01-30T04:26:00+00:00,2026-01-30T04:50:00+00:00,EURUSD,M5,scalp,OPP_EURUSD_M5_202601300426,BULLISH,1.0,1.08,1.08,1.08,1.09,10009_DONE,0.57,1955,-250.0,-0.0025,
2026-01-30T04:27:00+00:00,2026-01-30T05:00:00+00:00,EURUSD,M5,scalp,OPP_EURUSD_M5_202601300427,BULLISH,1.0,1.08,1.09,1.08,1.09,10009_DONE,0.44,1032,375.0,0.0037,
2026-01-30T04:28:00+00:00,2026-01-30T04:36:00+00:00,EURUSD,M5,scalp,OPP_EURUSD_M5_202601300428,BULLISH,1.0,1.08,1.09,1.08,1.09,10009_DONE,0.64,640,375.0,0.0037,
2026-01-30T04:29:00+00:00,2026-01-30T05:23:00+00:00,EURUSD,M5,scalp,OPP_EURUSD_M5_202601300429,BULLISH,1.0,1.08,1.08,1.08,1.09,10009_DONE,0.77,2201,-250.0,-0.0025,
2026-01-30T04:30:00+00:00,2026-01-30T05:02:00+00:00,EURUSD,M5,scalp,OPP_EURUSD_M5_202601300430,BULLISH,1.0,1.08,1.08,1.08,1.09,10009_DONE,0.38,1976,-250.0,-0.0025,
2026-01-30T04:31:00+00:00,2026-01-30T04:50:00+00:00,EURUSD,M5,scalp,OPP_EURUSD_M5_202601300431,BULLISH,1.0,1.08,1.09,1.08,1.09,10009_DONE,0.61,2409,375.0,0.0037,
2026-01-30T04:32:00+00:00,2026-01-30T05:18:00+00:00,EURUSD,M5,scalp,OPP_EURUSD_M5_202601300432,BULLISH,1.0,1.08,1.09,1.08,1.09,10009_DONE,0.61,2679,375.0,0.0037,
2026-01-30T04:33:00+00:00,2026-01-30T05:09:00+00:00,EURUSD,M5,scalp,OPP_EURUSD_M5_202601300433,BULLISH,1.0,1.08,1.09,1.08,1.09,10009_DONE,0.48,3593,375.0,0.0037,
2026-01-30T04:34:00+00:00,2026-01-30T05:00:00+00:00,EURUSD,M5,scalp,OPP_EURUSD_M5_202601300434,BULLISH,1.0,1.08,1.08,1.08,1.09,10010_PLACED,0.79,2167,-250.0,-0.0025,
2026-01-30T04:35:00+00:00,2026-01-30T05:21:00+00:00,EURUSD,M5,scalp,OPP_EURUSD_M5_202601300435,BULLISH,1.0,1.08,1.09,1.08,1.09,10010_PLACED,0.73,1965,375.0,0.0037,
2026-01-30T04:36:00+00:00,2026-01-30T05:05:00+00:00,EURUSD,M5,scalp,OPP_EURUSD_M5_202601300436,BULLISH,1.0,1.08,1.09,1.08,1.09,10009_DONE,0.33,780,375.0,0.0037,
2026-01-30T04:37:00+00:00,2026-01-30T05:22:00+00:00,EURUSD,M5,scalp,OPP_EURUSD_M5_202601300437,BULLISH,1.0,1.08,1.09,1.08,1.09,10009_DONE,0.64,2617,375.0,0.0037,
2026-01-30T04:38:00+00:00,2026-01-30T05:26:00+00:00,EURUSD,M5,scalp,OPP_EURUSD_M5_202601300438,BULLISH,1.0,1.08,1.09,1.08,1.09,10009_DONE,0.33,1012,375.0,0.0037,
2026-01-30T04:39:00+00:00,2026-01-30T05:38:00+00:00,EURUSD,M5,scalp,OPP_EURUSD_M5_202601300439,BULLISH,1.0,1.08,1.09,1.08,1.09,10009_DONE,0.21,1982,375.0,0.0037,
2026-01-30T04:40:00+00:00,2026-01-30T04:46:00+00:00,EURUSD,M5,scalp,OPP_EURUSD_M5_202601300440,BULLISH,1.0,1.08,1.08,1.08,1.09,10009_DONE,0.57,654,-250.0,-0.0025,
2026-01-30T04:41:00+00:00,2026-01-30T05:33:00+00:00,EURUSD,M5,scalp,OPP_EURUSD_M5_202601300441,BULLISH,1.0,1.08,1.08,1.08,1.09,10009_DONE,0.41,969,-250.0,-0.0025,
2026-01-30T04:42:00+00:00,2026-01-30T04:58:00+00:00,EURUSD,M5,scalp,OPP_EURUSD_M5_202601300442,BULLISH,1.0,1.08,1.09,1.08,1.09,10009_DONE,0.46,409,375.0,0.0037,
2026-01-30T04:43:00+00:00,2026-01-30T05:35:00+00:00,EURUSD,M5,scalp,OPP_EURUSD_M5_202601300443,BULLISH,1.0,1.08,1.09,1.08,1.09,10009_DONE,0.34,2195,375.0,0.0037,
2026-01-30T04:44:00+00:00,2026-01-30T05:28:00+00:00,EURUSD,M5,scalp,OPP_EURUSD_M5_202601300444,BULLISH,1.0,1.08,1.09,1.08,1.09,10009_DONE,0.36,1861,375.0,0.0037,
2026-01-30T04:45:00+00:00,2026-01-30T04:53:00+00:00,EURUSD,M5,scalp,OPP_EURUSD_M5_202601300445,BULLISH,1.0,1.08,1.09,1.08,1.09,10009_DONE,0.5,3003,375.0,0.0037,
2026-01-30T04:46:00+00:00,2026-01-30T05:00:00+00:00,EURUSD,M5,scalp,OPP_EURUSD_M5_202601300446,BULLISH,1.0,1.08,1.08,1.08,1.09,10009_DONE,0.43,517,-250.0,-0.0025,
2026-01-30T04:47:00+00:00,2026-01-30T05:47:00+00:00,EURUSD,M5,scalp,OPP_EURUSD_M5_202601300447,BULLISH,1.0,1.08,1.08,1.08,1.09,10009_DONE,0.64,2327,-250.0,-0.0025,
2026-01-30T04:48:00+00:00,2026-01-30T05:11:00+00:00,EURUSD,M5,scalp,OPP_EURUSD_M5_202601300448,BULLISH,1.0,1.08,1.09,1.08,1.09,10010_PLACED,0.77,571,375.0,0.0037,
2026-01-30T04:49:00+00:00,2026-01-30T05:46:00+00:00,EURUSD,M5,scalp,OPP_EURUSD_M5_202601300449,BULLISH,1.0,1.08,1.08,1.08,1.09,10009_DONE,0.71,2221,-250.0,-0.0025,
2026-01-30T04:50:00+00:00,2026-01-30T04:55:00+00:00,EURUSD,M5,scalp,OPP_EURUSD_M5_202601300450,BULLISH,1.0,1.08,1.09,1.08,1.09,10009_DONE,0.6,1040,375.0,0.0037,
2026-01-30T04:51:00+00:00,2026-01-30T05:34:00+00:00,EURUSD,M5,scalp,OPP_EURUSD_M5_202601300451,BULLISH,1.0,1.08,1.08,1.08,1.09,10009_DONE,0.49,2393,-250.0,-0.0025,
2026-01-30T04:26:00+00:00,2026-01-30T05:10:00+00:00,EURUSD,M15,daytrade,OPP_EURUSD_M15_202601300426,BULLISH,1.0,1.08,1.09,1.08,1.09,10009_DONE,0.6,1353,375.0,0.0037,
2026-01-30T04:27:00+00:00,2026-01-30T05:18:00+00:00,EURUSD,M15,daytrade,OPP_EURUSD_M15_202601300427,BULLISH,1.0,1.08,1.09,1.08,1.09,10009_DONE,0.17,1933,375.0,0.0037,
2026-01-30T04:28:00+00:00,2026-01-30T05:12:00+00:00,EURUSD,M15,daytrade,OPP_EURUSD_M15_202601300428,BULLISH,1.0,1.08,1.09,1.08,1.09,10009_DONE,0.59,1758,375.0,0.0037,
2026-01-30T04:29:00+00:00,2026-01-30T04:45:00+00:00,EURUSD,M15,daytrade,OPP_EURUSD_M15_202601300429,BULLISH,1.0,1.08,1.09,1.08,1.09,10009_DONE,0.59,495,375.0,0.0037,
2026-01-30T04:30:00+00:00,2026-01-30T05:00:00+00:00,EURUSD,M15,daytrade,OPP_EURUSD_M15_202601300430,BULLISH,1.0,1.08,1.09,1.08,1.09,10009_DONE,0.45,1995,375.0,0.0037,
2026-01-30T04:31:00+00:00,2026-01-30T04:42:00+00:00,EURUSD,M15,daytrade,OPP_EURUSD_M15_202601300431,BULLISH,1.0,1.08,1.08,1.08,1.09,10009_DONE,0.29,2986,-250.0,-0.0025,
2026-01-30T04:32:00+00:00,2026-01-30T04:53:00+00:00,EURUSD,M15,daytrade,OPP_EURUSD_M15_202601300432,BULLISH,1.0,1.08,1.09,1.08,1.09,10009_DONE,0.29,2670,375.0,0.0037,
2026-01-30T04:33:00+00:00,2026-01-30T04:50:00+00:00,EURUSD,M15,daytrade,OPP_EURUSD_M15_202601300433,BULLISH,1.0,1.08,1.09,1.08,1.09,10009_DONE,0.18,2936,375.0,0.0037,
2026-01-30T04:34:00+00:00,2026-01-30T05:19:00+00:00,EURUSD,M15,daytrade,OPP_EURUSD_M15_202601300434,BULLISH,1.0,1.08,1.09,1.08,1.09,10009_DONE,0.79,2574,375.0,0.0037,
2026-01-30T04:35:00+00:00,2026-01-30T05:27:00+00:00,EURUSD,M15,daytrade,OPP_EURUSD_M15_202601300435,BULLISH,1.0,1.08,1.09,1.08,1.09,10009_DONE,0.21,3152,375.0,0.0037,
2026-01-30T04:36:00+00:00,2026-01-30T05:14:00+00:00,EURUSD,M15,daytrade,OPP_EURUSD_M15_202601300436,BULLISH,1.0,1.08,1.08,1.08,1.09,10009_DONE,0.18,894,-250.0,-0.0025,
2026-01-30T04:37:00+00:00,2026-01-30T05:34:00+00:00,EURUSD,M15,daytrade,OPP_EURUSD_M15_202601300437,BULLISH,1.0,1.08,1.08,1.08,1.09,10010_PLACED,0.27,684,-250.0,-0.0025,
2026-01-30T04:38:00+00:00,2026-01-30T04:55:00+00:00,EURUSD,M15,daytrade,OPP_EURUSD_M15_202601300438,BULLISH,1.0,1.08,1.09,1.08,1.09,10009_DONE,0.31,2731,375.0,0.0037,
2026-01-30T04:39:00+00:00,2026-01-30T04:56:00+00:00,EURUSD,M15,daytrade,OPP_EURUSD_M15_202601300439,BULLISH,1.0,1.08,1.09,1.08,1.09,10009_DONE,0.67,2873,375.0,0.0037,
2026-01-30T04:40:00+00:00,2026-01-30T04:58:00+00:00,EURUSD,M15,daytrade,OPP_EURUSD_M15_202601300440,BULLISH,1.0,1.08,1.08,1.08,1.09,10009_DONE,0.5,636,-250.0,-0.0025,
2026-01-30T04:41:00+00:00,2026-01-30T05:24:00+00:00,EURUSD,M15,daytrade,OPP_EURUSD_M15_202601300441,BULLISH,1.0,1.08,1.09,1.08,1.09,10009_DONE,0.32,3445,375.0,0.0037,
2026-01-30T04:42:00+00:00,2026-01-30T04:55:00+00:00,EURUSD,M15,daytrade,OPP_EURUSD_M15_202601300442,BULLISH,1.0,1.08,1.09,1.08,1.09,10009_DONE,0.26,3055,375.0,0.0037,
2026-01-30T04:43:00+00:00,2026-01-30T05:16:00+00:00,EURUSD,M15,daytrade,OPP_EURUSD_M15_202601300443,BULLISH,1.0,1.08,1.08,1.08,1.09,10009_DONE,0.68,3545,-250.0,-0.0025,
2026-01-30T04:44:00+00:00,2026-01-30T04:56:00+00:00,EURUSD,M15,daytrade,OPP_EURUSD_M15_202601300444,BULLISH,1.0,1.08,1.09,1.08,1.09,10009_DONE,0.57,2248,375.0,0.0037,
2026-01-30T04:45:00+00:00,2026-01-30T05:01:00+00:00,EURUSD,M15,daytrade,OPP_EURUSD_M15_202601300445,BULLISH,1.0,1.08,1.08,1.08,1.09,10009_DONE,0.12,607,-250.0,-0.0025,
2026-01-30T04:46:00+00:00,2026-01-30T05:36:00+00:00,EURUSD,M15,daytrade,OPP_EURUSD_M15_202601300446,BULLISH,1.0,1.08,1.09,1.08,1.09,10009_DONE,0.59,2440,375.0,0.0037,
2026-01-30T04:47:00+00:00,2026-01-30T05:17:00+00:00,EURUSD,M15,daytrade,OPP_EURUSD_M15_202601300447,BULLISH,1.0,1.08,1.09,1.08,1.09,10009_DONE,0.26,1507,375.0,0.0037,
2026-01-30T04:48:00+00:00,2026-01-30T05:46:00+00:00,EURUSD,M15,daytrade,OPP_EURUSD_M15_202601300448,BULLISH,1.0,1.08,1.09,1.08,1.09,10009_DONE,0.26,624,375.0,0.0037,
2026-01-30T04:49:00+00:00,2026-01-30T05:12:00+00:00,EURUSD,M15,daytrade,OPP_EURUSD_M15_202601300449,BULLISH,1.0,1.08,1.09,1.08,1.09,10009_DONE,0.37,1837,375.0,0.0037,
2026-01-30T04:50:00+00:00,2026-01-30T05:11:00+00:00,EURUSD,M15,daytrade,OPP_EURUSD_M15_202601300450,BULLISH,1.0,1.08,1.09,1.08,1.09,10009_DONE,0.78,3059,375.0,0.0037,
2026-01-30T04:51:00+00:00,2026-01-30T05:47:00+00:00,EURUSD,M15,daytrade,OPP_EURUSD_M15_202601300451,BULLISH,1.0,1.08,1.09,1.08,1.09,10009_DONE,0.14,1553,375.0,0.0037,
2026-01-30T04:52:00+00:00,2026-01-30T05:33:00+00:00,EURUSD,M15,daytrade,OPP_EURUSD_M15_202601300452,BULLISH,1.0,1.08,1.08,1.08,1.09,10009_DONE,0.47,2798,-250.0,-0.0025,
2026-01-30T04:53:00+00:00,2026-01-30T05:23:00+00:00,EURUSD,M15,daytrade,OPP_EURUSD_M15_202601300453,BULLISH,1.0,1.08,1.08,1.08,1.09,10009_DONE,0.37,3108,-250.0,-0.0025,
2026-01-30T04:54:00+00:00,2026-01-30T05:40:00+00:00,EURUSD,M15,daytrade,OPP_EURUSD_M15_202601300454,BULLISH,1.0,1.08,1.08,1.08,1.09,10009_DONE,0.16,1224,-250.0,-0.0025,
2026-01-30T04:55:00+00:00,2026-01-30T05:07:00+00:00,EURUSD,M15,daytrade,OPP_EURUSD_M15_202601300455,BULLISH,1.0,1.08,1.08,1.08,1.09,10009_DONE,0.3,1763,-250.0,-0.0025,
2026-01-30T04:56:00+00:00,2026-01-30T05:38:00+00:00,EURUSD,M15,daytrade,OPP_EURUSD_M15_202601300456,BULLISH,1.0,1.08,1.08,1.08,1.09,10009_DONE,0.57,2431,-250.0,-0.0025,
2026-01-30T04:57:00+00:00,2026-01-30T05:44:00+00:00,EURUSD,M15,daytrade,OPP_EURUSD_M15_202601300457,BULLISH,1.0,1.08,1.08,1.08,1.09,10009_DONE,0.65,1249,-250.0,-0.0025,
2026-01-30T04:58:00+00:00,2026-01-30T05:24:00+00:00,EURUSD,M15,daytrade,OPP_EURUSD_M15_202601300458,BULLISH,1.0,1.08,1.08,1.08,1.09,10009_DONE,0.74,732,-250.0,-0.0025,
2026-01-30T04:59:00+00:00,2026-01-30T05:49:00+00:00,EURUSD,M15,daytrade,OPP_EURUSD_M15_202601300459,BULLISH,1.0,1.08,1.09,1.08,1.09,10009_DONE,0.8,3500,375.0,0.0037,
2026-01-30T04:00:00+00:00,2026-01-30T04:54:00+00:00,EURUSD,M15,daytrade,OPP_EURUSD_M15_202601300400,BULLISH,1.0,1.08,1.08,1.08,1.09,10010_PLACED,0.51,563,-250.0,-0.0025,
2026-01-30T04:01:00+00:00,2026-01-30T04:16:00+00:00,EURUSD,M15,daytrade,OPP_EURUSD_M15_202601300401,BULLISH,1.0,1.08,1.09,1.08,1.09,10009_DONE,0.64,1061,375.0,0.0037,
2026-01-30T04:02:00+00:00,2026-01-30T04:27:00+00:00,EURUSD,M15,daytrade,OPP_EURUSD_M15_202601300402,BULLISH,1.0,1.08,1.08,1.08,1.09,10009_DONE,0.38,2771,-250.0,-0.0025,
2026-01-30T04:03:00+00:00,2026-01-30T04:09:00+00:00,EURUSD,M15,daytrade,OPP_EURUSD_M15_202601300403,BULLISH,1.0,1.08,1.08,1.08,1.09,10009_DONE,0.15,918,-250.0,-0.0025,
2026-01-30T04:04:00+00:00,2026-01-30T05:01:00+00:00,EURUSD,M15,daytrade,OPP_EURUSD_M15_202601300404,BULLISH,1.0,1.08,1.09,1.08,1.09,10009_DONE,0.79,550,375.0,0.0037,
2026-01-30T04:05:00+00:00,2026-01-30T04:46:00+00:00,EURUSD,M15,daytrade,OPP_EURUSD_M15_202601300405,BULLISH,1.0,1.08,1.09,1.08,1.09,10009_DONE,0.55,1006,375.0,0.0037,
2026-01-30T04:06:00+00:00,2026-01-30T04:13:00+00:00,EURUSD,M15,daytrade,OPP_EURUSD_M15_202601300406,BULLISH,1.0,1.08,1.09,1.08,1.09,10009_DONE,0.51,3309,375.0,0.0037,
2026-01-30T04:07:00+00:00,2026-01-30T04:50:00+00:00,EURUSD,M15,daytrade,OPP_EURUSD_M15_202601300407,BULLISH,1.0,1.08,1.09,1.08,1.09,10009_DONE,0.59,3232,375.0,0.0037,
2026-01-30T04:08:00+00:00,2026-01-30T04:37:00+00:00,EURUSD,M15,daytrade,OPP_EURUSD_M15_202601300408,BULLISH,1.0,1.08,1.09,1.08,1.09,10010_PLACED,0.53,1184,375.0,0.0037,
2026-01-30T04:09:00+00:00,2026-01-30T04:38:00+00:00,EURUSD,M15,daytrade,OPP_EURUSD_M15_202601300409,BULLISH,1.0,1.08,1.08,1.08,1.09,10009_DONE,0.65,1256,-250.0,-0.0025,
2026-01-30T04:10:00+00:00,2026-01-30T05:02:00+00:00,EURUSD,M15,daytrade,OPP_EURUSD_M15_202601300410,BULLISH,1.0,1.08,1.08,1.08,1.09,10009_DONE,0.55,3423,-250.0,-0.0025,
2026-01-30T04:11:00+00:00,2026-01-30T05:05:00+00:00,EURUSD,M15,daytrade,OPP_EURUSD_M15_202601300411,BULLISH,1.0,1.08,1.08,1.08,1.09,10009_DONE,0.55,3393,-250.0,-0.0025,
2026-01-30T04:12:00+00:00,2026-01-30T04:20:00+00:00,EURUSD,M15,daytrade,OPP_EURUSD_M15_202601300412,BULLISH,1.0,1.08,1.08,1.08,1.09,10009_DONE,0.25,727,-250.0,-0.0025,
2026-01-30T04:13:00+00:00,2026-01-30T04:51:00+00:00,EURUSD,M15,daytrade,OPP_EURUSD_M15_202601300413,BULLISH,1.0,1.08,1.09,1.08,1.09,10009_DONE,0.22,2796,375.0,0.0037,
2026-01-30T04:14:00+00:00,2026-01-30T04:59:00+00:00,EURUSD,M15,daytrade,OPP_EURUSD_M15_202601300414,BULLISH,1.0,1.08,1.09,1.08,1.09,10009_DONE,0.5,929,375.0,0.0037,
2026-01-30T04:15:00+00:00,2026-01-30T04:44:00+00:00,EURUSD,M15,daytrade,OPP_EURUSD_M15_202601300415,BULLISH,1.0,1.08,1.09,1.08,1.09,10009_DONE,0.65,2592,375.0,0.0037,
2026-01-30T04:16:00+00:00,2026-01-30T04:47:00+00:00,EURUSD,M15,daytrade,OPP_EURUSD_M15_202601300416,BULLISH,1.0,1.08,1.09,1.08,1.09,10009_DONE,0.11,3587,375.0,0.0037,
2026-01-30T04:17:00+00:00,2026-01-30T05:04:00+00:00,EURUSD,M15,daytrade,OPP_EURUSD_M15_202601300417,BULLISH,1.0,1.08,1.09,1.08,1.09,10009_DONE,0.75,1741,375.0,0.0037,
2026-01-30T04:18:00+00:00,2026-01-30T04:43:00+00:00,EURUSD,M15,daytrade,OPP_EURUSD_M15_202601300418,BULLISH,1.0,1.08,1.08,1.08,1.09,10009_DONE,0.62,2402,-250.0,-0.0025,
2026-01-30T04:19:00+00:00,2026-01-30T05:02:00+00:00,EURUSD,M15,daytrade,OPP_EURUSD_M15_202601300419,BULLISH,1.0,1.08,1.09,1.08,1.09,10009_DONE,0.64,638,375.0,0.0037,
2026-01-30T04:20:00+00:00,2026-01-30T04:49:00+00:00,EURUSD,M15,daytrade,OPP_EURUSD_M15_202601300420,BULLISH,1.0,1.08,1.09,1.08,1.09,10009_DONE,0.69,1798,375.0,0.0037,
2026-01-30T04:21:00+00:00,2026-01-30T04:41:00+00:00,EURUSD,M15,daytrade,OPP_EURUSD_M15_202601300421,BULLISH,1.0,1.08,1.09,1.08,1.09,10009_DONE,0.2,2907,375.0,0.0037,
2026-01-30T04:22:00+00:00,2026-01-30T05:06:00+00:00,EURUSD,M15,daytrade,OPP_EURUSD_M15_202601300422,BULLISH,1.0,1.08,1.08,1.08,1.09,10009_DONE,0.67,2010,-250.0,-0.0025,
2026-01-30T04:23:00+00:00,2026-01-30T04:46:00+00:00,EURUSD,M15,daytrade,OPP_EURUSD_M15_202601300423,BULLISH,1.0,1.08,1.08,1.08,1.09,10009_DONE,0.73,3323,-250.0,-0.0025,
2026-01-30T04:24:00+00:00,2026-01-30T05:09:00+00:00,EURUSD,M15,daytrade,OPP_EURUSD_M15_202601300424,BULLISH,1.0,1.08,1.09,1.08,1.09,10009_DONE,0.12,2936,375.0,0.0037,
2026-01-30T04:25:00+00:00,2026-01-30T04:54:00+00:00,EURUSD,M15,daytrade,OPP_EURUSD_M15_202601300425,BULLISH,1.0,1.08,1.08,1.08,1.09,10009_DONE,0.7,1785,-250.0,-0.0025,
2026-01-30T04:26:00+00:00,2026-01-30T05:08:00+00:00,EURUSD,M15,daytrade,OPP_EURUSD_M15_202601300426,BULLISH,1.0,1.08,1.09,1.08,1.09,10009_DONE,0.77,1290,375.0,0.0037,
2026-01-30T04:27:00+00:00,2026-01-30T05:22:00+00:00,EURUSD,M15,daytrade,OPP_EURUSD_M15_202601300427,BULLISH,1.0,1.08,1.09,1.08,1.09,10009_DONE,0.54,2885,375.0,0.0037,
2026-01-30T04:28:00+00:00,2026-01-30T05:21:00+00:00,EURUSD,M15,daytrade,OPP_EURUSD_M15_202601300428,BULLISH,1.0,1.08,1.08,1.08,1.09,10009_DONE,0.36,2618,-250.0,-0.0025,
2026-01-30T04:29:00+00:00,2026-01-30T04:59:00+00:00,EURUSD,M15,daytrade,OPP_EURUSD_M15_202601300429,BULLISH,1.0,1.08,1.09,1.08,1.09,10009_DONE,0.59,3014,375.0,0.0037,
2026-01-30T04:30:00+00:00,2026-01-30T04:50:00+00:00,EURUSD,M15,daytrade,OPP_EURUSD_M15_202601300430,BULLISH,1.0,1.08,1.09,1.08,1.09,10009_DONE,0.78,1645,375.0,0.0037,
2026-01-30T04:31:00+00:00,2026-01-30T05:00:00+00:00,EURUSD,M15,daytrade,OPP_EURUSD_M15_202601300431,BULLISH,1.0,1.08,1.08,1.08,1.09,10009_DONE,0.59,3281,-250.0,-0.0025,
2026-01-30T04:32:00+00:00,2026-01-30T05:18:00+00:00,EURUSD,M15,daytrade,OPP_EURUSD_M15_202601300432,BULLISH,1.0,1.08,1.08,1.08,1.09,10009_DONE,0.53,3108,-250.0,-0.0025,
2026-01-30T04:33:00+00:00,2026-01-30T04:47:00+00:00,EURUSD,M15,daytrade,OPP_EURUSD_M15_202601300433,BULLISH,1.0,1.08,1.08,1.08,1.09,10009_DONE,0.62,2536,-250.0,-0.0025,
2026-01-30T04:34:00+00:00,2026-01-30T05:04:00+00:00,EURUSD,M15,daytrade,OPP_EURUSD_M15_202601300434,BULLISH,1.0,1.08,1.09,1.08,1.09,10009_DONE,0.7,3483,375.0,0.0037,
2026-01-30T04:35:00+00:00,2026-01-30T04:53:00+00:00,EURUSD,M15,daytrade,OPP_EURUSD_M15_202601300435,BULLISH,1.0,1.08,1.09,1.08,1.09,10009_DONE,0.2,1070,375.0,0.0037,
2026-01-30T04:36:00+00:00,2026-01-30T04:46:00+00:00,EURUSD,M15,daytrade,OPP_EURUSD_M15_202601300436,BULLISH,1.0,1.08,1.09,1.08,1.09,10009_DONE,0.42,300,375.0,0.0037,
2026-01-30T04:37:00+00:00,2026-01-30T05:25:00+00:00,EURUSD,M15,daytrade,OPP_EURUSD_M15_202601300437,BULLISH,1.0,1.08,1.09,1.08,1.09,10009_DONE,0.68,2516,375.0,0.0037,
2026-01-30T04:38:00+00:00,2026-01-30T05:14:00+00:00,EURUSD,M15,daytrade,OPP_EURUSD_M15_202601300438,BULLISH,1.0,1.08,1.09,1.08,1.09,10009_DONE,0.12,3288,375.0,0.0037,
2026-01-30T04:39:00+00:00,2026-01-30T04:59:00+00:00,EURUSD,M15,daytrade,OPP_EURUSD_M15_202601300439,BULLISH,1.0,1.08,1.09,1.08,1.09,10009_DONE,0.6,1475,375.0,0.0037,
2026-01-30T04:40:00+00:00,2026-01-30T05:26:00+00:00,EURUSD,M15,daytrade,OPP_EURUSD_M15_202601300440,BULLISH,1.0,1.08,1.09,1.08,1.09,10009_DONE,0.7,2306,375.0,0.0037,
2026-01-30T04:41:00+00:00,2026-01-30T05:19:00+00:00,EURUSD,M15,daytrade,OPP_EURUSD_M15_202601300441,BULLISH,1.0,1.08,1.08,1.08,1.09,10009_DONE,0.23,1387,-250.0,-0.0025,
2026-01-30T04:42:00+00:00,2026-01-30T04:58:00+00:00,EURUSD,M15,daytrade,OPP_EURUSD_M15_202601300442,BULLISH,1.0,1.08,1.09,1.08,1.09,10009_DONE,0.62,624,375.0,0.0037,
2026-01-30T04:43:00+00:00,2026-01-30T05:39:00+00:00,EURUSD,M15,daytrade,OPP_EURUSD_M15_202601300443,BULLISH,1.0,1.08,1.09,1.08,1.09,10009_DONE,0.41,3519,375.0,0.0037,
2026-01-30T04:44:00+00:00,2026-01-30T05:01:00+00:00,EURUSD,M15,daytrade,OPP_EURUSD_M15_202601300444,BULLISH,1.0,1.08,1.09,1.08,1.09,10009_DONE,0.37,3553,375.0,0.0037,
2026-01-30T04:45:00+00:00,2026-01-30T05:22:00+00:00,EURUSD,M15,daytrade,OPP_EURUSD_M15_202601300445,BULLISH,1.0,1.08,1.09,1.08,1.09,10009_DONE,0.32,1696,375.0,0.0037,
2026-01-30T04:46:00+00:00,2026-01-30T05:03:00+00:00,EURUSD,M15,daytrade,OPP_EURUSD_M15_202601300446,BULLISH,1.0,1.08,1.09,1.08,1.09,10009_DONE,0.31,1927,375.0,0.0037,
2026-01-30T04:47:00+00:00,2026-01-30T05:22:00+00:00,EURUSD,M15,daytrade,OPP_EURUSD_M15_202601300447,BULLISH,1.0,1.08,1.09,1.08,1.09,10009_DONE,0.11,1152,375.0,0.0037,
2026-01-30T04:48:00+00:00,2026-01-30T05:35:00+00:00,EURUSD,M15,daytrade,OPP_EURUSD_M15_202601300448,BULLISH,1.0,1.08,1.08,1.08,1.09,10009_DONE,0.49,988,-250.0,-0.0025,
2026-01-30T04:49:00+00:00,2026-01-30T05:44:00+00:00,EURUSD,M15,daytrade,OPP_EURUSD_M15_202601300449,BULLISH,1.0,1.08,1.09,1.08,1.09,10009_DONE,0.78,1058,375.0,0.0037,
2026-01-30T04:50:00+00:00,2026-01-30T05:30:00+00:00,EURUSD,M15,daytrade,OPP_EURUSD_M15_202601300450,BULLISH,1.0,1.08,1.09,1.08,1.09,10009_DONE,0.24,1732,375.0,0.0037,
2026-01-30T04:51:00+00:00,2026-01-30T05:22:00+00:00,EURUSD,M15,daytrade,OPP_EURUSD_M15_202601300451,BULLISH,1.0,1.08,1.09,1.08,1.09,10009_DONE,0.23,3397,375.0,0.0037,
2026-01-30T04:26:00+00:00,2026-01-30T05:26:00+00:00,EURUSD,H1,daytrade,OPP_EURUSD_H1_202601300426,BULLISH,1.0,1.08,1.09,1.08,1.09,10009_DONE,0.15,1624,375.0,0.0037,
2026-01-30T04:27:00+00:00,2026-01-30T05:20:00+00:00,EURUSD,H1,daytrade,OPP_EURUSD_H1_202601300427,BULLISH,1.0,1.08,1.09,1.08,1.09,10009_DONE,0.22,873,375.0,0.0037,
2026-01-30T04:28:00+00:00,2026-01-30T05:23:00+00:00,EURUSD,H1,daytrade,OPP_EURUSD_H1_202601300428,BULLISH,1.0,1.08,1.08,1.08,1.09,10009_DONE,0.66,1509,-250.0,-0.0025,
2026-01-30T04:29:00+00:00,2026-01-30T05:25:00+00:00,EURUSD,H1,daytrade,OPP_EURUSD_H1_202601300429,BULLISH,1.0,1.08,1.09,1.08,1.09,10009_DONE,0.53,3304,375.0,0.0037,
2026-01-30T04:30:00+00:00,2026-01-30T04:54:00+00:00,EURUSD,H1,daytrade,OPP_EURUSD_H1_202601300430,BULLISH,1.0,1.08,1.08,1.08,1.09,10009_DONE,0.23,2523,-250.0,-0.0025,
2026-01-30T04:31:00+00:00,2026-01-30T05:26:00+00:00,EURUSD,H1,daytrade,OPP_EURUSD_H1_202601300431,BULLISH,1.0,1.08,1.09,1.08,1.09,10009_DONE,0.6,1008,375.0,0.0037,
2026-01-30T04:32:00+00:00,2026-01-30T05:20:00+00:00,EURUSD,H1,daytrade,OPP_EURUSD_H1_202601300432,BULLISH,1.0,1.08,1.08,1.08,1.09,10009_DONE,0.6,1779,-250.0,-0.0025,
2026-01-30T04:33:00+00:00,2026-01-30T04:40:00+00:00,EURUSD,H1,daytrade,OPP_EURUSD_H1_202601300433,BULLISH,1.0,1.08,1.09,1.08,1.09,10009_DONE,0.43,2541,375.0,0.0037,
2026-01-30T04:34:00+00:00,2026-01-30T05:01:00+00:00,EURUSD,H1,daytrade,OPP_EURUSD_H1_202601300434,BULLISH,1.0,1.08,1.08,1.08,1.09,10009_DONE,0.27,428,-250.0,-0.0025,
2026-01-30T04:35:00+00:00,2026-01-30T04:44:00+00:00,EURUSD,H1,daytrade,OPP_EURUSD_H1_202601300435,BULLISH,1.0,1.08,1.09,1.08,1.09,10009_DONE,0.52,1588,375.0,0.0037,
2026-01-30T04:36:00+00:00,2026-01-30T05:36:00+00:00,EURUSD,H1,daytrade,OPP_EURUSD_H1_202601300436,BULLISH,1.0,1.08,1.08,1.08,1.09,10009_DONE,0.18,3105,-250.0,-0.0025,
2026-01-30T04:37:00+00:00,2026-01-30T04:52:00+00:00,EURUSD,H1,daytrade,OPP_EURUSD_H1_202601300437,BULLISH,1.0,1.08,1.08,1.08,1.09,10009_DONE,0.2,2416,-250.0,-0.0025,
2026-01-30T04:38:00+00:00,2026-01-30T05:25:00+00:00,EURUSD,H1,daytrade,OPP_EURUSD_H1_202601300438,BULLISH,1.0,1.08,1.08,1.08,1.09,10009_DONE,0.26,384,-250.0,-0.0025,
2026-01-30T04:39:00+00:00,2026-01-30T05:03:00+00:00,EURUSD,H1,daytrade,OPP_EURUSD_H1_202601300439,BULLISH,1.0,1.08,1.08,1.08,1.09,10009_DONE,0.73,302,-250.0,-0.0025,
2026-01-30T04:40:00+00:00,2026-01-30T05:29:00+00:00,EURUSD,H1,daytrade,OPP_EURUSD_H1_202601300440,BULLISH,1.0,1.08,1.09,1.08,1.09,10009_DONE,0.21,2342,375.0,0.0037,
2026-01-30T04:41:00+00:00,2026-01-30T04:49:00+00:00,EURUSD,H1,daytrade,OPP_EURUSD_H1_202601300441,BULLISH,1.0,1.08,1.09,1.08,1.09,10009_DONE,0.3,2956,375.0,0.0037,
2026-01-30T04:42:00+00:00,2026-01-30T05:41:00+00:00,EURUSD,H1,daytrade,OPP_EURUSD_H1_202601300442,BULLISH,1.0,1.08,1.09,1.08,1.09,10009_DONE,0.69,1733,375.0,0.0037,
2026-01-30T04:43:00+00:00,2026-01-30T05:24:00+00:00,EURUSD,H1,daytrade,OPP_EURUSD_H1_202601300443,BULLISH,1.0,1.08,1.08,1.08,1.09,10009_DONE,0.16,2470,-250.0,-0.0025,
2026-01-30T04:44:00+00:00,2026-01-30T05:33:00+00:00,EURUSD,H1,daytrade,OPP_EURUSD_H1_202601300444,BULLISH,1.0,1.08,1.08,1.08,1.09,10009_DONE,0.25,2052,-250.0,-0.0025,
2026-01-30T04:45:00+00:00,2026-01-30T05:35:00+00:00,EURUSD,H1,daytrade,OPP_EURUSD_H1_202601300445,BULLISH,1.0,1.08,1.09,1.08,1.09,10009_DONE,0.47,3514,375.0,0.0037,
2026-01-30T04:46:00+00:00,2026-01-30T04:52:00+00:00,EURUSD,H1,daytrade,OPP_EURUSD_H1_202601300446,BULLISH,1.0,1.08,1.09,1.08,1.09,10009_DONE,0.75,1283,375.0,0.0037,
2026-01-30T04:47:00+00:00,2026-01-30T05:05:00+00:00,EURUSD,H1,daytrade,OPP_EURUSD_H1_202601300447,BULLISH,1.0,1.08,1.09,1.08,1.09,10009_DONE,0.76,2853,375.0,0.0037,
2026-01-30T04:48:00+00:00,2026-01-30T05:31:00+00:00,EURUSD,H1,daytrade,OPP_EURUSD_H1_202601300448,BULLISH,1.0,1.08,1.09,1.08,1.09,10009_DONE,0.69,2070,375.0,0.0037,
2026-01-30T04:49:00+00:00,2026-01-30T05:36:00+00:00,EURUSD,H1,daytrade,OPP_EURUSD_H1_202601300449,BULLISH,1.0,1.08,1.08,1.08,1.09,10009_DONE,0.79,3530,-250.0,-0.0025,
2026-01-30T04:50:00+00:00,2026-01-30T05:07:00+00:00,EURUSD,H1,daytrade,OPP_EURUSD_H1_202601300450,BULLISH,1.0,1.08,1.08,1.08,1.09,10009_DONE,0.53,3306,-250.0,-0.0025,
2026-01-30T04:51:00+00:00,2026-01-30T05:47:00+00:00,EURUSD,H1,daytrade,OPP_EURUSD_H1_202601300451,BULLISH,1.0,1.08,1.08,1.08,1.09,10009_DONE,0.5,1424,-250.0,-0.0025,
2026-01-30T04:52:00+00:00,2026-01-30T05:40:00+00:00,EURUSD,H1,daytrade,OPP_EURUSD_H1_202601300452,BULLISH,1.0,1.08,1.09,1.08,1.09,10009_DONE,0.16,3269,375.0,0.0037,
2026-01-30T04:53:00+00:00,2026-01-30T05:31:00+00:00,EURUSD,H1,daytrade,OPP_EURUSD_H1_202601300453,BULLISH,1.0,1.08,1.09,1.08,1.09,10009_DONE,0.72,783,375.0,0.0037,
2026-01-30T04:54:00+00:00,2026-01-30T05:12:00+00:00,EURUSD,H1,daytrade,OPP_EURUSD_H1_202601300454,BULLISH,1.0,1.08,1.09,1.08,1.09,10009_DONE,0.72,2035,375.0,0.0037,
2026-01-30T04:55:00+00:00,2026-01-30T05:17:00+00:00,EURUSD,H1,daytrade,OPP_EURUSD_H1_202601300455,BULLISH,1.0,1.08,1.08,1.08,1.09,10009_DONE,0.78,662,-250.0,-0.0025,
2026-01-30T04:56:00+00:00,2026-01-30T05:01:00+00:00,EURUSD,H1,daytrade,OPP_EURUSD_H1_202601300456,BULLISH,1.0,1.08,1.08,1.08,1.09,10009_DONE,0.25,863,-250.0,-0.0025,
2026-01-30T04:57:00+00:00,2026-01-30T05:15:00+00:00,EURUSD,H1,daytrade,OPP_EURUSD_H1_202601300457,BULLISH,1.0,1.08,1.08,1.08,1.09,10009_DONE,0.41,1067,-250.0,-0.0025,
2026-01-30T04:58:00+00:00,2026-01-30T05:57:00+00:00,EURUSD,H1,daytrade,OPP_EURUSD_H1_202601300458,BULLISH,1.0,1.08,1.09,1.08,1.09,10009_DONE,0.29,1743,375.0,0.0037,
2026-01-30T04:59:00+00:00,2026-01-30T05:19:00+00:00,EURUSD,H1,daytrade,OPP_EURUSD_H1_202601300459,BULLISH,1.0,1.08,1.09,1.08,1.09,10009_DONE,0.33,994,375.0,0.0037,
2026-01-30T04:00:00+00:00,2026-01-30T04:24:00+00:00,EURUSD,H1,daytrade,OPP_EURUSD_H1_202601300400,BULLISH,1.0,1.08,1.08,1.08,1.09,10009_DONE,0.14,2957,-250.0,-0.0025,
2026-01-30T04:01:00+00:00,2026-01-30T04:14:00+00:00,EURUSD,H1,daytrade,OPP_EURUSD_H1_202601300401,BULLISH,1.0,1.08,1.08,1.08,1.09,10009_DONE,0.65,627,-250.0,-0.0025,
2026-01-30T04:02:00+00:00,2026-01-30T04:24:00+00:00,EURUSD,H1,daytrade,OPP_EURUSD_H1_202601300402,BULLISH,1.0,1.08,1.08,1.08,1.09,10009_DONE,0.36,991,-250.0,-0.0025,
2026-01-30T04:03:00+00:00,2026-01-30T05:01:00+00:00,EURUSD,H1,daytrade,OPP_EURUSD_H1_202601300403,BULLISH,1.0,1.08,1.09,1.08,1.09,10009_DONE,0.19,1905,375.0,0.0037,
2026-01-30T04:04:00+00:00,2026-01-30T04:20:00+00:00,EURUSD,H1,daytrade,OPP_EURUSD_H1_202601300404,BULLISH,1.0,1.08,1.09,1.08,1.09,10009_DONE,0.47,744,375.0,0.0037,
2026-01-30T04:05:00+00:00,2026-01-30T04:46:00+00:00,EURUSD,H1,daytrade,OPP_EURUSD_H1_202601300405,BULLISH,1.0,1.08,1.09,1.08,1.09,10010_PLACED,0.63,2979,375.0,0.0037,
2026-01-30T04:06:00+00:00,2026-01-30T04:23:00+00:00,EURUSD,H1,daytrade,OPP_EURUSD_H1_202601300406,BULLISH,1.0,1.08,1.08,1.08,1.09,10009_DONE,0.2,351,-250.0,-0.0025,
2026-01-30T04:07:00+00:00,2026-01-30T04:30:00+00:00,EURUSD,H1,daytrade,OPP_EURUSD_H1_202601300407,BULLISH,1.0,1.08,1.09,1.08,1.09,10009_DONE,0.62,1442,375.0,0.0037,
2026-01-30T04:08:00+00:00,2026-01-30T04:45:00+00:00,EURUSD,H1,daytrade,OPP_EURUSD_H1_202601300408,BULLISH,1.0,1.08,1.09,1.08,1.09,10009_DONE,0.72,3254,375.0,0.0037,
2026-01-30T04:09:00+00:00,2026-01-30T04:23:00+00:00,EURUSD,H1,daytrade,OPP_EURUSD_H1_202601300409,BULLISH,1.0,1.08,1.09,1.08,1.09,10009_DONE,0.71,1039,375.0,0.0037,
2026-01-30T04:10:00+00:00,2026-01-30T04:37:00+00:00,EURUSD,H1,daytrade,OPP_EURUSD_H1_202601300410,BULLISH,1.0,1.08,1.09,1.08,1.09,10009_DONE,0.47,2707,375.0,0.0037,
2026-01-30T04:11:00+00:00,2026-01-30T04:49:00+00:00,EURUSD,H1,daytrade,OPP_EURUSD_H1_202601300411,BULLISH,1.0,1.08,1.09,1.08,1.09,10009_DONE,0.25,1289,375.0,0.0037,
2026-01-30T04:12:00+00:00,2026-01-30T05:02:00+00:00,EURUSD,H1,daytrade,OPP_EURUSD_H1_202601300412,BULLISH,1.0,1.08,1.09,1.08,1.09,10009_DONE,0.34,1879,375.0,0.0037,
2026-01-30T04:13:00+00:00,2026-01-30T04:20:00+00:00,EURUSD,H1,daytrade,OPP_EURUSD_H1_202601300413,BULLISH,1.0,1.08,1.08,1.08,1.09,10009_DONE,0.56,757,-250.0,-0.0025,
2026-01-30T04:14:00+00:00,2026-01-30T04:35:00+00:00,EURUSD,H1,daytrade,OPP_EURUSD_H1_202601300414,BULLISH,1.0,1.08,1.09,1.08,1.09,10009_DONE,0.58,3119,375.0,0.0037,
2026-01-30T04:15:00+00:00,2026-01-30T04:43:00+00:00,EURUSD,H1,daytrade,OPP_EURUSD_H1_202601300415,BULLISH,1.0,1.08,1.08,1.08,1.09,10009_DONE,0.43,3447,-250.0,-0.0025,
2026-01-30T04:16:00+00:00,2026-01-30T04:42:00+00:00,EURUSD,H1,daytrade,OPP_EURUSD_H1_202601300416,BULLISH,1.0,1.08,1.08,1.08,1.09,10010_PLACED,0.62,3329,-250.0,-0.0025,
2026-01-30T04:17:00+00:00,2026-01-30T05:01:00+00:00,EURUSD,H1,daytrade,OPP_EURUSD_H1_202601300417,BULLISH,1.0,1.08,1.08,1.08,1.09,10010_PLACED,0.61,783,-250.0,-0.0025,
2026-01-30T04:18:00+00:00,2026-01-30T04:44:00+00:00,EURUSD,H1,daytrade,OPP_EURUSD_H1_202601300418,BULLISH,1.0,1.08,1.09,1.08,1.09,10009_DONE,0.75,2832,375.0,0.0037,
2026-01-30T04:19:00+00:00,2026-01-30T04:27:00+00:00,EURUSD,H1,daytrade,OPP_EURUSD_H1_202601300419,BULLISH,1.0,1.08,1.09,1.08,1.09,10009_DONE,0.6,3028,375.0,0.0037,
2026-01-30T04:20:00+00:00,2026-01-30T04:39:00+00:00,EURUSD,H1,daytrade,OPP_EURUSD_H1_202601300420,BULLISH,1.0,1.08,1.09,1.08,1.09,10009_DONE,0.29,3479,375.0,0.0037,
2026-01-30T04:21:00+00:00,2026-01-30T04:53:00+00:00,EURUSD,H1,daytrade,OPP_EURUSD_H1_202601300421,BULLISH,1.0,1.08,1.09,1.08,1.09,10010_PLACED,0.24,864,375.0,0.0037,
2026-01-30T04:22:00+00:00,2026-01-30T05:10:00+00:00,EURUSD,H1,daytrade,OPP_EURUSD_H1_202601300422,BULLISH,1.0,1.08,1.09,1.08,1.09,10009_DONE,0.26,1935,375.0,0.0037,
2026-01-30T04:23:00+00:00,2026-01-30T05:03:00+00:00,EURUSD,H1,daytrade,OPP_EURUSD_H1_202601300423,BULLISH,1.0,1.08,1.09,1.08,1.09,10009_DONE,0.58,447,375.0,0.0037,
2026-01-30T04:24:00+00:00,2026-01-30T05:17:00+00:00,EURUSD,H1,daytrade,OPP_EURUSD_H1_202601300424,BULLISH,1.0,1.08,1.08,1.08,1.09,10009_DONE,0.51,437,-250.0,-0.0025,
2026-01-30T04:25:00+00:00,2026-01-30T04:39:00+00:00,EURUSD,H1,daytrade,OPP_EURUSD_H1_202601300425,BULLISH,1.0,1.08,1.09,1.08,1.09,10009_DONE,0.61,403,375.0,0.0037,
2026-01-30T04:26:00+00:00,2026-01-30T04:51:00+00:00,EURUSD,H1,daytrade,OPP_EURUSD_H1_202601300426,BULLISH,1.0,1.08,1.09,1.08,1.09,10009_DONE,0.74,1568,375.0,0.0037,
2026-01-30T04:27:00+00:00,2026-01-30T04:34:00+00:00,EURUSD,H1,daytrade,OPP_EURUSD_H1_202601300427,BULLISH,1.0,1.08,1.09,1.08,1.09,10009_DONE,0.36,1477,375.0,0.0037,
2026-01-30T04:28:00+00:00,2026-01-30T05:16:00+00:00,EURUSD,H1,daytrade,OPP_EURUSD_H1_202601300428,BULLISH,1.0,1.08,1.09,1.08,1.09,10009_DONE,0.58,547,375.0,0.0037,
2026-01-30T04:29:00+00:00,2026-01-30T05:05:00+00:00,EURUSD,H1,daytrade,OPP_EURUSD_H1_202601300429,BULLISH,1.0,1.08,1.09,1.08,1.09,10009_DONE,0.29,1618,375.0,0.0037,
2026-01-30T04:30:00+00:00,2026-01-30T04:37:00+00:00,EURUSD,H1,daytrade,OPP_EURUSD_H1_202601300430,BULLISH,1.0,1.08,1.09,1.08,1.09,10009_DONE,0.6,475,375.0,0.0037,
2026-01-30T04:31:00+00:00,2026-01-30T05:18:00+00:00,EURUSD,H1,daytrade,OPP_EURUSD_H1_202601300431,BULLISH,1.0,1.08,1.08,1.08,1.09,10009_DONE,0.57,2698,-250.0,-0.0025,
2026-01-30T04:32:00+00:00,2026-01-30T04:38:00+00:00,EURUSD,H1,daytrade,OPP_EURUSD_H1_202601300432,BULLISH,1.0,1.08,1.09,1.08,1.09,10009_DONE,0.1,2005,375.0,0.0037,
2026-01-30T04:33:00+00:00,2026-01-30T04:51:00+00:00,EURUSD,H1,daytrade,OPP_EURUSD_H1_202601300433,BULLISH,1.0,1.08,1.09,1.08,1.09,10009_DONE,0.67,2817,375.0,0.0037,
2026-01-30T04:34:00+00:00,2026-01-30T05:18:00+00:00,EURUSD,H1,daytrade,OPP_EURUSD_H1_202601300434,BULLISH,1.0,1.08,1.09,1.08,1.09,10009_DONE,0.42,2840,375.0,0.0037,
2026-01-30T04:35:00+00:00,2026-01-30T05:15:00+00:00,EURUSD,H1,daytrade,OPP_EURUSD_H1_202601300435,BULLISH,1.0,1.08,1.09,1.08,1.09,10009_DONE,0.79,3599,375.0,0.0037,
2026-01-30T04:36:00+00:00,2026-01-30T04:42:00+00:00,EURUSD,H1,daytrade,OPP_EURUSD_H1_202601300436,BULLISH,1.0,1.08,1.08,1.08,1.09,10009_DONE,0.11,2379,-250.0,-0.0025,
2026-01-30T04:37:00+00:00,2026-01-30T05:33:00+00:00,EURUSD,H1,daytrade,OPP_EURUSD_H1_202601300437,BULLISH,1.0,1.08,1.08,1.08,1.09,10009_DONE,0.17,2069,-250.0,-0.0025,
2026-01-30T04:38:00+00:00,2026-01-30T05:38:00+00:00,EURUSD,H1,daytrade,OPP_EURUSD_H1_202601300438,BULLISH,1.0,1.08,1.08,1.08,1.09,10009_DONE,0.47,2238,-250.0,-0.0025,
2026-01-30T04:39:00+00:00,2026-01-30T05:29:00+00:00,EURUSD,H1,daytrade,OPP_EURUSD_H1_202601300439,BULLISH,1.0,1.08,1.09,1.08,1.09,10009_DONE,0.22,3247,375.0,0.0037,
2026-01-30T04:40:00+00:00,2026-01-30T04:57:00+00:00,EURUSD,H1,daytrade,OPP_EURUSD_H1_202601300440,BULLISH,1.0,1.08,1.09,1.08,1.09,10010_PLACED,0.57,446,375.0,0.0037,
2026-01-30T04:41:00+00:00,2026-01-30T04:53:00+00:00,EURUSD,H1,daytrade,OPP_EURUSD_H1_202601300441,BULLISH,1.0,1.08,1.09,1.08,1.09,10009_DONE,0.68,1881,375.0,0.0037,
2026-01-30T04:42:00+00:00,2026-01-30T05:12:00+00:00,EURUSD,H1,daytrade,OPP_EURUSD_H1_202601300442,BULLISH,1.0,1.08,1.09,1.08,1.09,10009_DONE,0.2,1430,375.0,0.0037,
2026-01-30T04:43:00+00:00,2026-01-30T04:49:00+00:00,EURUSD,H1,daytrade,OPP_EURUSD_H1_202601300443,BULLISH,1.0,1.08,1.09,1.08,1.09,10009_DONE,0.69,1727,375.0,0.0037,
2026-01-30T04:44:00+00:00,2026-01-30T05:14:00+00:00,EURUSD,H1,daytrade,OPP_EURUSD_H1_202601300444,BULLISH,1.0,1.08,1.09,1.08,1.09,10009_DONE,0.48,2941,375.0,0.0037,
2026-01-30T04:45:00+00:00,2026-01-30T04:59:00+00:00,EURUSD,H1,daytrade,OPP_EURUSD_H1_202601300445,BULLISH,1.0,1.08,1.09,1.08,1.09,10009_DONE,0.21,1380,375.0,0.0037,
2026-01-30T04:46:00+00:00,2026-01-30T05:10:00+00:00,EURUSD,H1,daytrade,OPP_EURUSD_H1_202601300446,BULLISH,1.0,1.08,1.09,1.08,1.09,10009_DONE,0.48,962,375.0,0.0037,
2026-01-30T04:47:00+00:00,2026-01-30T04:56:00+00:00,EURUSD,H1,daytrade,OPP_EURUSD_H1_202601300447,BULLISH,1.0,1.08,1.08,1.08,1.09,10009_DONE,0.48,2125,-250.0,-0.0025,
2026-01-30T04:48:00+00:00,2026-01-30T05:48:00+00:00,EURUSD,H1,daytrade,OPP_EURUSD_H1_202601300448,BULLISH,1.0,1.08,1.09,1.08,1.09,10009_DONE,0.71,2417,375.0,0.0037,
2026-01-30T04:49:00+00:00,2026-01-30T04:55:00+00:00,EURUSD,H1,daytrade,OPP_EURUSD_H1_202601300449,BULLISH,1.0,1.08,1.09,1.08,1.09,10009_DONE,0.67,1346,375.0,0.0037,
2026-01-30T04:50:00+00:00,2026-01-30T05:44:00+00:00,EURUSD,H1,daytrade,OPP_EURUSD_H1_202601300450,BULLISH,1.0,1.08,1.09,1.08,1.09,10009_DONE,0.24,499,375.0,0.0037,
2026-01-30T04:51:00+00:00,2026-01-30T05:47:00+00:00,EURUSD,H1,daytrade,OPP_EURUSD_H1_202601300451,BULLISH,1.0,1.08,1.09,1.08,1.09,10010_PLACED,0.14,3253,375.0,0.0037,
2026-01-30T04:26:00+00:00,2026-01-30T04:44:00+00:00,EURUSD,H4,swing,OPP_EURUSD_H4_202601300426,BULLISH,1.0,1.08,1.09,1.08,1.09,10009_DONE,0.3,806,375.0,0.0037,
2026-01-30T04:27:00+00:00,2026-01-30T04:34:00+00:00,EURUSD,H4,swing,OPP_EURUSD_H4_202601300427,BULLISH,1.0,1.08,1.09,1.08,1.09,10009_DONE,0.18,1742,375.0,0.0037,
2026-01-30T04:28:00+00:00,2026-01-30T05:12:00+00:00,EURUSD,H4,swing,OPP_EURUSD_H4_202601300428,BULLISH,1.0,1.08,1.08,1.08,1.09,10009_DONE,0.39,1107,-250.0,-0.0025,
2026-01-30T04:29:00+00:00,2026-01-30T04:50:00+00:00,EURUSD,H4,swing,OPP_EURUSD_H4_202601300429,BULLISH,1.0,1.08,1.09,1.08,1.09,10009_DONE,0.45,926,375.0,0.0037,
2026-01-30T04:30:00+00:00,2026-01-30T05:19:00+00:00,EURUSD,H4,swing,OPP_EURUSD_H4_202601300430,BULLISH,1.0,1.08,1.09,1.08,1.09,10009_DONE,0.17,2581,375.0,0.0037,
2026-01-30T04:31:00+00:00,2026-01-30T05:21:00+00:00,EURUSD,H4,swing,OPP_EURUSD_H4_202601300431,BULLISH,1.0,1.08,1.09,1.08,1.09,10009_DONE,0.68,2124,375.0,0.0037,
2026-01-30T04:32:00+00:00,2026-01-30T04:41:00+00:00,EURUSD,H4,swing,OPP_EURUSD_H4_202601300432,BULLISH,1.0,1.08,1.09,1.08,1.09,10009_DONE,0.3,2652,375.0,0.0037,
2026-01-30T04:33:00+00:00,2026-01-30T04:50:00+00:00,EURUSD,H4,swing,OPP_EURUSD_H4_202601300433,BULLISH,1.0,1.08,1.08,1.08,1.09,10009_DONE,0.36,541,-250.0,-0.0025,
2026-01-30T04:34:00+00:00,2026-01-30T05:33:00+00:00,EURUSD,H4,swing,OPP_EURUSD_H4_202601300434,BULLISH,1.0,1.08,1.09,1.08,1.09,10009_DONE,0.76,3303,375.0,0.0037,
2026-01-30T04:35:00+00:00,2026-01-30T04:43:00+00:00,EURUSD,H4,swing,OPP_EURUSD_H4_202601300435,BULLISH,1.0,1.08,1.08,1.08,1.09,10009_DONE,0.74,1265,-250.0,-0.0025,
2026-01-30T04:36:00+00:00,2026-01-30T05:18:00+00:00,EURUSD,H4,swing,OPP_EURUSD_H4_202601300436,BULLISH,1.0,1.08,1.09,1.08,1.09,10009_DONE,0.16,3115,375.0,0.0037,
2026-01-30T04:37:00+00:00,2026-01-30T05:28:00+00:00,EURUSD,H4,swing,OPP_EURUSD_H4_202601300437,BULLISH,1.0,1.08,1.08,1.08,1.09,10009_DONE,0.59,2182,-250.0,-0.0025,
2026-01-30T04:38:00+00:00,2026-01-30T04:48:00+00:00,EURUSD,H4,swing,OPP_EURUSD_H4_202601300438,BULLISH,1.0,1.08,1.09,1.08,1.09,10010_PLACED,0.59,3326,375.0,0.0037,
2026-01-30T04:39:00+00:00,2026-01-30T04:45:00+00:00,EURUSD,H4,swing,OPP_EURUSD_H4_202601300439,BULLISH,1.0,1.08,1.08,1.08,1.09,10009_DONE,0.63,1286,-250.0,-0.0025,
2026-01-30T04:40:00+00:00,2026-01-30T05:06:00+00:00,EURUSD,H4,swing,OPP_EURUSD_H4_202601300440,BULLISH,1.0,1.08,1.09,1.08,1.09,10010_PLACED,0.77,1973,375.0,0.0037,
2026-01-30T04:41:00+00:00,2026-01-30T05:19:00+00:00,EURUSD,H4,swing,OPP_EURUSD_H4_202601300441,BULLISH,1.0,1.08,1.09,1.08,1.09,10009_DONE,0.66,787,375.0,0.0037,
2026-01-30T04:42:00+00:00,2026-01-30T05:25:00+00:00,EURUSD,H4,swing,OPP_EURUSD_H4_202601300442,BULLISH,1.0,1.08,1.09,1.08,1.09,10009_DONE,0.66,1788,375.0,0.0037,
2026-01-30T04:43:00+00:00,2026-01-30T05:26:00+00:00,EURUSD,H4,swing,OPP_EURUSD_H4_202601300443,BULLISH,1.0,1.08,1.08,1.08,1.09,10009_DONE,0.4,707,-250.0,-0.0025,
2026-01-30T04:44:00+00:00,2026-01-30T05:37:00+00:00,EURUSD,H4,swing,OPP_EURUSD_H4_202601300444,BULLISH,1.0,1.08,1.09,1.08,1.09,10009_DONE,0.72,829,375.0,0.0037,
2026-01-30T04:45:00+00:00,2026-01-30T05:10:00+00:00,EURUSD,H4,swing,OPP_EURUSD_H4_202601300445,BULLISH,1.0,1.08,1.09,1.08,1.09,10009_DONE,0.14,753,375.0,0.0037,
2026-01-30T04:46:00+00:00,2026-01-30T04:54:00+00:00,EURUSD,H4,swing,OPP_EURUSD_H4_202601300446,BULLISH,1.0,1.08,1.09,1.08,1.09,10009_DONE,0.48,463,375.0,0.0037,
2026-01-30T04:47:00+00:00,2026-01-30T05:28:00+00:00,EURUSD,H4,swing,OPP_EURUSD_H4_202601300447,BULLISH,1.0,1.08,1.08,1.08,1.09,10009_DONE,0.79,2099,-250.0,-0.0025,
2026-01-30T04:48:00+00:00,2026-01-30T05:16:00+00:00,EURUSD,H4,swing,OPP_EURUSD_H4_202601300448,BULLISH,1.0,1.08,1.09,1.08,1.09,10009_DONE,0.62,379,375.0,0.0037,
2026-01-30T04:49:00+00:00,2026-01-30T05:09:00+00:00,EURUSD,H4,swing,OPP_EURUSD_H4_202601300449,BULLISH,1.0,1.08,1.09,1.08,1.09,10009_DONE,0.52,1498,375.0,0.0037,
2026-01-30T04:50:00+00:00,2026-01-30T04:59:00+00:00,EURUSD,H4,swing,OPP_EURUSD_H4_202601300450,BULLISH,1.0,1.08,1.09,1.08,1.09,10009_DONE,0.43,2770,375.0,0.0037,
2026-01-30T04:51:00+00:00,2026-01-30T04:58:00+00:00,EURUSD,H4,swing,OPP_EURUSD_H4_202601300451,BULLISH,1.0,1.08,1.08,1.08,1.09,10010_PLACED,0.7,2612,-250.0,-0.0025,
2026-01-30T04:52:00+00:00,2026-01-30T05:51:00+00:00,EURUSD,H4,swing,OPP_EURUSD_H4_202601300452,BULLISH,1.0,1.08,1.09,1.08,1.09,10009_DONE,0.38,3488,375.0,0.0037,
2026-01-30T04:53:00+00:00,2026-01-30T05:30:00+00:00,EURUSD,H4,swing,OPP_EURUSD_H4_202601300453,BULLISH,1.0,1.08,1.08,1.08,1.09,10009_DONE,0.74,3060,-250.0,-0.0025,
2026-01-30T04:54:00+00:00,2026-01-30T05:08:00+00:00,EURUSD,H4,swing,OPP_EURUSD_H4_202601300454,BULLISH,1.0,1.08,1.09,1.08,1.09,10009_DONE,0.62,619,375.0,0.0037,
2026-01-30T04:55:00+00:00,2026-01-30T05:35:00+00:00,EURUSD,H4,swing,OPP_EURUSD_H4_202601300455,BULLISH,1.0,1.08,1.09,1.08,1.09,10009_DONE,0.3,926,375.0,0.0037,
2026-01-30T04:56:00+00:00,2026-01-30T05:30:00+00:00,EURUSD,H4,swing,OPP_EURUSD_H4_202601300456,BULLISH,1.0,1.08,1.09,1.08,1.09,10009_DONE,0.18,3553,375.0,0.0037,
2026-01-30T04:57:00+00:00,2026-01-30T05:56:00+00:00,EURUSD,H4,swing,OPP_EURUSD_H4_202601300457,BULLISH,1.0,1.08,1.09,1.08,1.09,10009_DONE,0.47,2772,375.0,0.0037,
2026-01-30T04:58:00+00:00,2026-01-30T05:27:00+00:00,EURUSD,H4,swing,OPP_EURUSD_H4_202601300458,BULLISH,1.0,1.08,1.09,1.08,1.09,10009_DONE,0.31,2401,375.0,0.0037,
2026-01-30T04:59:00+00:00,2026-01-30T05:40:00+00:00,EURUSD,H4,swing,OPP_EURUSD_H4_202601300459,BULLISH,1.0,1.08,1.09,1.08,1.09,10009_DONE,0.12,1958,375.0,0.0037,
2026-01-30T04:00:00+00:00,2026-01-30T04:13:00+00:00,EURUSD,H4,swing,OPP_EURUSD_H4_202601300400,BULLISH,1.0,1.08,1.08,1.08,1.09,10009_DONE,0.63,1200,-250.0,-0.0025,
2026-01-30T04:01:00+00:00,2026-01-30T04:47:00+00:00,EURUSD,H4,swing,OPP_EURUSD_H4_202601300401,BULLISH,1.0,1.08,1.08,1.08,1.09,10009_DONE,0.37,456,-250.0,-0.0025,
2026-01-30T04:02:00+00:00,2026-01-30T04:16:00+00:00,EURUSD,H4,swing,OPP_EURUSD_H4_202601300402,BULLISH,1.0,1.08,1.09,1.08,1.09,10009_DONE,0.34,3079,375.0,0.0037,
2026-01-30T04:03:00+00:00,2026-01-30T04:43:00+00:00,EURUSD,H4,swing,OPP_EURUSD_H4_202601300403,BULLISH,1.0,1.08,1.09,1.08,1.09,10009_DONE,0.27,3367,375.0,0.0037,
2026-01-30T04:04:00+00:00,2026-01-30T04:23:00+00:00,EURUSD,H4,swing,OPP_EURUSD_H4_202601300404,BULLISH,1.0,1.08,1.08,1.08,1.09,10009_DONE,0.6,2971,-250.0,-0.0025,
2026-01-30T04:05:00+00:00,2026-01-30T04:23:00+00:00,EURUSD,H4,swing,OPP_EURUSD_H4_202601300405,BULLISH,1.0,1.08,1.09,1.08,1.09,10009_DONE,0.42,2794,375.0,0.0037,
2026-01-30T04:06:00+00:00,2026-01-30T04:21:00+00:00,EURUSD,H4,swing,OPP_EURUSD_H4_202601300406,BULLISH,1.0,1.08,1.09,1.08,1.09,10009_DONE,0.21,3189,375.0,0.0037,
2026-01-30T04:07:00+00:00,2026-01-30T04:35:00+00:00,EURUSD,H4,swing,OPP_EURUSD_H4_202601300407,BULLISH,1.0,1.08,1.09,1.08,1.09,10009_DONE,0.29,2753,375.0,0.0037,
2026-01-30T04:08:00+00:00,2026-01-30T04:55:00+00:00,EURUSD,H4,swing,OPP_EURUSD_H4_202601300408,BULLISH,1.0,1.08,1.09,1.08,1.09,10009_DONE,0.2,2696,375.0,0.0037,
2026-01-30T04:09:00+00:00,2026-01-30T04:33:00+00:00,EURUSD,H4,swing,OPP_EURUSD_H4_202601300409,BULLISH,1.0,1.08,1.09,1.08,1.09,10009_DONE,0.8,726,375.0,0.0037,
2026-01-30T04:10:00+00:00,2026-01-30T04:48:00+00:00,EURUSD,H4,swing,OPP_EURUSD_H4_202601300410,BULLISH,1.0,1.08,1.09,1.08,1.09,10009_DONE,0.35,1524,375.0,0.0037,
2026-01-30T04:11:00+00:00,2026-01-30T05:01:00+00:00,EURUSD,H4,swing,OPP_EURUSD_H4_202601300411,BULLISH,1.0,1.08,1.09,1.08,1.09,10009_DONE,0.54,1727,375.0,0.0037,
2026-01-30T04:12:00+00:00,2026-01-30T05:05:00+00:00,EURUSD,H4,swing,OPP_EURUSD_H4_202601300412,BULLISH,1.0,1.08,1.09,1.08,1.09,10009_DONE,0.38,2812,375.0,0.0037,
2026-01-30T04:13:00+00:00,2026-01-30T05:03:00+00:00,EURUSD,H4,swing,OPP_EURUSD_H4_202601300413,BULLISH,1.0,1.08,1.09,1.08,1.09,10009_DONE,0.54,784,375.0,0.0037,
2026-01-30T04:14:00+00:00,2026-01-30T05:05:00+00:00,EURUSD,H4,swing,OPP_EURUSD_H4_202601300414,BULLISH,1.0,1.08,1.08,1.08,1.09,10009_DONE,0.12,1543,-250.0,-0.0025,
2026-01-30T04:15:00+00:00,2026-01-30T04:55:00+00:00,EURUSD,H4,swing,OPP_EURUSD_H4_202601300415,BULLISH,1.0,1.08,1.09,1.08,1.09,10009_DONE,0.57,2655,375.0,0.0037,
2026-01-30T04:16:00+00:00,2026-01-30T04:31:00+00:00,EURUSD,H4,swing,OPP_EURUSD_H4_202601300416,BULLISH,1.0,1.08,1.08,1.08,1.09,10009_DONE,0.23,583,-250.0,-0.0025,
2026-01-30T04:17:00+00:00,2026-01-30T04:25:00+00:00,EURUSD,H4,swing,OPP_EURUSD_H4_202601300417,BULLISH,1.0,1.08,1.09,1.08,1.09,10009_DONE,0.57,471,375.0,0.0037,
2026-01-30T04:18:00+00:00,2026-01-30T05:11:00+00:00,EURUSD,H4,swing,OPP_EURUSD_H4_202601300418,BULLISH,1.0,1.08,1.09,1.08,1.09,10009_DONE,0.34,1256,375.0,0.0037,
2026-01-30T04:19:00+00:00,2026-01-30T04:58:00+00:00,EURUSD,H4,swing,OPP_EURUSD_H4_202601300419,BULLISH,1.0,1.08,1.09,1.08,1.09,10009_DONE,0.11,897,375.0,0.0037,
2026-01-30T04:20:00+00:00,2026-01-30T05:15:00+00:00,EURUSD,H4,swing,OPP_EURUSD_H4_202601300420,BULLISH,1.0,1.08,1.09,1.08,1.09,10009_DONE,0.43,1321,375.0,0.0037,
2026-01-30T04:21:00+00:00,2026-01-30T05:06:00+00:00,EURUSD,H4,swing,OPP_EURUSD_H4_202601300421,BULLISH,1.0,1.08,1.08,1.08,1.09,10009_DONE,0.18,3567,-250.0,-0.0025,
2026-01-30T04:22:00+00:00,2026-01-30T05:19:00+00:00,EURUSD,H4,swing,OPP_EURUSD_H4_202601300422,BULLISH,1.0,1.08,1.08,1.08,1.09,10009_DONE,0.41,2392,-250.0,-0.0025,
2026-01-30T04:23:00+00:00,2026-01-30T05:02:00+00:00,EURUSD,H4,swing,OPP_EURUSD_H4_202601300423,BULLISH,1.0,1.08,1.09,1.08,1.09,10009_DONE,0.13,1961,375.0,0.0037,
2026-01-30T04:24:00+00:00,2026-01-30T05:23:00+00:00,EURUSD,H4,swing,OPP_EURUSD_H4_202601300424,BULLISH,1.0,1.08,1.08,1.08,1.09,10009_DONE,0.64,1880,-250.0,-0.0025,
2026-01-30T04:25:00+00:00,2026-01-30T04:59:00+00:00,EURUSD,H4,swing,OPP_EURUSD_H4_202601300425,BULLISH,1.0,1.08,1.09,1.08,1.09,10009_DONE,0.47,1692,375.0,0.0037,
2026-01-30T04:26:00+00:00,2026-01-30T05:25:00+00:00,EURUSD,H4,swing,OPP_EURUSD_H4_202601300426,BULLISH,1.0,1.08,1.09,1.08,1.09,10009_DONE,0.56,901,375.0,0.0037,
2026-01-30T04:27:00+00:00,2026-01-30T05:05:00+00:00,EURUSD,H4,swing,OPP_EURUSD_H4_202601300427,BULLISH,1.0,1.08,1.08,1.08,1.09,10009_DONE,0.6,1883,-250.0,-0.0025,
2026-01-30T04:28:00+00:00,2026-01-30T05:28:00+00:00,EURUSD,H4,swing,OPP_EURUSD_H4_202601300428,BULLISH,1.0,1.08,1.08,1.08,1.09,10009_DONE,0.29,2334,-250.0,-0.0025,
2026-01-30T04:29:00+00:00,2026-01-30T05:22:00+00:00,EURUSD,H4,swing,OPP_EURUSD_H4_202601300429,BULLISH,1.0,1.08,1.08,1.08,1.09,10009_DONE,0.56,733,-250.0,-0.0025,
2026-01-30T04:30:00+00:00,2026-01-30T05:23:00+00:00,EURUSD,H4,swing,OPP_EURUSD_H4_202601300430,BULLISH,1.0,1.08,1.09,1.08,1.09,10009_DONE,0.66,2989,375.0,0.0037,
2026-01-30T04:31:00+00:00,2026-01-30T05:23:00+00:00,EURUSD,H4,swing,OPP_EURUSD_H4_202601300431,BULLISH,1.0,1.08,1.09,1.08,1.09,10009_DONE,0.66,2737,375.0,0.0037,
2026-01-30T04:32:00+00:00,2026-01-30T05:32:00+00:00,EURUSD,H4,swing,OPP_EURUSD_H4_202601300432,BULLISH,1.0,1.08,1.08,1.08,1.09,10009_DONE,0.36,2831,-250.0,-0.0025,
2026-01-30T04:33:00+00:00,2026-01-30T04:59:00+00:00,EURUSD,H4,swing,OPP_EURUSD_H4_202601300433,BULLISH,1.0,1.08,1.09,1.08,1.09,10009_DONE,0.46,993,375.0,0.0037,
2026-01-30T04:34:00+00:00,2026-01-30T05:25:00+00:00,EURUSD,H4,swing,OPP_EURUSD_H4_202601300434,BULLISH,1.0,1.08,1.08,1.08,1.09,10009_DONE,0.13,2669,-250.0,-0.0025,
2026-01-30T04:35:00+00:00,2026-01-30T04:48:00+00:00,EURUSD,H4,swing,OPP_EURUSD_H4_202601300435,BULLISH,1.0,1.08,1.08,1.08,1.09,10009_DONE,0.35,1656,-250.0,-0.0025,
2026-01-30T04:36:00+00:00,2026-01-30T05:28:00+00:00,EURUSD,H4,swing,OPP_EURUSD_H4_202601300436,BULLISH,1.0,1.08,1.09,1.08,1.09,10009_DONE,0.22,2327,375.0,0.0037,
2026-01-30T04:37:00+00:00,2026-01-30T04:59:00+00:00,EURUSD,H4,swing,OPP_EURUSD_H4_202601300437,BULLISH,1.0,1.08,1.08,1.08,1.09,10009_DONE,0.26,753,-250.0,-0.0025,
2026-01-30T04:38:00+00:00,2026-01-30T05:15:00+00:00,EURUSD,H4,swing,OPP_EURUSD_H4_202601300438,BULLISH,1.0,1.08,1.09,1.08,1.09,10009_DONE,0.62,2079,375.0,0.0037,
2026-01-30T04:39:00+00:00,2026-01-30T05:35:00+00:00,EURUSD,H4,swing,OPP_EURUSD_H4_202601300439,BULLISH,1.0,1.08,1.09,1.08,1.09,10009_DONE,0.74,2464,375.0,0.0037,
2026-01-30T04:40:00+00:00,2026-01-30T05:22:00+00:00,EURUSD,H4,swing,OPP_EURUSD_H4_202601300440,BULLISH,1.0,1.08,1.08,1.08,1.09,10009_DONE,0.71,2063,-250.0,-0.0025,
2026-01-30T04:41:00+00:00,2026-01-30T04:59:00+00:00,EURUSD,H4,swing,OPP_EURUSD_H4_202601300441,BULLISH,1.0,1.08,1.09,1.08,1.09,10009_DONE,0.4,3113,375.0,0.0037,
2026-01-30T04:42:00+00:00,2026-01-30T04:47:00+00:00,EURUSD,H4,swing,OPP_EURUSD_H4_202601300442,BULLISH,1.0,1.08,1.08,1.08,1.09,10009_DONE,0.45,2792,-250.0,-0.0025,
2026-01-30T04:43:00+00:00,2026-01-30T05:19:00+00:00,EURUSD,H4,swing,OPP_EURUSD_H4_202601300443,BULLISH,1.0,1.08,1.09,1.08,1.09,10009_DONE,0.61,2500,375.0,0.0037,
2026-01-30T04:44:00+00:00,2026-01-30T05:09:00+00:00,EURUSD,H4,swing,OPP_EURUSD_H4_202601300444,BULLISH,1.0,1.08,1.08,1.08,1.09,10009_DONE,0.76,1967,-250.0,-0.0025,
2026-01-30T04:45:00+00:00,2026-01-30T05:20:00+00:00,EURUSD,H4,swing,OPP_EURUSD_H4_202601300445,BULLISH,1.0,1.08,1.08,1.08,1.09,10009_DONE,0.76,3151,-250.0,-0.0025,
2026-01-30T04:46:00+00:00,2026-01-30T05:40:00+00:00,EURUSD,H4,swing,OPP_EURUSD_H4_202601300446,BULLISH,1.0,1.08,1.08,1.08,1.09,10009_DONE,0.15,1958,-250.0,-0.0025,
2026-01-30T04:47:00+00:00,2026-01-30T05:42:00+00:00,EURUSD,H4,swing,OPP_EURUSD_H4_202601300447,BULLISH,1.0,1.08,1.09,1.08,1.09,10009_DONE,0.57,300,375.0,0.0037,
2026-01-30T04:48:00+00:00,2026-01-30T05:11:00+00:00,EURUSD,H4,swing,OPP_EURUSD_H4_202601300448,BULLISH,1.0,1.08,1.09,1.08,1.09,10009_DONE,0.68,1175,375.0,0.0037,
2026-01-30T04:49:00+00:00,2026-01-30T05:24:00+00:00,EURUSD,H4,swing,OPP_EURUSD_H4_202601300449,BULLISH,1.0,1.08,1.08,1.08,1.09,10009_DONE,0.75,1589,-250.0,-0.0025,
2026-01-30T04:50:00+00:00,2026-01-30T05:43:00+00:00,EURUSD,H4,swing,OPP_EURUSD_H4_202601300450,BULLISH,1.0,1.08,1.09,1.08,1.09,10009_DONE,0.29,551,375.0,0.0037,
2026-01-30T04:51:00+00:00,2026-01-30T04:57:00+00:00,EURUSD,H4,swing,OPP_EURUSD_H4_202601300451,BULLISH,1.0,1.08,1.08,1.08,1.09,10009_DONE,0.32,2625,-250.0,-0.0025,
2026-01-30T04:26:00+00:00,2026-01-30T05:15:00+00:00,EURUSD,D1,swing,OPP_EURUSD_D1_202601300426,BULLISH,1.0,1.08,1.09,1.08,1.09,10009_DONE,0.18,831,375.0,0.0037,
2026-01-30T04:27:00+00:00,2026-01-30T05:20:00+00:00,EURUSD,D1,swing,OPP_EURUSD_D1_202601300427,BULLISH,1.0,1.08,1.08,1.08,1.09,10009_DONE,0.19,2518,-250.0,-0.0025,
2026-01-30T04:28:00+00:00,2026-01-30T04:44:00+00:00,EURUSD,D1,swing,OPP_EURUSD_D1_202601300428,BULLISH,1.0,1.08,1.09,1.08,1.09,10009_DONE,0.17,1399,375.0,0.0037,
2026-01-30T04:29:00+00:00,2026-01-30T04:54:00+00:00,EURUSD,D1,swing,OPP_EURUSD_D1_202601300429,BULLISH,1.0,1.08,1.09,1.08,1.09,10009_DONE,0.74,2223,375.0,0.0037,
2026-01-30T04:30:00+00:00,2026-01-30T05:22:00+00:00,EURUSD,D1,swing,OPP_EURUSD_D1_202601300430,BULLISH,1.0,1.08,1.09,1.08,1.09,10009_DONE,0.76,2462,375.0,0.0037,
2026-01-30T04:31:00+00:00,2026-01-30T05:09:00+00:00,EURUSD,D1,swing,OPP_EURUSD_D1_202601300431,BULLISH,1.0,1.08,1.09,1.08,1.09,10009_DONE,0.74,2589,375.0,0.0037,
2026-01-30T04:32:00+00:00,2026-01-30T04:47:00+00:00,EURUSD,D1,swing,OPP_EURUSD_D1_202601300432,BULLISH,1.0,1.08,1.08,1.08,1.09,10009_DONE,0.19,3009,-250.0,-0.0025,
2026-01-30T04:33:00+00:00,2026-01-30T04:38:00+00:00,EURUSD,D1,swing,OPP_EURUSD_D1_202601300433,BULLISH,1.0,1.08,1.09,1.08,1.09,10009_DONE,0.43,2227,375.0,0.0037,
2026-01-30T04:34:00+00:00,2026-01-30T05:24:00+00:00,EURUSD,D1,swing,OPP_EURUSD_D1_202601300434,BULLISH,1.0,1.08,1.08,1.08,1.09,10009_DONE,0.63,538,-250.0,-0.0025,
2026-01-30T04:35:00+00:00,2026-01-30T05:07:00+00:00,EURUSD,D1,swing,OPP_EURUSD_D1_202601300435,BULLISH,1.0,1.08,1.09,1.08,1.09,10009_DONE,0.52,3252,375.0,0.0037,
2026-01-30T04:36:00+00:00,2026-01-30T05:06:00+00:00,EURUSD,D1,swing,OPP_EURUSD_D1_202601300436,BULLISH,1.0,1.08,1.08,1.08,1.09,10009_DONE,0.34,1446,-250.0,-0.0025,
2026-01-30T04:37:00+00:00,2026-01-30T05:00:00+00:00,EURUSD,D1,swing,OPP_EURUSD_D1_202601300437,BULLISH,1.0,1.08,1.09,1.08,1.09,10009_DONE,0.22,2740,375.0,0.0037,
2026-01-30T04:38:00+00:00,2026-01-30T04:48:00+00:00,EURUSD,D1,swing,OPP_EURUSD_D1_202601300438,BULLISH,1.0,1.08,1.09,1.08,1.09,10009_DONE,0.67,1827,375.0,0.0037,
2026-01-30T04:39:00+00:00,2026-01-30T05:34:00+00:00,EURUSD,D1,swing,OPP_EURUSD_D1_202601300439,BULLISH,1.0,1.08,1.08,1.08,1.09,10009_DONE,0.55,323,-250.0,-0.0025,
2026-01-30T04:40:00+00:00,2026-01-30T05:22:00+00:00,EURUSD,D1,swing,OPP_EURUSD_D1_202601300440,BULLISH,1.0,1.08,1.08,1.08,1.09,10009_DONE,0.54,1713,-250.0,-0.0025,
2026-01-30T04:41:00+00:00,2026-01-30T05:22:00+00:00,EURUSD,D1,swing,OPP_EURUSD_D1_202601300441,BULLISH,1.0,1.08,1.09,1.08,1.09,10009_DONE,0.24,2343,375.0,0.0037,
2026-01-30T04:42:00+00:00,2026-01-30T05:32:00+00:00,EURUSD,D1,swing,OPP_EURUSD_D1_202601300442,BULLISH,1.0,1.08,1.09,1.08,1.09,10009_DONE,0.75,2666,375.0,0.0037,
2026-01-30T04:43:00+00:00,2026-01-30T04:48:00+00:00,EURUSD,D1,swing,OPP_EURUSD_D1_202601300443,BULLISH,1.0,1.08,1.09,1.08,1.09,10009_DONE,0.65,2279,375.0,0.0037,
2026-01-30T04:44:00+00:00,2026-01-30T05:29:00+00:00,EURUSD,D1,swing,OPP_EURUSD_D1_202601300444,BULLISH,1.0,1.08,1.09,1.08,1.09,10009_DONE,0.68,3302,375.0,0.0037,
2026-01-30T04:45:00+00:00,2026-01-30T05:35:00+00:00,EURUSD,D1,swing,OPP_EURUSD_D1_202601300445,BULLISH,1.0,1.08,1.09,1.08,1.09,10009_DONE,0.25,2050,375.0,0.0037,
2026-01-30T04:46:00+00:00,2026-01-30T04:59:00+00:00,EURUSD,D1,swing,OPP_EURUSD_D1_202601300446,BULLISH,1.0,1.08,1.09,1.08,1.09,10009_DONE,0.73,552,375.0,0.0037,
2026-01-30T04:47:00+00:00,2026-01-30T05:06:00+00:00,EURUSD,D1,swing,OPP_EURUSD_D1_202601300447,BULLISH,1.0,1.08,1.09,1.08,1.09,10009_DONE,0.24,1879,375.0,0.0037,
2026-01-30T04:48:00+00:00,2026-01-30T05:29:00+00:00,EURUSD,D1,swing,OPP_EURUSD_D1_202601300448,BULLISH,1.0,1.08,1.08,1.08,1.09,10009_DONE,0.44,2292,-250.0,-0.0025,
2026-01-30T04:49:00+00:00,2026-01-30T04:56:00+00:00,EURUSD,D1,swing,OPP_EURUSD_D1_202601300449,BULLISH,1.0,1.08,1.09,1.08,1.09,10009_DONE,0.5,1171,375.0,0.0037,
2026-01-30T04:50:00+00:00,2026-01-30T05:38:00+00:00,EURUSD,D1,swing,OPP_EURUSD_D1_202601300450,BULLISH,1.0,1.08,1.08,1.08,1.09,10009_DONE,0.16,1305,-250.0,-0.0025,
2026-01-30T04:51:00+00:00,2026-01-30T05:32:00+00:00,EURUSD,D1,swing,OPP_EURUSD_D1_202601300451,BULLISH,1.0,1.08,1.09,1.08,1.09,10009_DONE,0.16,2462,375.0,0.0037,
2026-01-30T04:52:00+00:00,2026-01-30T05:05:00+00:00,EURUSD,D1,swing,OPP_EURUSD_D1_202601300452,BULLISH,1.0,1.08,1.09,1.08,1.09,10009_DONE,0.17,1370,375.0,0.0037,
2026-01-30T04:53:00+00:00,2026-01-30T05:35:00+00:00,EURUSD,D1,swing,OPP_EURUSD_D1_202601300453,BULLISH,1.0,1.08,1.08,1.08,1.09,10009_DONE,0.53,1218,-250.0,-0.0025,
2026-01-30T04:54:00+00:00,2026-01-30T05:37:00+00:00,EURUSD,D1,swing,OPP_EURUSD_D1_202601300454,BULLISH,1.0,1.08,1.09,1.08,1.09,10009_DONE,0.79,1160,375.0,0.0037,
2026-01-30T04:55:00+00:00,2026-01-30T05:55:00+00:00,EURUSD,D1,swing,OPP_EURUSD_D1_202601300455,BULLISH,1.0,1.08,1.09,1.08,1.09,10009_DONE,0.59,1154,375.0,0.0037,
2026-01-30T04:56:00+00:00,2026-01-30T05:40:00+00:00,EURUSD,D1,swing,OPP_EURUSD_D1_202601300456,BULLISH,1.0,1.08,1.09,1.08,1.09,10009_DONE,0.69,1915,375.0,0.0037,
2026-01-30T04:57:00+00:00,2026-01-30T05:19:00+00:00,EURUSD,D1,swing,OPP_EURUSD_D1_202601300457,BULLISH,1.0,1.08,1.08,1.08,1.09,10009_DONE,0.15,2909,-250.0,-0.0025,
2026-01-30T04:58:00+00:00,2026-01-30T05:39:00+00:00,EURUSD,D1,swing,OPP_EURUSD_D1_202601300458,BULLISH,1.0,1.08,1.09,1.08,1.09,10009_DONE,0.17,524,375.0,0.0037,
2026-01-30T04:59:00+00:00,2026-01-30T05:55:00+00:00,EURUSD,D1,swing,OPP_EURUSD_D1_202601300459,BULLISH,1.0,1.08,1.09,1.08,1.09,10009_DONE,0.42,3341,375.0,0.0037,
2026-01-30T04:00:00+00:00,2026-01-30T04:30:00+00:00,EURUSD,D1,swing,OPP_EURUSD_D1_202601300400,BULLISH,1.0,1.08,1.09,1.08,1.09,10009_DONE,0.5,930,375.0,0.0037,
2026-01-30T04:01:00+00:00,2026-01-30T04:20:00+00:00,EURUSD,D1,swing,OPP_EURUSD_D1_202601300401,BULLISH,1.0,1.08,1.09,1.08,1.09,10009_DONE,0.7,1137,375.0,0.0037,
2026-01-30T04:02:00+00:00,2026-01-30T04:44:00+00:00,EURUSD,D1,swing,OPP_EURUSD_D1_202601300402,BULLISH,1.0,1.08,1.09,1.08,1.09,10009_DONE,0.4,518,375.0,0.0037,
2026-01-30T04:03:00+00:00,2026-01-30T05:01:00+00:00,EURUSD,D1,swing,OPP_EURUSD_D1_202601300403,BULLISH,1.0,1.08,1.09,1.08,1.09,10009_DONE,0.58,458,375.0,0.0037,
2026-01-30T04:04:00+00:00,2026-01-30T05:00:00+00:00,EURUSD,D1,swing,OPP_EURUSD_D1_202601300404,BULLISH,1.0,1.08,1.08,1.08,1.09,10009_DONE,0.26,751,-250.0,-0.0025,
2026-01-30T04:05:00+00:00,2026-01-30T04:45:00+00:00,EURUSD,D1,swing,OPP_EURUSD_D1_202601300405,BULLISH,1.0,1.08,1.09,1.08,1.09,10009_DONE,0.41,1671,375.0,0.0037,
2026-01-30T04:06:00+00:00,2026-01-30T04:46:00+00:00,EURUSD,D1,swing,OPP_EURUSD_D1_202601300406,BULLISH,1.0,1.08,1.09,1.08,1.09,10009_DONE,0.26,3248,375.0,0.0037,
2026-01-30T04:07:00+00:00,2026-01-30T04:34:00+00:00,EURUSD,D1,swing,OPP_EURUSD_D1_202601300407,BULLISH,1.0,1.08,1.09,1.08,1.09,10009_DONE,0.8,1358,375.0,0.0037,
2026-01-30T04:08:00+00:00,2026-01-30T04:47:00+00:00,EURUSD,D1,swing,OPP_EURUSD_D1_202601300408,BULLISH,1.0,1.08,1.09,1.08,1.09,10009_DONE,0.18,3160,375.0,0.0037,
2026-01-30T04:09:00+00:00,2026-01-30T04:31:00+00:00,EURUSD,D1,swing,OPP_EURUSD_D1_202601300409,BULLISH,1.0,1.08,1.08,1.08,1.09,10009_DONE,0.51,703,-250.0,-0.0025,
2026-01-30T04:10:00+00:00,2026-01-30T04:50:00+00:00,EURUSD,D1,swing,OPP_EURUSD_D1_202601300410,BULLISH,1.0,1.08,1.09,1.08,1.09,10009_DONE,0.57,880,375.0,0.0037,
2026-01-30T04:11:00+00:00,2026-01-30T05:07:00+00:00,EURUSD,D1,swing,OPP_EURUSD_D1_202601300411,BULLISH,1.0,1.08,1.09,1.08,1.09,10009_DONE,0.29,3055,375.0,0.0037,
2026-01-30T04:12:00+00:00,2026-01-30T04:27:00+00:00,EURUSD,D1,swing,OPP_EURUSD_D1_202601300412,BULLISH,1.0,1.08,1.08,1.08,1.09,10009_DONE,0.62,2612,-250.0,-0.0025,
2026-01-30T04:13:00+00:00,2026-01-30T04:32:00+00:00,EURUSD,D1,swing,OPP_EURUSD_D1_202601300413,BULLISH,1.0,1.08,1.09,1.08,1.09,10009_DONE,0.54,1554,375.0,0.0037,
2026-01-30T04:14:00+00:00,2026-01-30T04:27:00+00:00,EURUSD,D1,swing,OPP_EURUSD_D1_202601300414,BULLISH,1.0,1.08,1.08,1.08,1.09,10009_DONE,0.74,2486,-250.0,-0.0025,
2026-01-30T04:15:00+00:00,2026-01-30T04:31:00+00:00,EURUSD,D1,swing,OPP_EURUSD_D1_202601300415,BULLISH,1.0,1.08,1.09,1.08,1.09,10009_DONE,0.78,698,375.0,0.0037,
2026-01-30T04:16:00+00:00,2026-01-30T05:12:00+00:00,EURUSD,D1,swing,OPP_EURUSD_D1_202601300416,BULLISH,1.0,1.08,1.09,1.08,1.09,10009_DONE,0.57,2989,375.0,0.0037,
2026-01-30T04:17:00+00:00,2026-01-30T04:31:00+00:00,EURUSD,D1,swing,OPP_EURUSD_D1_202601300417,BULLISH,1.0,1.08,1.08,1.08,1.09,10009_DONE,0.13,1219,-250.0,-0.0025,
2026-01-30T04:18:00+00:00,2026-01-30T04:54:00+00:00,EURUSD,D1,swing,OPP_EURUSD_D1_202601300418,BULLISH,1.0,1.08,1.08,1.08,1.09,10009_DONE,0.65,2637,-250.0,-0.0025,
2026-01-30T04:19:00+00:00,2026-01-30T04:45:00+00:00,EURUSD,D1,swing,OPP_EURUSD_D1_202601300419,BULLISH,1.0,1.08,1.08,1.08,1.09,10009_DONE,0.32,1190,-250.0,-0.0025,
2026-01-30T04:20:00+00:00,2026-01-30T05:01:00+00:00,EURUSD,D1,swing,OPP_EURUSD_D1_202601300420,BULLISH,1.0,1.08,1.08,1.08,1.09,10010_PLACED,0.42,2030,-250.0,-0.0025,
2026-01-30T04:21:00+00:00,2026-01-30T05:19:00+00:00,EURUSD,D1,swing,OPP_EURUSD_D1_202601300421,BULLISH,1.0,1.08,1.09,1.08,1.09,10009_DONE,0.63,2897,375.0,0.0037,
2026-01-30T04:22:00+00:00,2026-01-30T04:55:00+00:00,EURUSD,D1,swing,OPP_EURUSD_D1_202601300422,BULLISH,1.0,1.08,1.09,1.08,1.09,10009_DONE,0.38,830,375.0,0.0037,
2026-01-30T04:23:00+00:00,2026-01-30T05:20:00+00:00,EURUSD,D1,swing,OPP_EURUSD_D1_202601300423,BULLISH,1.0,1.08,1.09,1.08,1.09,10010_PLACED,0.54,586,375.0,0.0037,
2026-01-30T04:24:00+00:00,2026-01-30T05:01:00+00:00,EURUSD,D1,swing,OPP_EURUSD_D1_202601300424,BULLISH,1.0,1.08,1.09,1.08,1.09,10009_DONE,0.68,1747,375.0,0.0037,
2026-01-30T04:25:00+00:00,2026-01-30T04:46:00+00:00,EURUSD,D1,swing,OPP_EURUSD_D1_202601300425,BULLISH,1.0,1.08,1.09,1.08,1.09,10009_DONE,0.2,1965,375.0,0.0037,
2026-01-30T04:26:00+00:00,2026-01-30T04:54:00+00:00,EURUSD,D1,swing,OPP_EURUSD_D1_202601300426,BULLISH,1.0,1.08,1.08,1.08,1.09,10009_DONE,0.33,2080,-250.0,-0.0025,
2026-01-30T04:27:00+00:00,2026-01-30T05:11:00+00:00,EURUSD,D1,swing,OPP_EURUSD_D1_202601300427,BULLISH,1.0,1.08,1.08,1.08,1.09,10009_DONE,0.52,2560,-250.0,-0.0025,
2026-01-30T04:28:00+00:00,2026-01-30T04:51:00+00:00,EURUSD,D1,swing,OPP_EURUSD_D1_202601300428,BULLISH,1.0,1.08,1.08,1.08,1.09,10010_PLACED,0.34,3432,-250.0,-0.0025,
2026-01-30T04:29:00+00:00,2026-01-30T05:21:00+00:00,EURUSD,D1,swing,OPP_EURUSD_D1_202601300429,BULLISH,1.0,1.08,1.08,1.08,1.09,10009_DONE,0.16,2381,-250.0,-0.0025,
2026-01-30T04:30:00+00:00,2026-01-30T05:28:00+00:00,EURUSD,D1,swing,OPP_EURUSD_D1_202601300430,BULLISH,1.0,1.08,1.09,1.08,1.09,10010_PLACED,0.22,974,375.0,0.0037,
2026-01-30T04:31:00+00:00,2026-01-30T04:50:00+00:00,EURUSD,D1,swing,OPP_EURUSD_D1_202601300431,BULLISH,1.0,1.08,1.09,1.08,1.09,10009_DONE,0.56,1287,375.0,0.0037,
2026-01-30T04:32:00+00:00,2026-01-30T04:55:00+00:00,EURUSD,D1,swing,OPP_EURUSD_D1_202601300432,BULLISH,1.0,1.08,1.09,1.08,1.09,10009_DONE,0.28,845,375.0,0.0037,
2026-01-30T04:33:00+00:00,2026-01-30T05:30:00+00:00,EURUSD,D1,swing,OPP_EURUSD_D1_202601300433,BULLISH,1.0,1.08,1.09,1.08,1.09,10009_DONE,0.19,2873,375.0,0.0037,
2026-01-30T04:34:00+00:00,2026-01-30T05:07:00+00:00,EURUSD,D1,swing,OPP_EURUSD_D1_202601300434,BULLISH,1.0,1.08,1.09,1.08,1.09,10009_DONE,0.39,2036,375.0,0.0037,
2026-01-30T04:35:00+00:00,2026-01-30T05:07:00+00:00,EURUSD,D1,swing,OPP_EURUSD_D1_202601300435,BULLISH,1.0,1.08,1.09,1.08,1.09,10009_DONE,0.32,1046,375.0,0.0037,
2026-01-30T04:36:00+00:00,2026-01-30T05:14:00+00:00,EURUSD,D1,swing,OPP_EURUSD_D1_202601300436,BULLISH,1.0,1.08,1.09,1.08,1.09,10009_DONE,0.54,1376,375.0,0.0037,
2026-01-30T04:37:00+00:00,2026-01-30T05:20:00+00:00,EURUSD,D1,swing,OPP_EURUSD_D1_202601300437,BULLISH,1.0,1.08,1.08,1.08,1.09,10009_DONE,0.6,3218,-250.0,-0.0025,
2026-01-30T04:38:00+00:00,2026-01-30T05:24:00+00:00,EURUSD,D1,swing,OPP_EURUSD_D1_202601300438,BULLISH,1.0,1.08,1.08,1.08,1.09,10009_DONE,0.2,1393,-250.0,-0.0025,
2026-01-30T04:39:00+00:00,2026-01-30T05:16:00+00:00,EURUSD,D1,swing,OPP_EURUSD_D1_202601300439,BULLISH,1.0,1.08,1.08,1.08,1.09,10009_DONE,0.39,1642,-250.0,-0.0025,
2026-01-30T04:40:00+00:00,2026-01-30T05:21:00+00:00,EURUSD,D1,swing,OPP_EURUSD_D1_202601300440,BULLISH,1.0,1.08,1.09,1.08,1.09,10009_DONE,0.6,2358,375.0,0.0037,
2026-01-30T04:41:00+00:00,2026-01-30T05:32:00+00:00,EURUSD,D1,swing,OPP_EURUSD_D1_202601300441,BULLISH,1.0,1.08,1.09,1.08,1.09,10009_DONE,0.4,809,375.0,0.0037,
2026-01-30T04:42:00+00:00,2026-01-30T05:06:00+00:00,EURUSD,D1,swing,OPP_EURUSD_D1_202601300442,BULLISH,1.0,1.08,1.09,1.08,1.09,10009_DONE,0.21,3561,375.0,0.0037,
2026-01-30T04:43:00+00:00,2026-01-30T05:37:00+00:00,EURUSD,D1,swing,OPP_EURUSD_D1_202601300443,BULLISH,1.0,1.08,1.08,1.08,1.09,10009_DONE,0.71,1521,-250.0,-0.0025,
2026-01-30T04:44:00+00:00,2026-01-30T05:22:00+00:00,EURUSD,D1,swing,OPP_EURUSD_D1_202601300444,BULLISH,1.0,1.08,1.08,1.08,1.09,10009_DONE,0.2,3353,-250.0,-0.0025,
2026-01-30T04:45:00+00:00,2026-01-30T05:44:00+00:00,EURUSD,D1,swing,OPP_EURUSD_D1_202601300445,BULLISH,1.0,1.08,1.09,1.08,1.09,10009_DONE,0.39,416,375.0,0.0037,
2026-01-30T04:46:00+00:00,2026-01-30T05:38:00+00:00,EURUSD,D1,swing,OPP_EURUSD_D1_202601300446,BULLISH,1.0,1.08,1.09,1.08,1.09,10009_DONE,0.25,1803,375.0,0.0037,
2026-01-30T04:47:00+00:00,2026-01-30T05:41:00+00:00,EURUSD,D1,swing,OPP_EURUSD_D1_202601300447,BULLISH,1.0,1.08,1.08,1.08,1.09,10009_DONE,0.59,1081,-250.0,-0.0025,
2026-01-30T04:48:00+00:00,2026-01-30T05:46:00+00:00,EURUSD,D1,swing,OPP_EURUSD_D1_202601300448,BULLISH,1.0,1.08,1.08,1.08,1.09,10009_DONE,0.61,620,-250.0,-0.0025,
2026-01-30T04:49:00+00:00,2026-01-30T05:30:00+00:00,EURUSD,D1,swing,OPP_EURUSD_D1_202601300449,BULLISH,1.0,1.08,1.09,1.08,1.09,10009_DONE,0.6,2506,375.0,0.0037,
2026-01-30T04:50:00+00:00,2026-01-30T05:21:00+00:00,EURUSD,D1,swing,OPP_EURUSD_D1_202601300450,BULLISH,1.0,1.08,1.09,1.08,1.09,10009_DONE,0.71,1466,375.0,0.0037,
2026-01-30T04:51:00+00:00,2026-01-30T05:09:00+00:00,EURUSD,D1,swing,OPP_EURUSD_D1_202601300451,BULLISH,1.0,1.08,1.09,1.08,1.09,10010_PLACED,0.7,1899,375.0,0.0037,
2026-01-30T04:26:00+00:00,2026-01-30T04:39:00+00:00,EURUSD,W1,swing,OPP_EURUSD_W1_202601300426,BULLISH,1.0,1.08,1.09,1.08,1.09,10009_DONE,0.56,1520,375.0,0.0037,
2026-01-30T04:27:00+00:00,2026-01-30T05:16:00+00:00,EURUSD,W1,swing,OPP_EURUSD_W1_202601300427,BULLISH,1.0,1.08,1.09,1.08,1.09,10009_DONE,0.47,367,375.0,0.0037,
2026-01-30T04:28:00+00:00,2026-01-30T04:59:00+00:00,EURUSD,W1,swing,OPP_EURUSD_W1_202601300428,BULLISH,1.0,1.08,1.09,1.08,1.09,10009_DONE,0.56,3381,375.0,0.0037,
2026-01-30T04:29:00+00:00,2026-01-30T04:49:00+00:00,EURUSD,W1,swing,OPP_EURUSD_W1_202601300429,BULLISH,1.0,1.08,1.08,1.08,1.09,10009_DONE,0.65,3313,-250.0,-0.0025,
2026-01-30T04:30:00+00:00,2026-01-30T05:05:00+00:00,EURUSD,W1,swing,OPP_EURUSD_W1_202601300430,BULLISH,1.0,1.08,1.08,1.08,1.09,10009_DONE,0.57,2749,-250.0,-0.0025,
2026-01-30T04:31:00+00:00,2026-01-30T05:00:00+00:00,EURUSD,W1,swing,OPP_EURUSD_W1_202601300431,BULLISH,1.0,1.08,1.08,1.08,1.09,10009_DONE,0.37,668,-250.0,-0.0025,
2026-01-30T04:32:00+00:00,2026-01-30T04:45:00+00:00,EURUSD,W1,swing,OPP_EURUSD_W1_202601300432,BULLISH,1.0,1.08,1.09,1.08,1.09,10009_DONE,0.58,2126,375.0,0.0037,
2026-01-30T04:33:00+00:00,2026-01-30T05:09:00+00:00,EURUSD,W1,swing,OPP_EURUSD_W1_202601300433,BULLISH,1.0,1.08,1.09,1.08,1.09,10009_DONE,0.62,3133,375.0,0.0037,
2026-01-30T04:34:00+00:00,2026-01-30T05:12:00+00:00,EURUSD,W1,swing,OPP_EURUSD_W1_202601300434,BULLISH,1.0,1.08,1.08,1.08,1.09,10009_DONE,0.24,2727,-250.0,-0.0025,
2026-01-30T04:35:00+00:00,2026-01-30T05:27:00+00:00,EURUSD,W1,swing,OPP_EURUSD_W1_202601300435,BULLISH,1.0,1.08,1.09,1.08,1.09,10009_DONE,0.68,835,375.0,0.0037,
2026-01-30T04:36:00+00:00,2026-01-30T05:16:00+00:00,EURUSD,W1,swing,OPP_EURUSD_W1_202601300436,BULLISH,1.0,1.08,1.08,1.08,1.09,10009_DONE,0.24,373,-250.0,-0.0025,
2026-01-30T04:37:00+00:00,2026-01-30T05:02:00+00:00,EURUSD,W1,swing,OPP_EURUSD_W1_202601300437,BULLISH,1.0,1.08,1.08,1.08,1.09,10009_DONE,0.68,1460,-250.0,-0.0025,
2026-01-30T04:38:00+00:00,2026-01-30T05:08:00+00:00,EURUSD,W1,swing,OPP_EURUSD_W1_202601300438,BULLISH,1.0,1.08,1.09,1.08,1.09,10009_DONE,0.46,3559,375.0,0.0037,
2026-01-30T04:39:00+00:00,2026-01-30T04:48:00+00:00,EURUSD,W1,swing,OPP_EURUSD_W1_202601300439,BULLISH,1.0,1.08,1.09,1.08,1.09,10009_DONE,0.67,2155,375.0,0.0037,
2026-01-30T04:40:00+00:00,2026-01-30T05:29:00+00:00,EURUSD,W1,swing,OPP_EURUSD_W1_202601300440,BULLISH,1.0,1.08,1.09,1.08,1.09,10009_DONE,0.8,2983,375.0,0.0037,
2026-01-30T04:41:00+00:00,2026-01-30T05:30:00+00:00,EURUSD,W1,swing,OPP_EURUSD_W1_202601300441,BULLISH,1.0,1.08,1.09,1.08,1.09,10009_DONE,0.73,1994,375.0,0.0037,
2026-01-30T04:42:00+00:00,2026-01-30T05:38:00+00:00,EURUSD,W1,swing,OPP_EURUSD_W1_202601300442,BULLISH,1.0,1.08,1.09,1.08,1.09,10009_DONE,0.37,1563,375.0,0.0037,
2026-01-30T04:43:00+00:00,2026-01-30T05:21:00+00:00,EURUSD,W1,swing,OPP_EURUSD_W1_202601300443,BULLISH,1.0,1.08,1.09,1.08,1.09,10009_DONE,0.19,3093,375.0,0.0037,
2026-01-30T04:44:00+00:00,2026-01-30T05:02:00+00:00,EURUSD,W1,swing,OPP_EURUSD_W1_202601300444,BULLISH,1.0,1.08,1.08,1.08,1.09,10009_DONE,0.48,2593,-250.0,-0.0025,
2026-01-30T04:45:00+00:00,2026-01-30T04:58:00+00:00,EURUSD,W1,swing,OPP_EURUSD_W1_202601300445,BULLISH,1.0,1.08,1.09,1.08,1.09,10009_DONE,0.7,1079,375.0,0.0037,
2026-01-30T04:46:00+00:00,2026-01-30T05:27:00+00:00,EURUSD,W1,swing,OPP_EURUSD_W1_202601300446,BULLISH,1.0,1.08,1.08,1.08,1.09,10010_PLACED,0.27,3249,-250.0,-0.0025,
2026-01-30T04:47:00+00:00,2026-01-30T05:15:00+00:00,EURUSD,W1,swing,OPP_EURUSD_W1_202601300447,BULLISH,1.0,1.08,1.09,1.08,1.09,10009_DONE,0.23,3239,375.0,0.0037,
2026-01-30T04:48:00+00:00,2026-01-30T05:17:00+00:00,EURUSD,W1,swing,OPP_EURUSD_W1_202601300448,BULLISH,1.0,1.08,1.09,1.08,1.09,10009_DONE,0.71,924,375.0,0.0037,
2026-01-30T04:49:00+00:00,2026-01-30T05:08:00+00:00,EURUSD,W1,swing,OPP_EURUSD_W1_202601300449,BULLISH,1.0,1.08,1.09,1.08,1.09,10009_DONE,0.59,1137,375.0,0.0037,
2026-01-30T04:50:00+00:00,2026-01-30T05:06:00+00:00,EURUSD,W1,swing,OPP_EURUSD_W1_202601300450,BULLISH,1.0,1.08,1.09,1.08,1.09,10009_DONE,0.3,1390,375.0,0.0037,
2026-01-30T04:51:00+00:00,2026-01-30T05:08:00+00:00,EURUSD,W1,swing,OPP_EURUSD_W1_202601300451,BULLISH,1.0,1.08,1.09,1.08,1.09,10009_DONE,0.49,1672,375.0,0.0037,
2026-01-30T04:52:00+00:00,2026-01-30T05:11:00+00:00,EURUSD,W1,swing,OPP_EURUSD_W1_202601300452,BULLISH,1.0,1.08,1.09,1.08,1.09,10009_DONE,0.49,1776,375.0,0.0037,
2026-01-30T04:53:00+00:00,2026-01-30T05:43:00+00:00,EURUSD,W1,swing,OPP_EURUSD_W1_202601300453,BULLISH,1.0,1.08,1.08,1.08,1.09,10009_DONE,0.63,1003,-250.0,-0.0025,
2026-01-30T04:54:00+00:00,2026-01-30T05:27:00+00:00,EURUSD,W1,swing,OPP_EURUSD_W1_202601300454,BULLISH,1.0,1.08,1.09,1.08,1.09,10009_DONE,0.78,965,375.0,0.0037,
2026-01-30T04:55:00+00:00,2026-01-30T05:39:00+00:00,EURUSD,W1,swing,OPP_EURUSD_W1_202601300455,BULLISH,1.0,1.08,1.09,1.08,1.09,10010_PLACED,0.53,710,375.0,0.0037,
2026-01-30T04:56:00+00:00,2026-01-30T05:35:00+00:00,EURUSD,W1,swing,OPP_EURUSD_W1_202601300456,BULLISH,1.0,1.08,1.09,1.08,1.09,10009_DONE,0.6,2366,375.0,0.0037,
2026-01-30T04:57:00+00:00,2026-01-30T05:32:00+00:00,EURUSD,W1,swing,OPP_EURUSD_W1_202601300457,BULLISH,1.0,1.08,1.09,1.08,1.09,10009_DONE,0.32,2911,375.0,0.0037,
2026-01-30T04:58:00+00:00,2026-01-30T05:17:00+00:00,EURUSD,W1,swing,OPP_EURUSD_W1_202601300458,BULLISH,1.0,1.08,1.08,1.08,1.09,10009_DONE,0.76,3579,-250.0,-0.0025,
2026-01-30T04:59:00+00:00,2026-01-30T05:46:00+00:00,EURUSD,W1,swing,OPP_EURUSD_W1_202601300459,BULLISH,1.0,1.08,1.09,1.08,1.09,10009_DONE,0.13,581,375.0,0.0037,
2026-01-30T04:00:00+00:00,2026-01-30T04:40:00+00:00,EURUSD,W1,swing,OPP_EURUSD_W1_202601300400,BULLISH,1.0,1.08,1.09,1.08,1.09,10009_DONE,0.75,2888,375.0,0.0037,
2026-01-30T04:01:00+00:00,2026-01-30T04:13:00+00:00,EURUSD,W1,swing,OPP_EURUSD_W1_202601300401,BULLISH,1.0,1.08,1.09,1.08,1.09,10009_DONE,0.25,2853,375.0,0.0037,
2026-01-30T04:02:00+00:00,2026-01-30T05:00:00+00:00,EURUSD,W1,swing,OPP_EURUSD_W1_202601300402,BULLISH,1.0,1.08,1.08,1.08,1.09,10009_DONE,0.3,1828,-250.0,-0.0025,
2026-01-30T04:03:00+00:00,2026-01-30T04:48:00+00:00,EURUSD,W1,swing,OPP_EURUSD_W1_202601300403,BULLISH,1.0,1.08,1.08,1.08,1.09,10009_DONE,0.54,1750,-250.0,-0.0025,
2026-01-30T04:04:00+00:00,2026-01-30T05:01:00+00:00,EURUSD,W1,swing,OPP_EURUSD_W1_202601300404,BULLISH,1.0,1.08,1.09,1.08,1.09,10009_DONE,0.42,666,375.0,0.0037,
2026-01-30T04:05:00+00:00,2026-01-30T04:42:00+00:00,EURUSD,W1,swing,OPP_EURUSD_W1_202601300405,BULLISH,1.0,1.08,1.09,1.08,1.09,10009_DONE,0.45,2785,375.0,0.0037,
2026-01-30T04:06:00+00:00,2026-01-30T04:27:00+00:00,EURUSD,W1,swing,OPP_EURUSD_W1_202601300406,BULLISH,1.0,1.08,1.09,1.08,1.09,10009_DONE,0.24,2530,375.0,0.0037,
2026-01-30T04:07:00+00:00,2026-01-30T04:54:00+00:00,EURUSD,W1,swing,OPP_EURUSD_W1_202601300407,BULLISH,1.0,1.08,1.08,1.08,1.09,10009_DONE,0.27,2021,-250.0,-0.0025,
2026-01-30T04:08:00+00:00,2026-01-30T04:17:00+00:00,EURUSD,W1,swing,OPP_EURUSD_W1_202601300408,BULLISH,1.0,1.08,1.09,1.08,1.09,10009_DONE,0.55,758,375.0,0.0037,
2026-01-30T04:09:00+00:00,2026-01-30T04:31:00+00:00,EURUSD,W1,swing,OPP_EURUSD_W1_202601300409,BULLISH,1.0,1.08,1.09,1.08,1.09,10009_DONE,0.72,3358,375.0,0.0037,
2026-01-30T04:10:00+00:00,2026-01-30T04:32:00+00:00,EURUSD,W1,swing,OPP_EURUSD_W1_202601300410,BULLISH,1.0,1.08,1.09,1.08,1.09,10009_DONE,0.31,2290,375.0,0.0037,
2026-01-30T04:11:00+00:00,2026-01-30T04:22:00+00:00,EURUSD,W1,swing,OPP_EURUSD_W1_202601300411,BULLISH,1.0,1.08,1.09,1.08,1.09,10009_DONE,0.46,2527,375.0,0.0037,
2026-01-30T04:12:00+00:00,2026-01-30T04:32:00+00:00,EURUSD,W1,swing,OPP_EURUSD_W1_202601300412,BULLISH,1.0,1.08,1.09,1.08,1.09,10009_DONE,0.78,1161,375.0,0.0037,
2026-01-30T04:13:00+00:00,2026-01-30T04:47:00+00:00,EURUSD,W1,swing,OPP_EURUSD_W1_202601300413,BULLISH,1.0,1.08,1.08,1.08,1.09,10009_DONE,0.35,2176,-250.0,-0.0025,
2026-01-30T04:14:00+00:00,2026-01-30T04:27:00+00:00,EURUSD,W1,swing,OPP_EURUSD_W1_202601300414,BULLISH,1.0,1.08,1.09,1.08,1.09,10010_PLACED,0.23,1047,375.0,0.0037,
2026-01-30T04:15:00+00:00,2026-01-30T04:49:00+00:00,EURUSD,W1,swing,OPP_EURUSD_W1_202601300415,BULLISH,1.0,1.08,1.09,1.08,1.09,10009_DONE,0.58,2154,375.0,0.0037,
2026-01-30T04:16:00+00:00,2026-01-30T04:37:00+00:00,EURUSD,W1,swing,OPP_EURUSD_W1_202601300416,BULLISH,1.0,1.08,1.09,1.08,1.09,10009_DONE,0.71,2814,375.0,0.0037,
2026-01-30T04:17:00+00:00,2026-01-30T04:52:00+00:00,EURUSD,W1,swing,OPP_EURUSD_W1_202601300417,BULLISH,1.0,1.08,1.08,1.08,1.09,10009_DONE,0.52,584,-250.0,-0.0025,
2026-01-30T04:18:00+00:00,2026-01-30T05:08:00+00:00,EURUSD,W1,swing,OPP_EURUSD_W1_202601300418,BULLISH,1.0,1.08,1.09,1.08,1.09,10009_DONE,0.11,3399,375.0,0.0037,
2026-01-30T04:19:00+00:00,2026-01-30T05:03:00+00:00,EURUSD,W1,swing,OPP_EURUSD_W1_202601300419,BULLISH,1.0,1.08,1.08,1.08,1.09,10009_DONE,0.43,2700,-250.0,-0.0025,
2026-01-30T04:20:00+00:00,2026-01-30T04:55:00+00:00,EURUSD,W1,swing,OPP_EURUSD_W1_202601300420,BULLISH,1.0,1.08,1.09,1.08,1.09,10009_DONE,0.61,2918,375.0,0.0037,
2026-01-30T04:21:00+00:00,2026-01-30T04:46:00+00:00,EURUSD,W1,swing,OPP_EURUSD_W1_202601300421,BULLISH,1.0,1.08,1.08,1.08,1.09,10009_DONE,0.6,3468,-250.0,-0.0025,
2026-01-30T04:22:00+00:00,2026-01-30T04:49:00+00:00,EURUSD,W1,swing,OPP_EURUSD_W1_202601300422,BULLISH,1.0,1.08,1.09,1.08,1.09,10009_DONE,0.29,2489,375.0,0.0037,
2026-01-30T04:23:00+00:00,2026-01-30T04:33:00+00:00,EURUSD,W1,swing,OPP_EURUSD_W1_202601300423,BULLISH,1.0,1.08,1.09,1.08,1.09,10009_DONE,0.58,1635,375.0,0.0037,
2026-01-30T04:24:00+00:00,2026-01-30T04:43:00+00:00,EURUSD,W1,swing,OPP_EURUSD_W1_202601300424,BULLISH,1.0,1.08,1.08,1.08,1.09,10009_DONE,0.72,3107,-250.0,-0.0025,
2026-01-30T04:25:00+00:00,2026-01-30T04:51:00+00:00,EURUSD,W1,swing,OPP_EURUSD_W1_202601300425,BULLISH,1.0,1.08,1.08,1.08,1.09,10009_DONE,0.4,2631,-250.0,-0.0025,
2026-01-30T04:26:00+00:00,2026-01-30T05:03:00+00:00,EURUSD,W1,swing,OPP_EURUSD_W1_202601300426,BULLISH,1.0,1.08,1.08,1.08,1.09,10009_DONE,0.22,1860,-250.0,-0.0025,
2026-01-30T04:27:00+00:00,2026-01-30T04:51:00+00:00,EURUSD,W1,swing,OPP_EURUSD_W1_202601300427,BULLISH,1.0,1.08,1.09,1.08,1.09,10009_DONE,0.19,3312,375.0,0.0037,
2026-01-30T04:28:00+00:00,2026-01-30T05:08:00+00:00,EURUSD,W1,swing,OPP_EURUSD_W1_202601300428,BULLISH,1.0,1.08,1.08,1.08,1.09,10009_DONE,0.75,2342,-250.0,-0.0025,
2026-01-30T04:29:00+00:00,2026-01-30T04:55:00+00:00,EURUSD,W1,swing,OPP_EURUSD_W1_202601300429,BULLISH,1.0,1.08,1.09,1.08,1.09,10009_DONE,0.51,2481,375.0,0.0037,
2026-01-30T04:30:00+00:00,2026-01-30T04:59:00+00:00,EURUSD,W1,swing,OPP_EURUSD_W1_202601300430,BULLISH,1.0,1.08,1.08,1.08,1.09,10009_DONE,0.41,2929,-250.0,-0.0025,
2026-01-30T04:31:00+00:00,2026-01-30T05:29:00+00:00,EURUSD,W1,swing,OPP_EURUSD_W1_202601300431,BULLISH,1.0,1.08,1.08,1.08,1.09,10009_DONE,0.61,1182,-250.0,-0.0025,
2026-01-30T04:32:00+00:00,2026-01-30T04:59:00+00:00,EURUSD,W1,swing,OPP_EURUSD_W1_202601300432,BULLISH,1.0,1.08,1.09,1.08,1.09,10009_DONE,0.75,2255,375.0,0.0037,
2026-01-30T04:33:00+00:00,2026-01-30T05:18:00+00:00,EURUSD,W1,swing,OPP_EURUSD_W1_202601300433,BULLISH,1.0,1.08,1.09,1.08,1.09,10009_DONE,0.73,2511,375.0,0.0037,
2026-01-30T04:34:00+00:00,2026-01-30T04:57:00+00:00,EURUSD,W1,swing,OPP_EURUSD_W1_202601300434,BULLISH,1.0,1.08,1.09,1.08,1.09,10009_DONE,0.16,535,375.0,0.0037,
2026-01-30T04:35:00+00:00,2026-01-30T04:58:00+00:00,EURUSD,W1,swing,OPP_EURUSD_W1_202601300435,BULLISH,1.0,1.08,1.09,1.08,1.09,10009_DONE,0.24,767,375.0,0.0037,
2026-01-30T04:36:00+00:00,2026-01-30T05:05:00+00:00,EURUSD,W1,swing,OPP_EURUSD_W1_202601300436,BULLISH,1.0,1.08,1.09,1.08,1.09,10009_DONE,0.35,668,375.0,0.0037,
2026-01-30T04:37:00+00:00,2026-01-30T04:44:00+00:00,EURUSD,W1,swing,OPP_EURUSD_W1_202601300437,BULLISH,1.0,1.08,1.08,1.08,1.09,10009_DONE,0.38,2536,-250.0,-0.0025,
2026-01-30T04:38:00+00:00,2026-01-30T04:44:00+00:00,EURUSD,W1,swing,OPP_EURUSD_W1_202601300438,BULLISH,1.0,1.08,1.09,1.08,1.09,10009_DONE,0.15,1628,375.0,0.0037,
2026-01-30T04:39:00+00:00,2026-01-30T05:19:00+00:00,EURUSD,W1,swing,OPP_EURUSD_W1_202601300439,BULLISH,1.0,1.08,1.08,1.08,1.09,10009_DONE,0.35,1986,-250.0,-0.0025,
2026-01-30T04:40:00+00:00,2026-01-30T05:15:00+00:00,EURUSD,W1,swing,OPP_EURUSD_W1_202601300440,BULLISH,1.0,1.08,1.09,1.08,1.09,10009_DONE,0.51,508,375.0,0.0037,
2026-01-30T04:41:00+00:00,2026-01-30T04:48:00+00:00,EURUSD,W1,swing,OPP_EURUSD_W1_202601300441,BULLISH,1.0,1.08,1.09,1.08,1.09,10009_DONE,0.31,2872,375.0,0.0037,
2026-01-30T04:42:00+00:00,2026-01-30T05:33:00+00:00,EURUSD,W1,swing,OPP_EURUSD_W1_202601300442,BULLISH,1.0,1.08,1.09,1.08,1.09,10009_DONE,0.61,2381,375.0,0.0037,
2026-01-30T04:43:00+00:00,2026-01-30T05:12:00+00:00,EURUSD,W1,swing,OPP_EURUSD_W1_202601300443,BULLISH,1.0,1.08,1.08,1.08,1.09,10009_DONE,0.8,1639,-250.0,-0.0025,
2026-01-30T04:44:00+00:00,2026-01-30T05:14:00+00:00,EURUSD,W1,swing,OPP_EURUSD_W1_202601300444,BULLISH,1.0,1.08,1.08,1.08,1.09,10009_DONE,0.45,2790,-250.0,-0.0025,
2026-01-30T04:45:00+00:00,2026-01-30T04:54:00+00:00,EURUSD,W1,swing,OPP_EURUSD_W1_202601300445,BULLISH,1.0,1.08,1.09,1.08,1.09,10009_DONE,0.42,2497,375.0,0.0037,
2026-01-30T04:46:00+00:00,2026-01-30T05:07:00+00:00,EURUSD,W1,swing,OPP_EURUSD_W1_202601300446,BULLISH,1.0,1.08,1.08,1.08,1.09,10009_DONE,0.73,3455,-250.0,-0.0025,
2026-01-30T04:47:00+00:00,2026-01-30T05:00:00+00:00,EURUSD,W1,swing,OPP_EURUSD_W1_202601300447,BULLISH,1.0,1.08,1.09,1.08,1.09,10009_DONE,0.74,1319,375.0,0.0037,
2026-01-30T04:48:00+00:00,2026-01-30T05:03:00+00:00,EURUSD,W1,swing,OPP_EURUSD_W1_202601300448,BULLISH,1.0,1.08,1.08,1.08,1.09,10009_DONE,0.55,2386,-250.0,-0.0025,
2026-01-30T04:49:00+00:00,2026-01-30T05:04:00+00:00,EURUSD,W1,swing,OPP_EURUSD_W1_202601300449,BULLISH,1.0,1.08,1.08,1.08,1.09,10009_DONE,0.47,494,-250.0,-0.0025,
2026-01-30T04:50:00+00:00,2026-01-30T04:58:00+00:00,EURUSD,W1,swing,OPP_EURUSD_W1_202601300450,BULLISH,1.0,1.08,1.08,1.08,1.09,10009_DONE,0.26,1835,-250.0,-0.0025,
2026-01-30T04:51:00+00:00,2026-01-30T04:59:00+00:00,EURUSD,W1,swing,OPP_EURUSD_W1_202601300451,BULLISH,1.0,1.08,1.08,1.08,1.09,10009_DONE,0.43,1744,-250.0,-0.0025,
