ts_open,ts_close,duration_s,dir,size,open_price,close_price,beat,z_price,state,reason_exit,rest_counter,spreads_est,fr_moment,MT5_RETCODE,pnl_net
2019-10-31 16:00:00,2019-11-01 12:00:00,72000.0,BUY,1.0,1511.8,1507.82,450,-0.063,ATOMIC_CORE,ALPHA_LOSS,0,25,0.06281407035175851,10009_DONE,-423.0000000000018
2019-11-01 16:00:00,2019-11-06 08:00:00,403200.0,BUY,1.0,1510.66,1488.66,450,-0.2375,ATOMIC_CORE,ALPHA_LOSS,0,25,0.011363636363636364,10009_DONE,-2225.0
2019-11-06 12:00:00,2019-11-07 20:00:00,115200.0,BUY,1.0,1488.89,1468.47,450,0.0381,ATOMIC_CORE,ALPHA_LOSS,0,25,0.01224289911851122,10009_DONE,-2067.0000000000073
2019-11-08 00:00:00,2019-11-12 20:00:00,417600.0,BUY,1.0,1467.26,1456.28,450,0.0266,ATOMIC_CORE,ALPHA_LOSS,0,25,0.02276867030965388,10009_DONE,-1123.0000000000018
2019-11-13 00:00:00,2019-11-20 12:00:00,648000.0,BUY,1.0,1457.81,1471.83,450,-0.3704,ATOMIC_CORE,ALPHA_LOSS,0,25,0.01783166904422256,10009_DONE,1376.9999999999982
2019-11-20 16:00:00,2019-12-02 20:00:00,1051200.0,BUY,1.0,1471.35,1462.47,450,-0.0993,ATOMIC_CORE,ALPHA_LOSS,0,25,0.028153153153153528,10009_DONE,-912.9999999999882
2019-12-03 00:00:00,2019-12-04 08:00:00,115200.0,BUY,1.0,1462.83,1474.23,450,0.1845,ATOMIC_CORE,ALPHA_LOSS,0,25,0.021929824561403334,10009_DONE,1115.000000000009
2019-12-04 12:00:00,2019-12-04 16:00:00,14400.0,BUY,1.0,1477.5,1473.94,450,0.4686,ATOMIC_CORE,ALPHA_LOSS,0,25,0.07022471910112467,10009_DONE,-380.99999999999454
2019-12-04 20:00:00,2019-12-10 08:00:00,475200.0,BUY,1.0,1474.3,1464.3,450,-0.122,ATOMIC_CORE,ALPHA_LOSS,0,25,0.025,10009_DONE,-1025.0
2019-12-10 12:00:00,2019-12-20 16:00:00,878400.0,BUY,1.0,1466.98,1477.24,450,0.0979,ATOMIC_CORE,ALPHA_LOSS,0,25,0.02436647173489281,10009_DONE,1000.9999999999991
2019-12-20 20:00:00,2019-12-23 12:00:00,230400.0,BUY,1.0,1477.9,1483.2,450,-0.4459,ATOMIC_CORE,ALPHA_LOSS,0,25,0.04716981132075512,10009_DONE,504.99999999999545
2019-12-23 16:00:00,2019-12-27 20:00:00,360000.0,BUY,1.0,1483.89,1510.69,450,-0.4535,ATOMIC_CORE,ALPHA_LOSS,0,25,0.00932835820895524,10009_DONE,2654.9999999999955
2019-12-30 00:00:00,2019-12-31 12:00:00,129600.0,BUY,1.0,1514.12,1520.75,450,-0.2204,ATOMIC_CORE,ALPHA_LOSS,0,25,0.0377073906485665,10009_DONE,638.0000000000109
2019-12-31 16:00:00,2020-01-03 20:00:00,273600.0,BUY,1.0,1522.64,1551.44,450,-0.053,ATOMIC_CORE,ALPHA_LOSS,0,25,0.00868055555555557,10009_DONE,2854.9999999999955
2020-01-06 00:00:00,2020-01-06 04:00:00,14400.0,BUY,1.0,1577.7,1574.87,450,0.0387,ATOMIC_CORE,ALPHA_LOSS,0,25,0.08833922261483616,10009_DONE,-308.00000000001546
2020-01-06 08:00:00,2020-01-08 08:00:00,172800.0,BUY,1.0,1577.2,1583.62,450,0.3781,ATOMIC_CORE,ALPHA_LOSS,0,25,0.03894080996884829,10009_DONE,616.9999999999845
2020-01-08 12:00:00,2020-01-14 08:00:00,504000.0,BUY,1.0,1576.67,1543.99,450,-0.4562,ATOMIC_CORE,ALPHA_LOSS,0,25,0.007649938800489581,10009_DONE,-3293.0000000000064
2020-01-14 12:00:00,2020-01-21 08:00:00,590400.0,BUY,1.0,1544.06,1555.79,450,-0.0555,ATOMIC_CORE,ALPHA_LOSS,0,25,0.021312872975277033,10009_DONE,1148.0000000000018
2020-01-21 12:00:00,2020-01-23 20:00:00,201600.0,BUY,1.0,1553.2,1562.79,450,-0.1678,ATOMIC_CORE,ALPHA_LOSS,0,25,0.026068821689259867,10009_DONE,933.9999999999918
2020-01-24 00:00:00,2020-01-27 08:00:00,288000.0,BUY,1.0,1561.77,1582.62,450,0.0146,ATOMIC_CORE,ALPHA_LOSS,0,25,0.011990407673860963,10009_DONE,2059.999999999991
2020-01-27 12:00:00,2020-01-30 20:00:00,288000.0,BUY,1.0,1581.29,1573.79,450,0.2355,ATOMIC_CORE,ALPHA_LOSS,0,25,0.03333333333333333,10009_DONE,-775.0
2020-01-31 00:00:00,2020-02-05 12:00:00,475200.0,BUY,1.0,1573.85,1554.37,450,-0.1333,ATOMIC_CORE,ALPHA_LOSS,0,25,0.012833675564681712,10009_DONE,-1973.0000000000018
2020-02-05 16:00:00,2020-02-19 04:00:00,1166400.0,BUY,1.0,1557.62,1602.89,450,-0.4187,ATOMIC_CORE,ALPHA_LOSS,0,25,0.005522421029379255,10009_DONE,4502.000000000021
2020-02-19 08:00:00,2020-02-19 12:00:00,14400.0,BUY,1.0,1608.85,1603.23,450,0.0123,ATOMIC_CORE,ALPHA_LOSS,0,25,0.04448398576512542,10009_DONE,-586.9999999999891
2020-02-19 16:00:00,2020-02-20 04:00:00,43200.0,BUY,1.0,1607.55,1609.32,450,-0.0442,ATOMIC_CORE,ALPHA_LOSS,0,25,0.1412429378531088,10009_DONE,151.99999999999818
2020-02-20 08:00:00,2020-03-06 12:00:00,1310400.0,BUY,1.0,1608.92,1673.38,450,-0.2037,ATOMIC_CORE,ALPHA_LOSS,0,25,0.003878374185541419,10009_DONE,6421.000000000004
2020-03-06 16:00:00,2020-03-09 04:00:00,216000.0,BUY,1.0,1665.68,1662.57,450,-0.2284,ATOMIC_CORE,ALPHA_LOSS,0,25,0.08038585209002887,10009_DONE,-336.00000000001273
2020-03-09 08:00:00,2020-03-13 04:00:00,331200.0,BUY,1.0,1675.26,1579.01,450,-0.353,ATOMIC_CORE,ALPHA_LOSS,0,25,0.0025974025974025974,10009_DONE,-9650.0
2020-03-13 08:00:00,2020-03-13 12:00:00,14400.0,BUY,1.0,1586.05,1594.85,450,-0.4262,ATOMIC_CORE,ALPHA_LOSS,0,25,0.028409090909091057,10009_DONE,854.9999999999955
2020-03-13 16:00:00,2020-03-16 16:00:00,259200.0,BUY,1.0,1522.9,1508.61,450,0.3318,ATOMIC_CORE,ALPHA_LOSS,0,25,0.017494751574527408,10009_DONE,-1454.000000000019
2020-03-16 20:00:00,2020-03-17 16:00:00,72000.0,BUY,1.0,1509.47,1527.18,450,0.3897,ATOMIC_CORE,ALPHA_LOSS,0,25,0.014116318464144522,10009_DONE,1746.0000000000036
2020-03-17 20:00:00,2020-04-01 20:00:00,1296000.0,BUY,1.0,1527.76,1591.03,450,0.4971,ATOMIC_CORE,ALPHA_LOSS,0,25,0.003951319740793426,10009_DONE,6301.999999999998
2020-04-02 00:00:00,2020-04-14 08:00:00,1065600.0,BUY,1.0,1587.46,1719.29,450,-0.0898,ATOMIC_CORE,ALPHA_LOSS,0,25,0.0018963817037093236,10009_DONE,13157.999999999993
2020-04-14 12:00:00,2020-04-15 08:00:00,72000.0,BUY,1.0,1730.15,1712.61,450,-0.1169,ATOMIC_CORE,ALPHA_LOSS,0,25,0.014253135689851612,10009_DONE,-1779.000000000019
2020-04-15 12:00:00,2020-04-20 12:00:00,432000.0,BUY,1.0,1716.07,1684.97,450,0.1729,ATOMIC_CORE,ALPHA_LOSS,0,25,0.00803858520900324,10009_DONE,-3134.999999999991
2020-04-20 16:00:00,2020-04-29 20:00:00,792000.0,BUY,1.0,1694.13,1712.07,450,0.4859,ATOMIC_CORE,ALPHA_LOSS,0,25,0.013935340022296678,10009_DONE,1768.9999999999827
2020-04-30 00:00:00,2020-05-08 12:00:00,734400.0,BUY,1.0,1711.89,1711.93,450,-0.117,ATOMIC_CORE,ALPHA_LOSS,0,25,6.250000000005684,10009_DONE,-21.000000000003638
2020-05-08 16:00:00,2020-05-15 20:00:00,619200.0,BUY,1.0,1709.75,1741.96,450,0.0681,ATOMIC_CORE,ALPHA_LOSS,0,25,0.0077615647314498515,10009_DONE,3196.0000000000036
2020-05-18 00:00:00,2020-05-18 12:00:00,43200.0,BUY,1.0,1754.77,1748.91,450,0.1292,ATOMIC_CORE,ALPHA_LOSS,0,25,0.042662116040956356,10009_DONE,-610.99999999999
2020-05-18 16:00:00,2020-06-04 12:00:00,1454400.0,BUY,1.0,1730.94,1716.82,450,-0.0905,ATOMIC_CORE,ALPHA_LOSS,0,25,0.017705382436260474,10009_DONE,-1437.0000000000118
2020-06-04 16:00:00,2020-06-11 16:00:00,604800.0,BUY,1.0,1716.83,1727.28,450,-0.1758,ATOMIC_CORE,ALPHA_LOSS,0,25,0.02392344497607645,10009_DONE,1020.0000000000045
2020-06-11 20:00:00,2020-06-22 20:00:00,950400.0,BUY,1.0,1728.61,1754.58,450,-0.3811,ATOMIC_CORE,ALPHA_LOSS,0,25,0.009626492106276462,10009_DONE,2572.0000000000027
2020-06-23 00:00:00,2020-06-24 12:00:00,129600.0,BUY,1.0,1753.44,1766.78,450,-0.1545,ATOMIC_CORE,ALPHA_LOSS,0,25,0.018740629685157537,10009_DONE,1308.9999999999918
2020-06-24 16:00:00,2020-07-01 12:00:00,590400.0,BUY,1.0,1766.26,1779.36,450,-0.127,ATOMIC_CORE,ALPHA_LOSS,0,25,0.019083969465648987,10009_DONE,1284.999999999991
2020-07-01 16:00:00,2020-07-08 20:00:00,619200.0,BUY,1.0,1770.48,1808.35,450,-0.0674,ATOMIC_CORE,ALPHA_LOSS,0,25,0.006601531555320853,10009_DONE,3761.999999999989
2020-07-09 00:00:00,2020-07-21 20:00:00,1108800.0,BUY,1.0,1806.8,1841.42,450,-0.0616,ATOMIC_CORE,ALPHA_LOSS,0,25,0.007221259387637179,10009_DONE,3437.000000000012
2020-07-22 00:00:00,2020-07-22 08:00:00,28800.0,BUY,1.0,1843.28,1846.4,450,0.1035,ATOMIC_CORE,ALPHA_LOSS,0,25,0.0801282051282021,10009_DONE,287.0000000000118
2020-07-22 12:00:00,2020-07-23 04:00:00,57600.0,BUY,1.0,1854.92,1868.26,450,-0.3813,ATOMIC_CORE,ALPHA_LOSS,0,25,0.018740629685157537,10009_DONE,1308.9999999999918
2020-07-23 08:00:00,2020-07-23 12:00:00,14400.0,BUY,1.0,1882.31,1871.87,450,0.3679,ATOMIC_CORE,ALPHA_LOSS,0,25,0.02394636015325658,10009_DONE,-1069.0000000000055
2020-07-23 16:00:00,2020-07-28 04:00:00,388800.0,BUY,1.0,1893.48,1944.23,450,0.2538,ATOMIC_CORE,ALPHA_LOSS,0,25,0.0049261083743842365,10009_DONE,5050.0
2020-07-28 08:00:00,2020-08-05 16:00:00,720000.0,BUY,1.0,1931.0,2032.02,450,0.3103,ATOMIC_CORE,ALPHA_LOSS,0,25,0.0024747574737675714,10009_DONE,10076.999999999998
2020-08-05 20:00:00,2020-08-12 08:00:00,561600.0,BUY,1.0,2038.87,1930.56,450,0.0405,ATOMIC_CORE,ALPHA_LOSS,0,25,0.0023081894561905653,10009_DONE,-10855.999999999995
2020-08-12 12:00:00,2020-08-18 20:00:00,547200.0,BUY,1.0,1937.06,2002.29,450,0.1213,ATOMIC_CORE,ALPHA_LOSS,0,25,0.0038325923654760068,10009_DONE,6498.000000000002
2020-08-19 00:00:00,2020-09-04 20:00:00,1454400.0,BUY,1.0,2000.33,1932.96,450,-0.4908,ATOMIC_CORE,ALPHA_LOSS,0,25,0.003710850526940781,10009_DONE,-6761.999999999989
2020-09-07 00:00:00,2020-09-10 20:00:00,331200.0,BUY,1.0,1932.88,1945.88,450,-0.0289,ATOMIC_CORE,ALPHA_LOSS,0,25,0.019230769230769232,10009_DONE,1275.0
2020-09-11 00:00:00,2020-09-16 16:00:00,489600.0,BUY,1.0,1948.83,1965.16,450,0.4515,ATOMIC_CORE,ALPHA_LOSS,0,25,0.015309246785058031,10009_DONE,1608.0000000000155
2020-09-16 20:00:00,2020-09-21 20:00:00,432000.0,BUY,1.0,1959.0,1911.84,450,-0.0797,ATOMIC_CORE,ALPHA_LOSS,0,25,0.005301102629346895,10009_DONE,-4741.000000000008
2020-09-22 00:00:00,2020-09-22 12:00:00,43200.0,BUY,1.0,1917.87,1912.19,450,0.3145,ATOMIC_CORE,ALPHA_LOSS,0,25,0.04401408450704352,10009_DONE,-592.9999999999836
2020-09-22 16:00:00,2020-09-30 20:00:00,705600.0,BUY,1.0,1899.12,1885.19,450,-0.1484,ATOMIC_CORE,ALPHA_LOSS,0,25,0.017946877243359867,10009_DONE,-1417.9999999999836
2020-10-01 00:00:00,2020-10-02 16:00:00,144000.0,BUY,1.0,1885.06,1901.25,450,0.3983,ATOMIC_CORE,ALPHA_LOSS,0,25,0.015441630636195131,10009_DONE,1594.0000000000055
2020-10-02 20:00:00,2020-10-06 16:00:00,331200.0,BUY,1.0,1900.52,1903.77,450,0.4066,ATOMIC_CORE,ALPHA_LOSS,0,25,0.07692307692307693,10009_DONE,300.0
2020-10-06 20:00:00,2020-10-12 08:00:00,475200.0,BUY,1.0,1877.57,1923.55,450,-0.3219,ATOMIC_CORE,ALPHA_LOSS,0,25,0.005437146585471942,10009_DONE,4573.000000000002
2020-10-12 12:00:00,2020-10-26 12:00:00,1209600.0,BUY,1.0,1925.05,1901.6,450,-0.4819,ATOMIC_CORE,ALPHA_LOSS,0,25,0.01066098081023452,10009_DONE,-2370.0000000000045
2020-10-26 16:00:00,2020-11-16 12:00:00,1800000.0,BUY,1.0,1904.03,1885.97,450,-0.0422,ATOMIC_CORE,ALPHA_LOSS,0,25,0.013842746400885978,10009_DONE,-1830.9999999999945
2020-11-16 16:00:00,2020-11-19 16:00:00,259200.0,BUY,1.0,1889.23,1862.76,450,0.0632,ATOMIC_CORE,ALPHA_LOSS,0,25,0.00944465432565167,10009_DONE,-2672.0000000000027
2020-11-19 20:00:00,2020-11-24 08:00:00,388800.0,BUY,1.0,1866.79,1825.5,450,0.0689,ATOMIC_CORE,ALPHA_LOSS,0,25,0.006054734802615651,10009_DONE,-4153.999999999996
2020-11-24 12:00:00,2020-11-25 08:00:00,72000.0,BUY,1.0,1805.66,1813.15,450,0.079,ATOMIC_CORE,ALPHA_LOSS,0,25,0.03337783711615483,10009_DONE,724.0000000000009
2020-11-25 12:00:00,2020-12-02 12:00:00,604800.0,BUY,1.0,1814.11,1815.69,450,0.1724,ATOMIC_CORE,ALPHA_LOSS,0,25,0.15822784810125035,10009_DONE,133.00000000001546
2020-12-02 16:00:00,2020-12-16 12:00:00,1195200.0,BUY,1.0,1825.86,1851.66,450,0.4727,ATOMIC_CORE,ALPHA_LOSS,0,25,0.009689922480620087,10009_DONE,2555.000000000018
2020-12-16 16:00:00,2020-12-21 08:00:00,403200.0,BUY,1.0,1854.8,1886.38,450,0.1473,ATOMIC_CORE,ALPHA_LOSS,0,25,0.007916402786573741,10009_DONE,3133.0000000000155
2020-12-21 12:00:00,2020-12-31 16:00:00,878400.0,BUY,1.0,1882.09,1894.26,450,-0.1582,ATOMIC_CORE,ALPHA_LOSS,0,25,0.020542317173377036,10009_DONE,1192.0000000000073
2020-12-31 20:00:00,2021-01-11 04:00:00,892800.0,BUY,1.0,1896.74,1840.41,450,0.0517,ATOMIC_CORE,ALPHA_LOSS,0,25,0.004438132433871833,10009_DONE,-5657.999999999993
2021-01-11 08:00:00,2021-01-27 16:00:00,1411200.0,BUY,1.0,1848.53,1845.47,450,0.4615,ATOMIC_CORE,ALPHA_LOSS,0,25,0.08169934640523022,10009_DONE,-330.99999999999454
2021-01-27 20:00:00,2021-01-28 08:00:00,43200.0,BUY,1.0,1843.75,1840.78,450,-0.156,ATOMIC_CORE,ALPHA_LOSS,0,25,0.0841750841750834,10009_DONE,-322.00000000000273
2021-01-28 12:00:00,2021-01-28 20:00:00,28800.0,BUY,1.0,1856.9,1842.53,450,-0.1712,ATOMIC_CORE,ALPHA_LOSS,0,25,0.01739735560194836,10009_DONE,-1462.0000000000118
2021-01-29 00:00:00,2021-02-01 20:00:00,331200.0,BUY,1.0,1843.0,1860.4,450,-0.3504,ATOMIC_CORE,ALPHA_LOSS,0,25,0.014367816091953948,10009_DONE,1715.000000000009
2021-02-02 00:00:00,2021-02-10 16:00:00,748800.0,BUY,1.0,1862.69,1842.13,450,0.33,ATOMIC_CORE,ALPHA_LOSS,0,25,0.012159533073929994,10009_DONE,-2080.9999999999945
2021-02-10 20:00:00,2021-02-19 04:00:00,720000.0,BUY,1.0,1842.31,1772.36,450,-0.3276,ATOMIC_CORE,ALPHA_LOSS,0,25,0.003573981415296638,10009_DONE,-7020.000000000005
2021-02-19 08:00:00,2021-02-23 08:00:00,345600.0,BUY,1.0,1770.86,1804.16,450,-0.2392,ATOMIC_CORE,ALPHA_LOSS,0,25,0.007507507507507467,10009_DONE,3305.000000000018
2021-02-23 12:00:00,2021-02-24 08:00:00,72000.0,BUY,1.0,1809.54,1804.21,450,-0.2168,ATOMIC_CORE,ALPHA_LOSS,0,25,0.046904315196998767,10009_DONE,-557.9999999999927
2021-02-24 12:00:00,2021-02-26 20:00:00,201600.0,BUY,1.0,1790.54,1733.74,450,-0.1499,ATOMIC_CORE,ALPHA_LOSS,0,25,0.004401408450704229,10009_DONE,-5704.999999999995
2021-03-01 00:00:00,2021-03-02 08:00:00,115200.0,BUY,1.0,1744.89,1722.88,450,-0.3763,ATOMIC_CORE,ALPHA_LOSS,0,25,0.011358473421172199,10009_DONE,-2225.999999999999
2021-03-02 12:00:00,2021-03-11 12:00:00,777600.0,BUY,1.0,1727.28,1729.93,450,-0.4017,ATOMIC_CORE,ALPHA_LOSS,0,25,0.0943396226415062,10009_DONE,240.0000000000091
2021-03-11 16:00:00,2021-03-18 08:00:00,576000.0,BUY,1.0,1723.63,1736.25,450,-0.2861,ATOMIC_CORE,ALPHA_LOSS,0,25,0.019809825673534245,10009_DONE,1236.999999999989
2021-03-18 12:00:00,2021-03-24 04:00:00,489600.0,BUY,1.0,1729.63,1733.38,450,0.1512,ATOMIC_CORE,ALPHA_LOSS,0,25,0.06666666666666667,10009_DONE,350.0
2021-03-24 08:00:00,2021-03-31 08:00:00,604800.0,BUY,1.0,1730.99,1685.85,450,0.3052,ATOMIC_CORE,ALPHA_LOSS,0,25,0.005538325210456346,10009_DONE,-4539.00000000001
2021-03-31 12:00:00,2021-04-07 04:00:00,576000.0,BUY,1.0,1687.34,1738.97,450,-0.4956,ATOMIC_CORE,ALPHA_LOSS,0,25,0.0048421460391245294,10009_DONE,5138.000000000011
2021-04-07 08:00:00,2021-04-09 04:00:00,158400.0,BUY,1.0,1737.88,1752.04,450,-0.3013,ATOMIC_CORE,ALPHA_LOSS,0,25,0.0176553672316386,10009_DONE,1390.9999999999854
2021-04-09 08:00:00,2021-04-15 20:00:00,561600.0,BUY,1.0,1745.37,1763.32,450,-0.2955,ATOMIC_CORE,ALPHA_LOSS,0,25,0.013927576601671274,10009_DONE,1770.0000000000045
2021-04-16 00:00:00,2021-04-16 20:00:00,72000.0,BUY,1.0,1762.57,1776.71,450,-0.321,ATOMIC_CORE,ALPHA_LOSS,0,25,0.017680339462517555,10009_DONE,1389.00000000001
2021-04-19 00:00:00,2021-04-19 04:00:00,14400.0,BUY,1.0,1782.02,1777.79,450,0.4457,ATOMIC_CORE,ALPHA_LOSS,0,25,0.05910165484633544,10009_DONE,-448.0000000000018
2021-04-19 08:00:00,2021-04-22 08:00:00,259200.0,BUY,1.0,1786.93,1789.7,450,0.3853,ATOMIC_CORE,ALPHA_LOSS,0,25,0.09025270758122803,10009_DONE,251.99999999999818
2021-04-22 12:00:00,2021-05-04 08:00:00,1022400.0,BUY,1.0,1785.01,1785.73,450,0.4172,ATOMIC_CORE,ALPHA_LOSS,0,25,0.34722222222220905,10009_DONE,47.00000000000273
2021-05-04 12:00:00,2021-05-17 12:00:00,1123200.0,BUY,1.0,1788.25,1845.72,450,0.203,ATOMIC_CORE,ALPHA_LOSS,0,25,0.004350095702105444,10009_DONE,5722.000000000003
2021-05-17 16:00:00,2021-05-24 08:00:00,576000.0,BUY,1.0,1867.96,1877.48,450,0.0999,ATOMIC_CORE,ALPHA_LOSS,0,25,0.02626050420168072,10009_DONE,926.9999999999982
2021-05-24 12:00:00,2021-06-15 20:00:00,1929600.0,BUY,1.0,1879.9,1858.77,450,-0.2603,ATOMIC_CORE,ALPHA_LOSS,0,25,0.011831519167060989,10009_DONE,-2138.000000000011
2021-06-16 00:00:00,2021-06-17 00:00:00,86400.0,BUY,1.0,1854.46,1817.64,450,-0.0965,ATOMIC_CORE,ALPHA_LOSS,0,25,0.006789788158609463,10009_DONE,-3706.9999999999936
2021-06-17 04:00:00,2021-07-13 20:00:00,2304000.0,BUY,1.0,1821.32,1807.07,450,0.1307,ATOMIC_CORE,ALPHA_LOSS,0,25,0.017543859649122806,10009_DONE,-1450.0
2021-07-14 00:00:00,2021-07-16 04:00:00,187200.0,BUY,1.0,1807.24,1826.34,450,0.02,ATOMIC_CORE,ALPHA_LOSS,0,25,0.013089005235602157,10009_DONE,1884.999999999991
2021-07-16 08:00:00,2021-07-29 20:00:00,1166400.0,BUY,1.0,1822.72,1827.77,450,-0.3942,ATOMIC_CORE,ALPHA_LOSS,0,25,0.04950495049504995,10009_DONE,479.99999999999545
2021-07-30 00:00:00,2021-07-30 12:00:00,43200.0,BUY,1.0,1827.26,1822.67,450,0.1209,ATOMIC_CORE,ALPHA_LOSS,0,25,0.05446623093682015,10009_DONE,-483.9999999999918
2021-07-30 16:00:00,2021-08-06 20:00:00,619200.0,BUY,1.0,1814.26,1763.13,450,-0.109,ATOMIC_CORE,ALPHA_LOSS,0,25,0.004889497359671437,10009_DONE,-5137.999999999988
2021-08-09 00:00:00,2021-08-16 04:00:00,619200.0,BUY,1.0,1727.55,1776.95,450,0.1489,ATOMIC_CORE,ALPHA_LOSS,0,25,0.005060728744939262,10009_DONE,4915.000000000009
2021-08-16 08:00:00,2021-08-17 04:00:00,72000.0,BUY,1.0,1775.9,1785.97,450,-0.1241,ATOMIC_CORE,ALPHA_LOSS,0,25,0.024826216484607904,10009_DONE,981.9999999999936
2021-08-17 08:00:00,2021-08-30 04:00:00,1108800.0,BUY,1.0,1794.48,1816.01,450,0.2324,ATOMIC_CORE,ALPHA_LOSS,0,25,0.011611704598235035,10009_DONE,2127.9999999999973
2021-08-30 08:00:00,2021-09-06 08:00:00,604800.0,BUY,1.0,1814.84,1824.84,450,-0.0967,ATOMIC_CORE,ALPHA_LOSS,0,25,0.025,10009_DONE,975.0
2021-09-06 12:00:00,2021-09-15 08:00:00,763200.0,BUY,1.0,1822.5,1800.46,450,0.3229,ATOMIC_CORE,ALPHA_LOSS,0,25,0.011343012704174248,10009_DONE,-2228.9999999999964
2021-09-15 12:00:00,2021-09-16 20:00:00,115200.0,BUY,1.0,1796.53,1752.59,450,-0.1683,ATOMIC_CORE,ALPHA_LOSS,0,25,0.005689576695493848,10009_DONE,-4419.0000000000055
2021-09-17 00:00:00,2021-09-17 04:00:00,14400.0,BUY,1.0,1756.31,1760.34,450,0.3319,ATOMIC_CORE,ALPHA_LOSS,0,25,0.06203473945409471,10009_DONE,377.99999999999727
2021-09-17 08:00:00,2021-09-29 04:00:00,1022400.0,BUY,1.0,1765.81,1738.08,450,-0.1145,ATOMIC_CORE,ALPHA_LOSS,0,25,0.00901550667147493,10009_DONE,-2798.000000000002
2021-09-29 08:00:00,2021-10-04 08:00:00,432000.0,BUY,1.0,1742.91,1751.39,450,0.4331,ATOMIC_CORE,ALPHA_LOSS,0,25,0.029481132075471636,10009_DONE,823.0000000000018
2021-10-04 12:00:00,2021-10-13 20:00:00,806400.0,BUY,1.0,1755.01,1792.68,450,-0.0523,ATOMIC_CORE,ALPHA_LOSS,0,25,0.00663658083355454,10009_DONE,3742.0000000000073
2021-10-14 00:00:00,2021-10-15 08:00:00,115200.0,BUY,1.0,1792.74,1785.95,450,0.4011,ATOMIC_CORE,ALPHA_LOSS,0,25,0.03681885125184114,10009_DONE,-703.9999999999964
2021-10-15 12:00:00,2021-10-26 04:00:00,921600.0,BUY,1.0,1767.24,1803.37,450,-0.3938,ATOMIC_CORE,ALPHA_LOSS,0,25,0.0069194575145308836,10009_DONE,3587.999999999988
2021-10-26 08:00:00,2021-10-29 20:00:00,302400.0,BUY,1.0,1802.17,1782.88,450,0.0452,ATOMIC_CORE,ALPHA_LOSS,0,25,0.01296008294453087,10009_DONE,-1953.9999999999964
2021-11-01 00:00:00,2021-11-01 04:00:00,14400.0,BUY,1.0,1781.5,1783.65,450,-0.2011,ATOMIC_CORE,ALPHA_LOSS,0,25,0.11627906976743695,10009_DONE,190.0000000000091
2021-11-01 08:00:00,2021-11-08 08:00:00,604800.0,BUY,1.0,1784.06,1815.89,450,0.3281,ATOMIC_CORE,ALPHA_LOSS,0,25,0.007854225573358428,10009_DONE,3158.0000000000155
2021-11-08 12:00:00,2021-11-09 04:00:00,57600.0,BUY,1.0,1821.65,1824.6,450,-0.0892,ATOMIC_CORE,ALPHA_LOSS,0,25,0.08474576271186963,10009_DONE,269.9999999999818
2021-11-09 08:00:00,2021-11-15 00:00:00,489600.0,BUY,1.0,1825.32,1860.43,450,-0.4156,ATOMIC_CORE,ALPHA_LOSS,0,25,0.007120478496154916,10009_DONE,3486.0000000000127
2021-11-15 04:00:00,2021-11-23 20:00:00,748800.0,BUY,1.0,1858.82,1789.06,450,-0.053,ATOMIC_CORE,ALPHA_LOSS,0,25,0.003583715596330276,10009_DONE,-7000.999999999999
2021-11-24 00:00:00,2021-11-24 20:00:00,72000.0,BUY,1.0,1794.93,1788.59,450,-0.4864,ATOMIC_CORE,ALPHA_LOSS,0,25,0.039432176656150515,10009_DONE,-659.0000000000146
2021-11-25 00:00:00,2021-12-02 20:00:00,676800.0,BUY,1.0,1791.78,1768.47,450,-0.2664,ATOMIC_CORE,ALPHA_LOSS,0,25,0.01072501072501075,10009_DONE,-2355.9999999999945
2021-12-03 00:00:00,2021-12-10 12:00:00,648000.0,BUY,1.0,1770.47,1784.09,450,0.4106,ATOMIC_CORE,ALPHA_LOSS,0,25,0.01835535976505154,10009_DONE,1336.999999999989
2021-12-10 16:00:00,2021-12-15 12:00:00,417600.0,BUY,1.0,1783.34,1771.87,450,0.3378,ATOMIC_CORE,ALPHA_LOSS,0,25,0.02179598953792497,10009_DONE,-1172.0000000000027
2021-12-15 16:00:00,2022-01-06 20:00:00,1915200.0,BUY,1.0,1765.51,1789.6,450,-0.0546,ATOMIC_CORE,ALPHA_LOSS,0,25,0.010377750103777537,10009_DONE,2383.999999999992
2022-01-07 00:00:00,2022-01-07 08:00:00,28800.0,BUY,1.0,1790.56,1792.99,450,0.1355,ATOMIC_CORE,ALPHA_LOSS,0,25,0.1028806584362113,10009_DONE,218.00000000000637
2022-01-07 12:00:00,2022-01-12 08:00:00,417600.0,BUY,1.0,1789.11,1816.18,450,0.2767,ATOMIC_CORE,ALPHA_LOSS,0,25,0.009235315847801939,10009_DONE,2682.0000000000164
2022-01-12 12:00:00,2022-01-18 20:00:00,547200.0,BUY,1.0,1821.12,1813.6,450,-0.0504,ATOMIC_CORE,ALPHA_LOSS,0,25,0.03324468085106391,10009_DONE,-776.9999999999982
2022-01-19 00:00:00,2022-01-20 00:00:00,86400.0,BUY,1.0,1812.19,1841.23,450,-0.3383,ATOMIC_CORE,ALPHA_LOSS,0,25,0.008608815426997256,10009_DONE,2878.9999999999964
2022-01-20 04:00:00,2022-01-27 20:00:00,662400.0,BUY,1.0,1839.19,1796.6,450,0.239,ATOMIC_CORE,ALPHA_LOSS,0,25,0.005869922517022755,10009_DONE,-4284.000000000015
2022-01-28 00:00:00,2022-01-28 20:00:00,72000.0,BUY,1.0,1798.56,1791.5,450,0.071,ATOMIC_CORE,ALPHA_LOSS,0,25,0.03541076487252152,10009_DONE,-730.9999999999945
2022-01-31 00:00:00,2022-02-14 04:00:00,1224000.0,BUY,1.0,1790.19,1854.49,450,0.4369,ATOMIC_CORE,ALPHA_LOSS,0,25,0.0038880248833592563,10009_DONE,6404.999999999995
2022-02-14 08:00:00,2022-03-07 04:00:00,1800000.0,BUY,1.0,1857.25,1983.69,450,0.4352,ATOMIC_CORE,ALPHA_LOSS,0,25,0.0019772223979753235,10009_DONE,12619.000000000005
2022-03-07 08:00:00,2022-03-09 04:00:00,158400.0,BUY,1.0,1998.11,2048.16,450,0.1016,ATOMIC_CORE,ALPHA_LOSS,0,25,0.004995004995004999,10009_DONE,4979.999999999995
2022-03-09 08:00:00,2022-03-16 12:00:00,619200.0,BUY,1.0,2017.94,1920.1,450,-0.3392,ATOMIC_CORE,ALPHA_LOSS,0,25,0.00255519215044971,10009_DONE,-9809.000000000015
2022-03-16 16:00:00,2022-03-24 04:00:00,648000.0,BUY,1.0,1910.19,1940.34,450,-0.4873,ATOMIC_CORE,ALPHA_LOSS,0,25,0.008291873963515791,10009_DONE,2989.9999999999864
2022-03-24 08:00:00,2022-03-24 20:00:00,43200.0,BUY,1.0,1940.91,1957.71,450,-0.0615,ATOMIC_CORE,ALPHA_LOSS,0,25,0.014880952380952422,10009_DONE,1654.9999999999955
2022-03-25 00:00:00,2022-03-25 08:00:00,28800.0,BUY,1.0,1962.8,1955.82,450,0.0299,ATOMIC_CORE,ALPHA_LOSS,0,25,0.03581661891117469,10009_DONE,-723.0000000000018
2022-03-25 12:00:00,2022-04-06 04:00:00,1008000.0,BUY,1.0,1956.39,1921.75,450,0.1446,ATOMIC_CORE,ALPHA_LOSS,0,25,0.007217090069284044,10009_DONE,-3489.00000000001
2022-04-06 08:00:00,2022-04-12 08:00:00,518400.0,BUY,1.0,1926.24,1951.7,450,0.0419,ATOMIC_CORE,ALPHA_LOSS,0,25,0.009819324430479169,10009_DONE,2521.0000000000036
2022-04-12 12:00:00,2022-04-12 20:00:00,28800.0,BUY,1.0,1970.54,1966.57,450,0.0468,ATOMIC_CORE,ALPHA_LOSS,0,25,0.06297229219143534,10009_DONE,-422.00000000000273
2022-04-13 00:00:00,2022-04-20 08:00:00,633600.0,BUY,1.0,1964.2,1946.77,450,0.4463,ATOMIC_CORE,ALPHA_LOSS,0,25,0.014343086632243207,10009_DONE,-1768.0000000000064
2022-04-20 12:00:00,2022-04-21 20:00:00,115200.0,BUY,1.0,1950.0,1951.38,450,0.1353,ATOMIC_CORE,ALPHA_LOSS,0,25,0.18115942028984075,10009_DONE,113.00000000001091
2022-04-22 00:00:00,2022-04-25 20:00:00,331200.0,BUY,1.0,1950.2,1897.5,450,0.1405,ATOMIC_CORE,ALPHA_LOSS,0,25,0.004743833017077795,10009_DONE,-5295.000000000005
2022-04-26 00:00:00,2022-04-26 16:00:00,57600.0,BUY,1.0,1900.91,1903.21,450,0.3982,ATOMIC_CORE,ALPHA_LOSS,0,25,0.10869565217391519,10009_DONE,204.99999999999545
2022-04-26 20:00:00,2022-04-28 08:00:00,129600.0,BUY,1.0,1905.16,1886.23,450,0.2422,ATOMIC_CORE,ALPHA_LOSS,0,25,0.01320655044902267,10009_DONE,-1918.0000000000064
2022-04-28 12:00:00,2022-05-03 12:00:00,432000.0,BUY,1.0,1885.62,1863.35,450,0.0089,ATOMIC_CORE,ALPHA_LOSS,0,25,0.01122586439155816,10009_DONE,-2251.999999999998
2022-05-03 16:00:00,2022-05-10 04:00:00,561600.0,BUY,1.0,1869.85,1863.25,450,-0.1281,ATOMIC_CORE,ALPHA_LOSS,0,25,0.0378787878787884,10009_DONE,-684.9999999999909
2022-05-10 08:00:00,2022-05-16 12:00:00,532800.0,BUY,1.0,1862.75,1808.16,450,0.1074,ATOMIC_CORE,ALPHA_LOSS,0,25,0.0045795933321121154,10009_DONE,-5483.999999999992
2022-05-16 16:00:00,2022-05-20 12:00:00,331200.0,BUY,1.0,1815.67,1842.16,450,0.1226,ATOMIC_CORE,ALPHA_LOSS,0,25,0.009437523593808981,10009_DONE,2624.000000000001
2022-05-20 16:00:00,2022-05-23 12:00:00,244800.0,BUY,1.0,1841.58,1855.72,450,0.0512,ATOMIC_CORE,ALPHA_LOSS,0,25,0.017680339462517555,10009_DONE,1389.00000000001
2022-05-23 16:00:00,2022-06-14 00:00:00,1843200.0,BUY,1.0,1850.1,1824.07,450,-0.4655,ATOMIC_CORE,ALPHA_LOSS,0,25,0.009604302727621986,10009_DONE,-2627.9999999999973
2022-06-14 04:00:00,2022-06-15 04:00:00,86400.0,BUY,1.0,1824.78,1814.47,450,0.3789,ATOMIC_CORE,ALPHA_LOSS,0,25,0.02424830261881681,10009_DONE,-1055.9999999999945
2022-06-15 08:00:00,2022-06-24 04:00:00,763200.0,BUY,1.0,1822.25,1826.06,450,-0.0826,ATOMIC_CORE,ALPHA_LOSS,0,25,0.06561679790026341,10009_DONE,355.99999999999454
2022-06-24 08:00:00,2022-07-14 20:00:00,1771200.0,BUY,1.0,1826.19,1709.85,450,0.4088,ATOMIC_CORE,ALPHA_LOSS,0,25,0.002148873990029222,10009_DONE,-11659.000000000015
2022-07-15 00:00:00,2022-07-15 20:00:00,72000.0,BUY,1.0,1710.46,1707.57,450,-0.3734,ATOMIC_CORE,ALPHA_LOSS,0,25,0.0865051903114157,10009_DONE,-314.00000000001
2022-07-18 00:00:00,2022-08-01 04:00:00,1224000.0,BUY,1.0,1708.5,1760.29,450,-0.2686,ATOMIC_CORE,ALPHA_LOSS,0,25,0.004827186715582162,10009_DONE,5153.999999999996
2022-08-01 08:00:00,2022-08-02 04:00:00,72000.0,BUY,1.0,1765.52,1772.97,450,-0.1737,ATOMIC_CORE,ALPHA_LOSS,0,25,0.033557046979865564,10009_DONE,720.0000000000045
2022-08-02 08:00:00,2022-08-18 08:00:00,1382400.0,BUY,1.0,1773.39,1766.22,450,0.326,ATOMIC_CORE,ALPHA_LOSS,0,25,0.034867503486749996,10009_DONE,-742.0000000000073
2022-08-18 12:00:00,2022-09-12 20:00:00,2188800.0,BUY,1.0,1767.29,1724.41,450,-0.0166,ATOMIC_CORE,ALPHA_LOSS,0,25,0.005830223880597031,10009_DONE,-4312.999999999988
2022-09-13 00:00:00,2022-09-23 20:00:00,936000.0,BUY,1.0,1724.76,1643.48,450,0.2473,ATOMIC_CORE,ALPHA_LOSS,0,25,0.003075787401574804,10009_DONE,-8152.999999999997
2022-09-26 00:00:00,2022-09-26 04:00:00,14400.0,BUY,1.0,1627.96,1635.4,450,0.1603,ATOMIC_CORE,ALPHA_LOSS,0,25,0.033602150537634164,10009_DONE,719.0000000000055
2022-09-26 08:00:00,2022-09-27 08:00:00,86400.0,BUY,1.0,1646.5,1635.76,450,0.4203,ATOMIC_CORE,ALPHA_LOSS,0,25,0.023277467411545603,10009_DONE,-1099.000000000001
2022-09-27 12:00:00,2022-10-05 12:00:00,691200.0,BUY,1.0,1635.36,1713.23,450,0.4065,ATOMIC_CORE,ALPHA_LOSS,0,25,0.0032104790034673124,10009_DONE,7762.000000000012
2022-10-05 16:00:00,2022-10-11 12:00:00,504000.0,BUY,1.0,1708.47,1669.61,450,0.4858,ATOMIC_CORE,ALPHA_LOSS,0,25,0.006433350488934616,10009_DONE,-3911.0000000000127
2022-10-11 16:00:00,2022-10-12 04:00:00,43200.0,BUY,1.0,1680.72,1668.65,450,-0.148,ATOMIC_CORE,ALPHA_LOSS,0,25,0.02071251035625529,10009_DONE,-1231.9999999999936
2022-10-12 08:00:00,2022-10-20 04:00:00,676800.0,BUY,1.0,1670.06,1632.93,450,-0.3395,ATOMIC_CORE,ALPHA_LOSS,0,25,0.006733099919202823,10009_DONE,-3737.999999999988
2022-10-20 08:00:00,2022-11-07 00:00:00,1526400.0,BUY,1.0,1629.26,1672.38,450,-0.2608,ATOMIC_CORE,ALPHA_LOSS,0,25,0.005797773654916496,10009_DONE,4287.000000000012
2022-11-07 04:00:00,2022-11-09 20:00:00,230400.0,BUY,1.0,1672.25,1706.45,450,0.3367,ATOMIC_CORE,ALPHA_LOSS,0,25,0.007309941520467826,10009_DONE,3395.0000000000045
2022-11-10 00:00:00,2022-11-14 04:00:00,360000.0,BUY,1.0,1706.77,1758.44,450,-0.2505,ATOMIC_CORE,ALPHA_LOSS,0,25,0.0048383975227404615,10009_DONE,5142.000000000007
2022-11-14 08:00:00,2022-12-05 08:00:00,1814400.0,BUY,1.0,1757.15,1796.83,450,0.4377,ATOMIC_CORE,ALPHA_LOSS,0,25,0.006300403225806477,10009_DONE,3942.9999999999836
2022-12-05 12:00:00,2022-12-21 04:00:00,1353600.0,BUY,1.0,1792.58,1814.2,450,-0.2653,ATOMIC_CORE,ALPHA_LOSS,0,25,0.011563367252543878,10009_DONE,2137.000000000012
2022-12-21 08:00:00,2022-12-21 20:00:00,43200.0,BUY,1.0,1813.3,1814.27,450,-0.2798,ATOMIC_CORE,ALPHA_LOSS,0,25,0.25773195876287935,10009_DONE,72.00000000000273
2022-12-22 00:00:00,2022-12-22 08:00:00,28800.0,BUY,1.0,1819.47,1816.97,450,0.0932,ATOMIC_CORE,ALPHA_LOSS,0,25,0.1,10009_DONE,-275.0
2022-12-22 12:00:00,2022-12-30 08:00:00,676800.0,BUY,1.0,1807.8,1815.0,450,0.0537,ATOMIC_CORE,ALPHA_LOSS,0,25,0.034722222222222,10009_DONE,695.0000000000045
2022-12-30 12:00:00,2023-01-13 04:00:00,1180800.0,BUY,1.0,1821.7,1893.64,450,0.2132,ATOMIC_CORE,ALPHA_LOSS,0,25,0.003475118154017234,10009_DONE,7169.0000000000055
2023-01-13 08:00:00,2023-01-16 04:00:00,244800.0,BUY,1.0,1904.35,1919.47,450,-0.2633,ATOMIC_CORE,ALPHA_LOSS,0,25,0.016534391534391405,10009_DONE,1487.0000000000118
2023-01-16 08:00:00,2023-01-16 12:00:00,14400.0,BUY,1.0,1917.57,1913.37,450,-0.3963,ATOMIC_CORE,ALPHA_LOSS,0,25,0.05952380952380888,10009_DONE,-445.00000000000455
2023-01-16 16:00:00,2023-01-20 04:00:00,302400.0,BUY,1.0,1913.86,1927.96,450,-0.4906,ATOMIC_CORE,ALPHA_LOSS,0,25,0.017730496453900537,10009_DONE,1385.0000000000136
2023-01-20 08:00:00,2023-01-20 12:00:00,14400.0,BUY,1.0,1929.44,1924.17,450,0.1099,ATOMIC_CORE,ALPHA_LOSS,0,25,0.04743833017077815,10009_DONE,-551.9999999999982
2023-01-20 16:00:00,2023-01-24 12:00:00,331200.0,BUY,1.0,1925.14,1932.44,450,0.2938,ATOMIC_CORE,ALPHA_LOSS,0,25,0.03424657534246597,10009_DONE,704.9999999999955
2023-01-24 16:00:00,2023-01-26 08:00:00,144000.0,BUY,1.0,1933.9,1936.8,450,0.3283,ATOMIC_CORE,ALPHA_LOSS,0,25,0.0862068965517282,10009_DONE,264.99999999998636
2023-01-26 12:00:00,2023-02-06 00:00:00,907200.0,BUY,1.0,1937.63,1872.77,450,-0.4096,ATOMIC_CORE,ALPHA_LOSS,0,25,0.003854455750847973,10009_DONE,-6511.000000000013
2023-02-06 04:00:00,2023-02-14 20:00:00,748800.0,BUY,1.0,1877.98,1854.11,450,-0.4813,ATOMIC_CORE,ALPHA_LOSS,0,25,0.010473397570171713,10009_DONE,-2412.000000000012
2023-02-15 00:00:00,2023-02-24 00:00:00,777600.0,BUY,1.0,1858.89,1825.95,450,-0.4,ATOMIC_CORE,ALPHA_LOSS,0,25,0.0075895567698846264,10009_DONE,-3319.0000000000055
2023-02-24 04:00:00,2023-02-27 12:00:00,288000.0,BUY,1.0,1824.59,1815.23,450,0.4439,ATOMIC_CORE,ALPHA_LOSS,0,25,0.026709401709401996,10009_DONE,-960.99999999999
2023-02-27 16:00:00,2023-03-06 08:00:00,576000.0,BUY,1.0,1818.62,1851.38,450,0.1417,ATOMIC_CORE,ALPHA_LOSS,0,25,0.007631257631257581,10009_DONE,3251.000000000022
2023-03-06 12:00:00,2023-03-08 08:00:00,158400.0,BUY,1.0,1851.57,1813.76,450,-0.2073,ATOMIC_CORE,ALPHA_LOSS,0,25,0.006612007405448304,10009_DONE,-3805.9999999999945
2023-03-08 12:00:00,2023-03-14 04:00:00,489600.0,BUY,1.0,1813.66,1904.23,450,-0.0515,ATOMIC_CORE,ALPHA_LOSS,0,25,0.002760295903720881,10009_DONE,9031.999999999993
2023-03-15 12:00:00,2023-03-20 00:00:00,388800.0,BUY,1.0,1927.88,1971.99,450,-0.4767,ATOMIC_CORE,ALPHA_LOSS,0,25,0.005667649059170269,10009_DONE,4385.99999999999
2023-03-20 04:00:00,2023-03-21 08:00:00,100800.0,BUY,1.0,1974.85,1966.36,450,0.2306,ATOMIC_CORE,ALPHA_LOSS,0,25,0.0294464075382803,10009_DONE,-874.0000000000009
2023-03-21 12:00:00,2023-03-24 08:00:00,244800.0,BUY,1.0,1963.59,1985.43,450,0.0398,ATOMIC_CORE,ALPHA_LOSS,0,25,0.01144688644688637,10009_DONE,2159.0000000000146
2023-03-24 12:00:00,2023-04-03 08:00:00,849600.0,BUY,1.0,1998.9,1965.79,450,-0.2197,ATOMIC_CORE,ALPHA_LOSS,0,25,0.007550588945937754,10009_DONE,-3336.0000000000127
2023-04-03 12:00:00,2023-04-03 20:00:00,28800.0,BUY,1.0,1979.03,1984.08,450,-0.36,ATOMIC_CORE,ALPHA_LOSS,0,25,0.04950495049504995,10009_DONE,479.99999999999545
2023-04-04 00:00:00,2023-04-04 20:00:00,72000.0,BUY,1.0,1982.88,2020.1,450,-0.2956,ATOMIC_CORE,ALPHA_LOSS,0,25,0.0067168189145621,10009_DONE,3696.99999999998
2023-04-05 00:00:00,2023-05-03 12:00:00,2462400.0,BUY,1.0,2019.5,2013.71,450,0.4648,ATOMIC_CORE,ALPHA_LOSS,0,25,0.04317789291882583,10009_DONE,-603.9999999999964
2023-05-03 16:00:00,2023-05-04 04:00:00,43200.0,BUY,1.0,2024.04,2044.28,450,-0.0412,ATOMIC_CORE,ALPHA_LOSS,0,25,0.012351778656126477,10009_DONE,1999.000000000001
2023-05-04 08:00:00,2023-05-12 12:00:00,705600.0,BUY,1.0,2034.48,2014.15,450,0.4729,ATOMIC_CORE,ALPHA_LOSS,0,25,0.012297097884899208,10009_DONE,-2057.9999999999927
2023-05-12 16:00:00,2023-05-15 04:00:00,216000.0,BUY,1.0,2013.6,2014.17,450,-0.3053,ATOMIC_CORE,ALPHA_LOSS,0,25,0.4385964912279442,10009_DONE,32.00000000001637
2023-05-15 08:00:00,2023-05-26 04:00:00,936000.0,BUY,1.0,2017.41,1947.9,450,-0.1038,ATOMIC_CORE,ALPHA_LOSS,0,25,0.00359660480506402,10009_DONE,-6975.999999999999
2023-05-26 08:00:00,2023-05-31 20:00:00,475200.0,BUY,1.0,1952.6,1962.44,450,0.229,ATOMIC_CORE,ALPHA_LOSS,0,25,0.025406504065040275,10009_DONE,959.0000000000146
2023-06-01 00:00:00,2023-06-01 08:00:00,28800.0,BUY,1.0,1965.91,1955.88,450,0.2813,ATOMIC_CORE,ALPHA_LOSS,0,25,0.024925224327019012,10009_DONE,-1027.9999999999973
2023-06-01 12:00:00,2023-06-02 12:00:00,86400.0,BUY,1.0,1968.36,1970.95,450,0.4727,ATOMIC_CORE,ALPHA_LOSS,0,25,0.0965250965250911,10009_DONE,234.00000000001455
2023-06-02 16:00:00,2023-06-23 04:00:00,1771200.0,BUY,1.0,1952.26,1916.53,450,-0.2177,ATOMIC_CORE,ALPHA_LOSS,0,25,0.006996921354603971,10009_DONE,-3598.000000000002
2023-06-23 08:00:00,2023-07-04 16:00:00,979200.0,BUY,1.0,1917.63,1924.17,450,-0.3159,ATOMIC_CORE,ALPHA_LOSS,0,25,0.038226299694189815,10009_DONE,628.9999999999964
2023-07-04 20:00:00,2023-07-11 12:00:00,576000.0,BUY,1.0,1924.49,1932.02,450,0.4466,ATOMIC_CORE,ALPHA_LOSS,0,25,0.03320053120849946,10009_DONE,727.9999999999973
2023-07-11 16:00:00,2023-07-12 08:00:00,57600.0,BUY,1.0,1932.39,1934.8,450,0.1425,ATOMIC_CORE,ALPHA_LOSS,0,25,0.10373443983403116,10009_DONE,215.99999999998545
2023-07-12 12:00:00,2023-07-13 20:00:00,115200.0,BUY,1.0,1943.24,1960.36,450,-0.1096,ATOMIC_CORE,ALPHA_LOSS,0,25,0.01460280373831785,10009_DONE,1686.999999999989
2023-07-14 00:00:00,2023-07-19 04:00:00,446400.0,BUY,1.0,1959.38,1974.78,450,-0.0008,ATOMIC_CORE,ALPHA_LOSS,0,25,0.016233766233766378,10009_DONE,1514.9999999999864
2023-07-19 08:00:00,2023-07-25 04:00:00,504000.0,BUY,1.0,1977.51,1960.56,450,-0.0402,ATOMIC_CORE,ALPHA_LOSS,0,25,0.014749262536873116,10009_DONE,-1720.0000000000045
2023-07-25 08:00:00,2023-08-10 08:00:00,1382400.0,BUY,1.0,1962.88,1919.39,450,0.1355,ATOMIC_CORE,ALPHA_LOSS,0,25,0.005748447919061852,10009_DONE,-4374.000000000001
2023-08-10 12:00:00,2023-08-11 08:00:00,72000.0,BUY,1.0,1926.28,1918.95,450,0.1593,ATOMIC_CORE,ALPHA_LOSS,0,25,0.034106412005457366,10009_DONE,-757.9999999999927
2023-08-11 12:00:00,2023-08-16 04:00:00,403200.0,BUY,1.0,1916.03,1903.94,450,-0.4291,ATOMIC_CORE,ALPHA_LOSS,0,25,0.020678246484698237,10009_DONE,-1233.9999999999918
2023-08-16 08:00:00,2023-08-17 04:00:00,72000.0,BUY,1.0,1905.38,1893.8,450,-0.3561,ATOMIC_CORE,ALPHA_LOSS,0,25,0.021588946459412492,10009_DONE,-1183.0000000000155
2023-08-17 08:00:00,2023-08-23 20:00:00,561600.0,BUY,1.0,1893.95,1915.34,450,-0.1931,ATOMIC_CORE,ALPHA_LOSS,0,25,0.01168770453482943,10009_DONE,2113.9999999999873
2023-08-24 00:00:00,2023-08-24 12:00:00,43200.0,BUY,1.0,1918.66,1915.18,450,0.4304,ATOMIC_CORE,ALPHA_LOSS,0,25,0.07183908045976974,10009_DONE,-373.0000000000018
2023-08-24 16:00:00,2023-08-30 04:00:00,475200.0,BUY,1.0,1918.4,1936.12,450,-0.3791,ATOMIC_CORE,ALPHA_LOSS,0,25,0.014108352144469686,10009_DONE,1746.99999999998
2023-08-30 08:00:00,2023-08-30 20:00:00,43200.0,BUY,1.0,1936.6,1942.18,450,-0.3188,ATOMIC_CORE,ALPHA_LOSS,0,25,0.0448028673835113,10009_DONE,533.0000000000155
2023-08-31 00:00:00,2023-08-31 08:00:00,28800.0,BUY,1.0,1945.4,1944.42,450,0.0556,ATOMIC_CORE,ALPHA_LOSS,0,25,0.2551020408163218,10009_DONE,-123.00000000000182
2023-08-31 12:00:00,2023-09-06 04:00:00,489600.0,BUY,1.0,1945.82,1927.21,450,-0.1721,ATOMIC_CORE,ALPHA_LOSS,0,25,0.0134336378291242,10009_DONE,-1885.99999999999
2023-09-06 08:00:00,2023-09-07 04:00:00,72000.0,BUY,1.0,1924.72,1918.95,450,-0.1496,ATOMIC_CORE,ALPHA_LOSS,0,25,0.04332755632582336,10009_DONE,-601.9999999999982
2023-09-07 08:00:00,2023-09-18 12:00:00,964800.0,BUY,1.0,1918.85,1923.97,450,0.1038,ATOMIC_CORE,ALPHA_LOSS,0,25,0.048828124999998876,10009_DONE,487.0000000000118
2023-09-18 16:00:00,2023-09-19 04:00:00,43200.0,BUY,1.0,1931.05,1931.3,450,-0.4426,ATOMIC_CORE,ALPHA_LOSS,0,25,1.0,10009_DONE,0.0
2023-09-19 08:00:00,2023-09-29 08:00:00,864000.0,BUY,1.0,1933.74,1871.65,450,0.4509,ATOMIC_CORE,ALPHA_LOSS,0,25,0.004026413271058147,10009_DONE,-6233.999999999992
2023-09-29 12:00:00,2023-10-03 20:00:00,374400.0,BUY,1.0,1873.89,1822.73,450,0.3527,ATOMIC_CORE,ALPHA_LOSS,0,25,0.004886630179827983,10009_DONE,-5141.000000000008
2023-10-04 16:00:00,2023-10-10 04:00:00,475200.0,BUY,1.0,1820.99,1860.87,450,-0.0121,ATOMIC_CORE,ALPHA_LOSS,0,25,0.006268806419257792,10009_DONE,3962.999999999988
2023-10-10 08:00:00,2023-10-20 20:00:00,907200.0,BUY,1.0,1858.53,1981.09,450,0.3717,ATOMIC_CORE,ALPHA_LOSS,0,25,0.00203981723237598,10009_DONE,12230.999999999995
2023-10-23 00:00:00,2023-10-27 08:00:00,374400.0,BUY,1.0,1966.24,1986.92,450,0.1718,ATOMIC_CORE,ALPHA_LOSS,0,25,0.012088974854932264,10009_DONE,2043.0000000000064
2023-10-27 12:00:00,2023-11-07 20:00:00,979200.0,BUY,1.0,1980.39,1968.97,450,-0.3511,ATOMIC_CORE,ALPHA_LOSS,0,25,0.021891418563922804,10009_DONE,-1167.0000000000073
2023-11-08 00:00:00,2023-11-15 12:00:00,648000.0,BUY,1.0,1968.62,1965.58,450,0.4203,ATOMIC_CORE,ALPHA_LOSS,0,25,0.08223684210526414,10009_DONE,-328.99999999999636
2023-11-15 16:00:00,2023-11-21 08:00:00,489600.0,BUY,1.0,1961.41,1985.39,450,0.408,ATOMIC_CORE,ALPHA_LOSS,0,25,0.010425354462051702,10009_DONE,2373.000000000002
2023-11-21 12:00:00,2023-11-21 20:00:00,28800.0,BUY,1.0,1997.65,1998.19,450,-0.1738,ATOMIC_CORE,ALPHA_LOSS,0,25,0.46296296296299416,10009_DONE,28.999999999996362
2023-11-22 00:00:00,2023-11-29 04:00:00,619200.0,BUY,1.0,1996.15,2045.99,450,0.2047,ATOMIC_CORE,ALPHA_LOSS,0,25,0.00501605136436598,10009_DONE,4958.999999999992
2023-11-29 08:00:00,2023-11-30 04:00:00,72000.0,BUY,1.0,2038.38,2041.74,450,-0.0261,ATOMIC_CORE,ALPHA_LOSS,0,25,0.07440476190476412,10009_DONE,310.99999999999
2023-11-30 08:00:00,2023-12-15 12:00:00,1310400.0,BUY,1.0,2039.95,2031.41,450,0.4449,ATOMIC_CORE,ALPHA_LOSS,0,25,0.029274004683840876,10009_DONE,-878.9999999999964
2023-12-15 16:00:00,2023-12-27 20:00:00,1051200.0,BUY,1.0,2032.78,2076.9,450,-0.2726,ATOMIC_CORE,ALPHA_LOSS,0,25,0.005666364460562089,10009_DONE,4387.000000000012
2023-12-28 00:00:00,2024-01-15 12:00:00,1598400.0,BUY,1.0,2087.0,2054.2,450,-0.1278,ATOMIC_CORE,ALPHA_LOSS,0,25,0.0076219512195121525,10009_DONE,-3305.000000000018
2024-01-15 16:00:00,2024-01-16 00:00:00,28800.0,BUY,1.0,2055.39,2050.82,450,-0.366,ATOMIC_CORE,ALPHA_LOSS,0,25,0.05470459518599911,10009_DONE,-481.9999999999709
2024-01-16 04:00:00,2024-01-25 20:00:00,835200.0,BUY,1.0,2048.65,2021.33,450,-0.2286,ATOMIC_CORE,ALPHA_LOSS,0,25,0.00915080527086378,10009_DONE,-2757.0000000000164
2024-01-26 00:00:00,2024-02-15 08:00:00,1756800.0,BUY,1.0,2021.89,1996.36,450,-0.2207,ATOMIC_CORE,ALPHA_LOSS,0,25,0.009792401096748846,10009_DONE,-2578.00000000002
2024-02-15 12:00:00,2024-02-20 20:00:00,460800.0,BUY,1.0,2003.79,2024.16,450,-0.0489,ATOMIC_CORE,ALPHA_LOSS,0,25,0.012272950417280243,10009_DONE,2012.0000000000118
2024-02-21 00:00:00,2024-02-21 12:00:00,43200.0,BUY,1.0,2025.4,2028.74,450,0.4359,ATOMIC_CORE,ALPHA_LOSS,0,25,0.07485029940119944,10009_DONE,308.9999999999918
2024-02-21 16:00:00,2024-02-23 20:00:00,187200.0,BUY,1.0,2024.24,2035.16,450,0.1111,ATOMIC_CORE,ALPHA_LOSS,0,25,0.02289377289377274,10009_DONE,1067.0000000000073
2024-02-26 00:00:00,2024-03-05 00:00:00,691200.0,BUY,1.0,2031.25,2112.66,450,-0.3296,ATOMIC_CORE,ALPHA_LOSS,0,25,0.0030708758137820962,10009_DONE,8115.999999999985
2024-03-05 04:00:00,2024-03-05 20:00:00,57600.0,BUY,1.0,2119.25,2127.6,450,0.4149,ATOMIC_CORE,ALPHA_LOSS,0,25,0.029940119760479368,10009_DONE,809.9999999999909
2024-03-06 00:00:00,2024-03-11 04:00:00,446400.0,BUY,1.0,2125.48,2180.7,450,0.0001,ATOMIC_CORE,ALPHA_LOSS,0,25,0.004527345164795381,10009_DONE,5496.99999999998
2024-03-11 08:00:00,2024-03-18 08:00:00,604800.0,BUY,1.0,2177.42,2153.55,450,-0.0976,ATOMIC_CORE,ALPHA_LOSS,0,25,0.010473397570171811,10009_DONE,-2411.999999999989
2024-03-18 12:00:00,2024-04-01 08:00:00,1195200.0,BUY,1.0,2159.11,2257.23,450,-0.2014,ATOMIC_CORE,ALPHA_LOSS,0,25,0.002547900529963313,10009_DONE,9786.999999999989
2024-04-01 12:00:00,2024-04-04 08:00:00,244800.0,BUY,1.0,2252.59,2291.61,450,-0.0241,ATOMIC_CORE,ALPHA_LOSS,0,25,0.006406970784213227,10009_DONE,3876.999999999998
2024-04-04 12:00:00,2024-04-08 00:00:00,302400.0,BUY,1.0,2288.17,2306.19,450,-0.4645,ATOMIC_CORE,ALPHA_LOSS,0,25,0.013873473917869049,10009_DONE,1776.9999999999982
2024-04-08 04:00:00,2024-04-16 08:00:00,705600.0,BUY,1.0,2342.13,2369.44,450,0.167,ATOMIC_CORE,ALPHA_LOSS,0,25,0.009154155986818034,10009_DONE,2705.9999999999945
2024-04-16 12:00:00,2024-04-16 20:00:00,28800.0,BUY,1.0,2376.23,2382.83,450,0.3367,ATOMIC_CORE,ALPHA_LOSS,0,25,0.0378787878787884,10009_DONE,634.9999999999909
2024-04-17 00:00:00,2024-04-23 12:00:00,561600.0,BUY,1.0,2384.44,2311.91,450,0.1636,ATOMIC_CORE,ALPHA_LOSS,0,25,0.0034468495794843417,10009_DONE,-7278.00000000002
2024-04-23 16:00:00,2024-05-01 12:00:00,676800.0,BUY,1.0,2330.33,2298.29,450,0.0315,ATOMIC_CORE,ALPHA_LOSS,0,25,0.007802746566791519,10009_DONE,-3228.9999999999964
2024-05-01 16:00:00,2024-05-07 04:00:00,475200.0,BUY,1.0,2303.76,2322.67,450,-0.1413,ATOMIC_CORE,ALPHA_LOSS,0,25,0.013220518244315279,10009_DONE,1865.9999999999854
2024-05-07 08:00:00,2024-05-13 04:00:00,504000.0,BUY,1.0,2315.73,2354.33,450,0.1017,ATOMIC_CORE,ALPHA_LOSS,0,25,0.006476683937823849,10009_DONE,3834.999999999991
2024-05-13 08:00:00,2024-05-16 08:00:00,259200.0,BUY,1.0,2343.25,2386.0,450,0.3929,ATOMIC_CORE,ALPHA_LOSS,0,25,0.005847953216374269,10009_DONE,4250.0
2024-05-16 12:00:00,2024-05-24 04:00:00,662400.0,BUY,1.0,2379.13,2335.07,450,0.2633,ATOMIC_CORE,ALPHA_LOSS,0,25,0.005674080798910583,10009_DONE,-4430.9999999999945
2024-05-24 08:00:00,2024-06-06 08:00:00,1123200.0,BUY,1.0,2340.18,2362.88,450,0.1981,ATOMIC_CORE,ALPHA_LOSS,0,25,0.011013215859030704,10009_DONE,2245.0000000000273
2024-06-06 12:00:00,2024-06-10 08:00:00,331200.0,BUY,1.0,2357.55,2292.63,450,0.202,ATOMIC_CORE,ALPHA_LOSS,0,25,0.0038508934072704823,10009_DONE,-6517.000000000007
2024-06-10 12:00:00,2024-06-21 08:00:00,936000.0,BUY,1.0,2306.18,2365.41,450,0.3467,ATOMIC_CORE,ALPHA_LOSS,0,25,0.004220834036805672,10009_DONE,5898.000000000002
2024-06-21 12:00:00,2024-06-27 04:00:00,489600.0,BUY,1.0,2360.63,2300.51,450,-0.128,ATOMIC_CORE,ALPHA_LOSS,0,25,0.004158349966733208,10009_DONE,-6036.999999999989
2024-06-27 08:00:00,2024-07-12 00:00:00,1267200.0,BUY,1.0,2307.6,2412.08,450,-0.4272,ATOMIC_CORE,ALPHA_LOSS,0,25,0.0023928024502297084,10009_DONE,10423.000000000002
2024-07-12 04:00:00,2024-07-15 00:00:00,244800.0,BUY,1.0,2408.6,2408.56,450,-0.4945,ATOMIC_CORE,ALPHA_LOSS,0,25,6.250000000005684,10009_DONE,-28.999999999996362
2024-07-15 04:00:00,2024-07-15 20:00:00,57600.0,BUY,1.0,2411.52,2422.04,450,0.2456,ATOMIC_CORE,ALPHA_LOSS,0,25,0.02376425855513312,10009_DONE,1026.9999999999982
2024-07-16 00:00:00,2024-08-01 20:00:00,1454400.0,BUY,1.0,2421.24,2446.19,450,0.3793,ATOMIC_CORE,ALPHA_LOSS,0,25,0.010020040080160211,10009_DONE,2470.0000000000273
2024-08-02 00:00:00,2024-08-13 04:00:00,964800.0,BUY,1.0,2449.07,2462.04,450,-0.0592,ATOMIC_CORE,ALPHA_LOSS,0,25,0.019275250578257814,10009_DONE,1271.99999999998
2024-08-13 08:00:00,2024-08-19 04:00:00,504000.0,BUY,1.0,2460.62,2500.67,450,0.4487,ATOMIC_CORE,ALPHA_LOSS,0,25,0.00624219725343318,10009_DONE,3980.000000000018
2024-08-19 08:00:00,2024-08-19 12:00:00,14400.0,BUY,1.0,2503.17,2491.18,450,0.2136,ATOMIC_CORE,ALPHA_LOSS,0,25,0.02085070892410301,10009_DONE,-1224.0000000000236
2024-08-19 16:00:00,2024-08-20 04:00:00,43200.0,BUY,1.0,2505.51,2500.85,450,0.0353,ATOMIC_CORE,ALPHA_LOSS,0,25,0.05364806866952434,10009_DONE,-491.0000000000309
2024-08-20 08:00:00,2024-08-28 04:00:00,676800.0,BUY,1.0,2519.88,2511.56,450,-0.1715,ATOMIC_CORE,ALPHA_LOSS,0,25,0.03004807692307633,10009_DONE,-857.0000000000164
2024-08-28 08:00:00,2024-08-30 20:00:00,216000.0,BUY,1.0,2508.22,2503.14,450,-0.1232,ATOMIC_CORE,ALPHA_LOSS,0,25,0.049212598425197554,10009_DONE,-532.9999999999927
2024-09-02 00:00:00,2024-09-02 08:00:00,28800.0,BUY,1.0,2501.52,2506.33,450,0.1708,ATOMIC_CORE,ALPHA_LOSS,0,25,0.05197505197505257,10009_DONE,455.99999999999454
2024-09-02 12:00:00,2024-09-03 08:00:00,72000.0,BUY,1.0,2501.29,2503.99,450,0.4789,ATOMIC_CORE,ALPHA_LOSS,0,25,0.09259259259259883,10009_DONE,244.9999999999818
2024-09-03 12:00:00,2024-09-03 20:00:00,28800.0,BUY,1.0,2493.24,2492.71,450,-0.2609,ATOMIC_CORE,ALPHA_LOSS,0,25,0.47169811320777383,10009_DONE,-77.99999999997453
2024-09-04 00:00:00,2024-09-25 08:00:00,1843200.0,BUY,1.0,2492.4,2655.93,450,0.4287,ATOMIC_CORE,ALPHA_LOSS,0,25,0.0015287714792392858,10009_DONE,16327.999999999975
2024-09-25 12:00:00,2024-10-01 08:00:00,504000.0,BUY,1.0,2659.57,2646.56,450,0.0966,ATOMIC_CORE,ALPHA_LOSS,0,25,0.019215987701767547,10009_DONE,-1326.0000000000218
2024-10-01 12:00:00,2024-10-08 20:00:00,633600.0,BUY,1.0,2651.52,2621.49,450,-0.0763,ATOMIC_CORE,ALPHA_LOSS,0,25,0.00832500832500827,10009_DONE,-3028.00000000002
2024-10-09 00:00:00,2024-10-09 12:00:00,43200.0,BUY,1.0,2621.16,2618.89,450,0.2103,ATOMIC_CORE,ALPHA_LOSS,0,25,0.11013215859030925,10009_DONE,-251.99999999999818
2024-10-09 16:00:00,2024-10-10 04:00:00,43200.0,BUY,1.0,2608.72,2613.94,450,0.2637,ATOMIC_CORE,ALPHA_LOSS,0,25,0.04789272030651107,10009_DONE,497.00000000002547
2024-10-10 08:00:00,2024-10-14 12:00:00,360000.0,BUY,1.0,2615.52,2651.42,450,-0.0369,ATOMIC_CORE,ALPHA_LOSS,0,25,0.006963788300835637,10009_DONE,3565.000000000009
2024-10-14 16:00:00,2024-10-30 12:00:00,1368000.0,BUY,1.0,2648.58,2782.51,450,0.4814,ATOMIC_CORE,ALPHA_LOSS,0,25,0.0018666467557679344,10009_DONE,13368.00000000003
2024-10-30 16:00:00,2024-10-31 04:00:00,43200.0,BUY,1.0,2785.38,2784.48,450,0.0926,ATOMIC_CORE,ALPHA_LOSS,0,25,0.2777777777777497,10009_DONE,-115.0000000000091
2024-10-31 08:00:00,2024-11-06 20:00:00,561600.0,BUY,1.0,2779.11,2659.11,450,0.0035,ATOMIC_CORE,ALPHA_LOSS,0,25,0.0020833333333333333,10009_DONE,-12025.0
2024-11-07 00:00:00,2024-11-20 08:00:00,1152000.0,BUY,1.0,2649.47,2621.92,450,0.2372,ATOMIC_CORE,ALPHA_LOSS,0,25,0.009074410163339474,10009_DONE,-2779.9999999999727
2024-11-20 12:00:00,2024-11-25 00:00:00,388800.0,BUY,1.0,2636.07,2701.25,450,-0.2222,ATOMIC_CORE,ALPHA_LOSS,0,25,0.0038355323718932285,10009_DONE,6492.999999999984
2024-11-25 04:00:00,2024-12-06 04:00:00,950400.0,BUY,1.0,2664.75,2637.91,450,0.0544,ATOMIC_CORE,ALPHA_LOSS,0,25,0.00931445603576746,10009_DONE,-2709.0000000000146
2024-12-06 08:00:00,2024-12-09 20:00:00,302400.0,BUY,1.0,2640.79,2660.06,450,-0.3329,ATOMIC_CORE,ALPHA_LOSS,0,25,0.012973533990659068,10009_DONE,1901.9999999999982
2024-12-10 00:00:00,2024-12-10 08:00:00,28800.0,BUY,1.0,2667.41,2665.06,450,0.1697,ATOMIC_CORE,ALPHA_LOSS,0,25,0.10638297872340838,10009_DONE,-259.9999999999909
2024-12-10 12:00:00,2024-12-11 04:00:00,57600.0,BUY,1.0,2680.4,2687.93,450,0.4557,ATOMIC_CORE,ALPHA_LOSS,0,25,0.03320053120850046,10009_DONE,727.9999999999745
2024-12-11 08:00:00,2024-12-12 00:00:00,57600.0,BUY,1.0,2695.71,2711.11,450,-0.3998,ATOMIC_CORE,ALPHA_LOSS,0,25,0.01623376623376614,10009_DONE,1515.000000000009
2024-12-12 04:00:00,2024-12-19 08:00:00,619200.0,BUY,1.0,2713.53,2620.43,450,0.3027,ATOMIC_CORE,ALPHA_LOSS,0,25,0.002685284640171848,10009_DONE,-9335.000000000036
2024-12-19 12:00:00,2024-12-31 08:00:00,1022400.0,BUY,1.0,2596.44,2615.27,450,-0.0756,ATOMIC_CORE,ALPHA_LOSS,0,25,0.013276686139139722,10009_DONE,1857.9999999999927
2024-12-31 12:00:00,2025-01-03 04:00:00,230400.0,BUY,1.0,2613.23,2658.59,450,-0.2207,ATOMIC_CORE,ALPHA_LOSS,0,25,0.005511463844797163,10009_DONE,4511.000000000013
2025-01-03 08:00:00,2025-01-03 12:00:00,14400.0,BUY,1.0,2653.71,2649.97,450,0.3545,ATOMIC_CORE,ALPHA_LOSS,0,25,0.06684491978609203,10009_DONE,-399.00000000002365
2025-01-03 16:00:00,2025-01-10 20:00:00,619200.0,BUY,1.0,2641.81,2688.84,450,0.498,ATOMIC_CORE,ALPHA_LOSS,0,25,0.005315755900489027,10009_DONE,4678.00000000002
2025-01-13 00:00:00,2025-01-16 04:00:00,273600.0,BUY,1.0,2685.7,2694.81,450,-0.2732,ATOMIC_CORE,ALPHA_LOSS,0,25,0.027442371020855817,10009_DONE,886.0000000000127
2025-01-16 08:00:00,2025-01-16 20:00:00,43200.0,BUY,1.0,2705.46,2714.43,450,-0.1721,ATOMIC_CORE,ALPHA_LOSS,0,25,0.02787068004459371,10009_DONE,871.99999999998
2025-01-17 00:00:00,2025-01-17 08:00:00,28800.0,BUY,1.0,2714.7,2705.06,450,0.2465,ATOMIC_CORE,ALPHA_LOSS,0,25,0.025933609958506566,10009_DONE,-988.9999999999873
2025-01-17 12:00:00,2025-01-31 04:00:00,1180800.0,BUY,1.0,2705.01,2795.59,450,-0.4118,ATOMIC_CORE,ALPHA_LOSS,0,25,0.0027599911680282643,10009_DONE,9032.999999999993
2025-01-31 08:00:00,2025-02-04 04:00:00,331200.0,BUY,1.0,2793.74,2815.82,450,0.1914,ATOMIC_CORE,ALPHA_LOSS,0,25,0.011322463768115746,10009_DONE,2183.000000000038
2025-02-04 08:00:00,2025-02-05 20:00:00,129600.0,BUY,1.0,2820.53,2863.34,450,-0.0151,ATOMIC_CORE,ALPHA_LOSS,0,25,0.005839757066106057,10009_DONE,4255.9999999999945
2025-02-06 00:00:00,2025-02-06 08:00:00,28800.0,BUY,1.0,2871.61,2859.36,450,0.482,ATOMIC_CORE,ALPHA_LOSS,0,25,0.02040816326530612,10009_DONE,-1250.0
2025-02-06 12:00:00,2025-02-19 12:00:00,1123200.0,BUY,1.0,2856.81,2936.33,450,0.4934,ATOMIC_CORE,ALPHA_LOSS,0,25,0.0031438631790744473,10009_DONE,7926.999999999998
2025-02-19 16:00:00,2025-02-25 20:00:00,532800.0,BUY,1.0,2923.82,2914.63,450,0.1678,ATOMIC_CORE,ALPHA_LOSS,0,25,0.02720348204570169,10009_DONE,-944.0000000000055
2025-02-26 00:00:00,2025-02-28 20:00:00,244800.0,BUY,1.0,2917.97,2856.91,450,0.2393,ATOMIC_CORE,ALPHA_LOSS,0,25,0.004094333442515562,10009_DONE,-6130.9999999999945
2025-03-03 00:00:00,2025-03-13 12:00:00,907200.0,BUY,1.0,2870.86,2942.52,450,0.1459,ATOMIC_CORE,ALPHA_LOSS,0,25,0.003488696622941676,10009_DONE,7140.999999999985
2025-03-13 16:00:00,2025-03-20 08:00:00,576000.0,BUY,1.0,2980.12,3041.95,450,0.1751,ATOMIC_CORE,ALPHA_LOSS,0,25,0.004043344654698371,10009_DONE,6157.999999999993
2025-03-20 12:00:00,2025-03-25 08:00:00,417600.0,BUY,1.0,3040.96,3021.3,450,-0.0906,ATOMIC_CORE,ALPHA_LOSS,0,25,0.012716174974567744,10009_DONE,-1990.9999999999854
2025-03-25 12:00:00,2025-04-14 08:00:00,1713600.0,BUY,1.0,3021.56,3227.0,450,0.0509,ATOMIC_CORE,ALPHA_LOSS,0,25,0.0012169003115264792,10009_DONE,20519.000000000007
2025-04-14 12:00:00,2025-04-17 08:00:00,244800.0,BUY,1.0,3206.65,3324.24,450,0.1582,ATOMIC_CORE,ALPHA_LOSS,0,25,0.002126031125095677,10009_DONE,11733.999999999969
2025-04-17 12:00:00,2025-04-30 12:00:00,1123200.0,BUY,1.0,3328.16,3298.72,450,0.3985,ATOMIC_CORE,ALPHA_LOSS,0,25,0.00849184782608694,10009_DONE,-2969.0000000000055
2025-04-30 16:00:00,2025-05-01 08:00:00,57600.0,BUY,1.0,3310.82,3235.23,450,-0.409,ATOMIC_CORE,ALPHA_LOSS,0,25,0.003307315782510908,10009_DONE,-7584.000000000015
2025-05-01 12:00:00,2025-05-02 20:00:00,115200.0,BUY,1.0,3226.87,3239.61,450,-0.3144,ATOMIC_CORE,ALPHA_LOSS,0,25,0.01962323390894783,10009_DONE,1249.0000000000236
2025-05-05 00:00:00,2025-05-07 00:00:00,172800.0,BUY,1.0,3246.73,3379.54,450,0.1143,ATOMIC_CORE,ALPHA_LOSS,0,25,0.0018823883743694007,10009_DONE,13255.999999999995
2025-05-07 04:00:00,2025-05-12 20:00:00,489600.0,BUY,1.0,3382.12,3236.33,450,-0.3367,ATOMIC_CORE,ALPHA_LOSS,0,25,0.001714795253446739,10009_DONE,-14603.999999999996
2025-05-13 00:00:00,2025-05-13 08:00:00,28800.0,BUY,1.0,3239.91,3255.62,450,0.1497,ATOMIC_CORE,ALPHA_LOSS,0,25,0.015913430935709703,10009_DONE,1546.0000000000036
2025-05-13 12:00:00,2025-05-21 12:00:00,691200.0,BUY,1.0,3241.82,3302.63,450,0.3103,ATOMIC_CORE,ALPHA_LOSS,0,25,0.004111165926656803,10009_DONE,6055.9999999999945
2025-05-21 16:00:00,2025-05-22 08:00:00,57600.0,BUY,1.0,3303.14,3311.24,450,0.495,ATOMIC_CORE,ALPHA_LOSS,0,25,0.030864197530864543,10009_DONE,784.9999999999909
2025-05-22 12:00:00,2025-05-29 08:00:00,590400.0,BUY,1.0,3304.17,3281.74,450,0.2097,ATOMIC_CORE,ALPHA_LOSS,0,25,0.011145786892554469,10009_DONE,-2268.000000000029
2025-05-29 12:00:00,2025-06-03 04:00:00,403200.0,BUY,1.0,3316.48,3362.66,450,0.3656,ATOMIC_CORE,ALPHA_LOSS,0,25,0.005413598960589018,10009_DONE,4592.999999999984
2025-06-03 08:00:00,2025-06-09 08:00:00,518400.0,BUY,1.0,3361.32,3319.89,450,0.151,ATOMIC_CORE,ALPHA_LOSS,0,25,0.006034274680183399,10009_DONE,-4168.000000000029
2025-06-09 12:00:00,2025-06-16 04:00:00,576000.0,BUY,1.0,3320.09,3427.49,450,-0.4881,ATOMIC_CORE,ALPHA_LOSS,0,25,0.0023277467411545703,10009_DONE,10714.999999999964
2025-06-16 08:00:00,2025-06-24 20:00:00,734400.0,BUY,1.0,3413.85,3323.45,450,-0.4796,ATOMIC_CORE,ALPHA_LOSS,0,25,0.002765486725663714,10009_DONE,-9065.00000000001
2025-06-25 00:00:00,2025-06-25 16:00:00,57600.0,BUY,1.0,3326.95,3334.81,450,0.4665,ATOMIC_CORE,ALPHA_LOSS,0,25,0.03180661577608091,10009_DONE,761.0000000000127
2025-06-25 20:00:00,2025-06-27 20:00:00,172800.0,BUY,1.0,3332.48,3273.97,450,0.1031,ATOMIC_CORE,ALPHA_LOSS,0,25,0.004272773884806,10009_DONE,-5876.000000000022
2025-06-30 00:00:00,2025-06-30 04:00:00,14400.0,BUY,1.0,3264.58,3285.62,450,-0.2267,ATOMIC_CORE,ALPHA_LOSS,0,25,0.01188212927756656,10009_DONE,2078.9999999999964
2025-06-30 08:00:00,2025-07-09 12:00:00,792000.0,BUY,1.0,3289.21,3296.48,450,-0.18,ATOMIC_CORE,ALPHA_LOSS,0,25,0.03438789546079789,10009_DONE,701.9999999999982
2025-07-09 16:00:00,2025-07-14 04:00:00,388800.0,BUY,1.0,3311.9,3359.78,450,0.1752,ATOMIC_CORE,ALPHA_LOSS,0,25,0.005221386800334157,10009_DONE,4763.000000000011
2025-07-14 08:00:00,2025-07-14 12:00:00,14400.0,BUY,1.0,3365.98,3350.06,450,0.4522,ATOMIC_CORE,ALPHA_LOSS,0,25,0.015703517587939628,10009_DONE,-1617.0000000000073
2025-07-14 16:00:00,2025-07-28 04:00:00,1166400.0,BUY,1.0,3347.78,3339.65,450,-0.2163,ATOMIC_CORE,ALPHA_LOSS,0,25,0.030750307503074618,10009_DONE,-838.0000000000109
2025-07-28 08:00:00,2025-07-29 04:00:00,72000.0,BUY,1.0,3336.14,3316.52,450,-0.1534,ATOMIC_CORE,ALPHA_LOSS,0,25,0.012742099898063271,10009_DONE,-1986.999999999989
2025-07-29 08:00:00,2025-08-13 04:00:00,1281600.0,BUY,1.0,3326.4,3351.79,450,-0.406,ATOMIC_CORE,ALPHA_LOSS,0,25,0.0098463962189839,10009_DONE,2513.9999999999873
2025-08-13 08:00:00,2025-08-20 04:00:00,590400.0,BUY,1.0,3360.3,3318.67,450,-0.3921,ATOMIC_CORE,ALPHA_LOSS,0,25,0.006005284650492417,10009_DONE,-4188.000000000011
2025-08-20 08:00:00,2025-08-26 04:00:00,504000.0,BUY,1.0,3325.03,3377.37,450,0.391,ATOMIC_CORE,ALPHA_LOSS,0,25,0.004776461597248786,10009_DONE,5208.999999999969
2025-08-26 08:00:00,2025-08-27 04:00:00,72000.0,BUY,1.0,3376.78,3374.99,450,-0.2062,ATOMIC_CORE,ALPHA_LOSS,0,25,0.1396648044692411,10009_DONE,-204.00000000004184
2025-08-27 08:00:00,2025-08-29 04:00:00,158400.0,BUY,1.0,3384.55,3408.95,450,0.0368,ATOMIC_CORE,ALPHA_LOSS,0,25,0.010245901639344416,10009_DONE,2414.9999999999636
2025-08-29 08:00:00,2025-09-04 00:00:00,489600.0,BUY,1.0,3410.35,3561.54,450,-0.2539,ATOMIC_CORE,ALPHA_LOSS,0,25,0.001653548515113433,10009_DONE,15094.000000000005
2025-09-04 04:00:00,2025-09-08 04:00:00,345600.0,BUY,1.0,3533.02,3581.56,450,0.4998,ATOMIC_CORE,ALPHA_LOSS,0,25,0.005150391429748664,10009_DONE,4828.999999999996
2025-09-08 08:00:00,2025-09-09 12:00:00,100800.0,BUY,1.0,3611.21,3647.51,450,0.1951,ATOMIC_CORE,ALPHA_LOSS,0,25,0.006887052341597762,10009_DONE,3605.000000000018
2025-09-09 16:00:00,2025-09-09 20:00:00,14400.0,BUY,1.0,3645.12,3625.5,450,0.1141,ATOMIC_CORE,ALPHA_LOSS,0,25,0.012742099898063271,10009_DONE,-1986.999999999989
2025-09-10 00:00:00,2025-09-16 04:00:00,532800.0,BUY,1.0,3623.98,3684.3,450,-0.2165,ATOMIC_CORE,ALPHA_LOSS,0,25,0.004144562334217496,10009_DONE,6007.000000000016
2025-09-16 08:00:00,2025-09-16 12:00:00,14400.0,BUY,1.0,3694.37,3689.27,450,0.2016,ATOMIC_CORE,ALPHA_LOSS,0,25,0.04901960784313813,10009_DONE,-534.9999999999909
2025-09-16 16:00:00,2025-09-17 04:00:00,43200.0,BUY,1.0,3689.74,3680.74,450,0.0202,ATOMIC_CORE,ALPHA_LOSS,0,25,0.027777777777777776,10009_DONE,-925.0
2025-09-17 08:00:00,2025-10-21 04:00:00,2923200.0,BUY,1.0,3664.89,4341.99,450,0.0509,ATOMIC_CORE,ALPHA_LOSS,0,25,0.00036922168069709063,10009_DONE,67684.99999999999
2025-10-21 08:00:00,2025-10-22 04:00:00,72000.0,BUY,1.0,4273.96,4128.36,450,0.1414,ATOMIC_CORE,ALPHA_LOSS,0,25,0.0017170329670329627,10009_DONE,-14585.000000000036
2025-10-22 08:00:00,2025-10-22 20:00:00,43200.0,BUY,1.0,4070.42,4098.46,450,0.32,ATOMIC_CORE,ALPHA_LOSS,0,25,0.00891583452211128,10009_DONE,2778.9999999999964
2025-10-23 00:00:00,2025-11-11 04:00:00,1656000.0,BUY,1.0,4081.85,4131.13,450,-0.4383,ATOMIC_CORE,ALPHA_LOSS,0,25,0.005073051948051927,10009_DONE,4903.00000000002
2025-11-11 08:00:00,2025-11-17 08:00:00,518400.0,BUY,1.0,4141.94,4082.07,450,0.3197,ATOMIC_CORE,ALPHA_LOSS,0,25,0.004175714047102094,10009_DONE,-6011.999999999944
2025-11-17 12:00:00,2025-11-25 08:00:00,676800.0,BUY,1.0,4065.33,4128.45,450,-0.0944,ATOMIC_CORE,ALPHA_LOSS,0,25,0.003960709759188854,10009_DONE,6286.999999999989
2025-11-25 12:00:00,2025-11-26 12:00:00,86400.0,BUY,1.0,4147.79,4153.37,450,-0.255,ATOMIC_CORE,ALPHA_LOSS,0,25,0.04480286738351313,10009_DONE,532.9999999999927
2025-11-26 16:00:00,2025-12-09 08:00:00,1094400.0,BUY,1.0,4167.17,4202.92,450,0.4662,ATOMIC_CORE,ALPHA_LOSS,0,25,0.006993006993006993,10009_DONE,3550.0
2025-12-09 12:00:00,2025-12-11 04:00:00,144000.0,BUY,1.0,4201.38,4207.55,450,0.1055,ATOMIC_CORE,ALPHA_LOSS,0,25,0.040518638573743444,10009_DONE,592.0000000000073
2025-12-11 08:00:00,2025-12-15 12:00:00,360000.0,BUY,1.0,4218.5,4332.22,450,-0.4481,ATOMIC_CORE,ALPHA_LOSS,0,25,0.002198381990854726,10009_DONE,11347.000000000025
2025-12-15 16:00:00,2025-12-23 04:00:00,648000.0,BUY,1.0,4304.51,4475.28,450,0.4073,ATOMIC_CORE,ALPHA_LOSS,0,25,0.0014639573695614024,10009_DONE,17051.999999999953
2025-12-23 08:00:00,2025-12-30 00:00:00,576000.0,BUY,1.0,4480.49,4360.2,450,-0.2527,ATOMIC_CORE,ALPHA_LOSS,0,25,0.0020783107490231945,10009_DONE,-12053.999999999996
2025-12-30 04:00:00,2025-12-31 08:00:00,100800.0,BUY,1.0,4377.73,4325.91,450,0.2355,ATOMIC_CORE,ALPHA_LOSS,0,25,0.0048243921265920765,10009_DONE,-5206.999999999971
2025-12-31 12:00:00,2026-01-12 08:00:00,1022400.0,BUY,1.0,4345.92,4589.22,450,-0.193,ATOMIC_CORE,ALPHA_LOSS,0,25,0.0010275380189066988,10009_DONE,24305.00000000002
2026-01-12 12:00:00,2026-01-12 20:00:00,28800.0,BUY,1.0,4615.86,4598.94,450,-0.2179,ATOMIC_CORE,ALPHA_LOSS,0,25,0.01477541371158386,10009_DONE,-1717.0000000000073
2026-01-13 00:00:00,2026-01-21 12:00:00,734400.0,BUY,1.0,4577.94,4879.43,450,-0.2278,ATOMIC_CORE,ALPHA_LOSS,0,25,0.0008292148993333093,10009_DONE,30124.00000000007
2026-01-21 16:00:00,2026-01-23 08:00:00,144000.0,BUY,1.0,4826.32,4918.69,450,0.0649,ATOMIC_CORE,ALPHA_LOSS,0,25,0.002706506441485334,10009_DONE,9211.999999999989
2026-01-23 12:00:00,2026-01-26 12:00:00,259200.0,BUY,1.0,4939.02,5068.49,450,0.1828,ATOMIC_CORE,ALPHA_LOSS,0,25,0.0019309492546535974,10009_DONE,12921.999999999935
2026-01-26 16:00:00,2026-02-03 00:00:00,633600.0,BUY,1.0,5100.93,4841.59,450,0.1973,ATOMIC_CORE,ALPHA_LOSS,0,25,0.0009639855016580545,10009_DONE,-25959.000000000015
2026-02-03 04:00:00,2026-02-17 08:00:00,1224000.0,BUY,1.0,4825.15,4926.02,450,-0.2228,ATOMIC_CORE,ALPHA_LOSS,0,25,0.00247843759294139,10009_DONE,10062.00000000008
2026-02-17 12:00:00,2026-02-23 08:00:00,504000.0,BUY,1.0,4870.77,5149.61,450,-0.118,ATOMIC_CORE,ALPHA_LOSS,0,25,0.0008965715105436834,10009_DONE,27858.999999999924
2026-02-23 12:00:00,2026-02-24 00:00:00,43200.0,BUY,1.0,5146.39,5177.3,450,0.205,ATOMIC_CORE,ALPHA_LOSS,0,25,0.008087997411840867,10009_DONE,3065.9999999999854
2026-02-24 04:00:00,2026-03-03 04:00:00,604800.0,BUY,1.0,5182.7,5319.03,450,0.3862,ATOMIC_CORE,ALPHA_LOSS,0,25,0.0018337856671312267,10009_DONE,13607.999999999993
2026-03-03 08:00:00,2026-03-04 00:00:00,57600.0,BUY,1.0,5275.08,5175.12,450,-0.0219,ATOMIC_CORE,ALPHA_LOSS,0,25,0.0025010004001600633,10009_DONE,-10021.000000000004
2026-03-04 04:00:00,2026-03-06 00:00:00,158400.0,BUY,1.0,5159.94,5134.83,450,-0.1036,ATOMIC_CORE,ALPHA_LOSS,0,25,0.009956192751891807,10009_DONE,-2535.9999999999673
2026-03-06 04:00:00,2026-03-11 08:00:00,446400.0,BUY,1.0,5117.27,5187.61,450,-0.1656,ATOMIC_CORE,ALPHA_LOSS,0,25,0.003554165481944878,10009_DONE,7008.999999999924
