signal_source,symbol,timeframe,total_trades,winning_trades,losing_trades,win_rate,gross_profit,gross_loss,profit_factor,avg_pnl
MOMENTUM_MT5,AUDJPY,H4,1,0,1,0.0,0,8.4,0.0,-8.4
MOMENTUM_MT5,BTCUSD,H1,63,0,63,0.0,0,711.7,0.0,-11.296825
MOMENTUM_MT5,BTCUSD,H4,3,0,3,0.0,0,5.75,0.0,-1.916667
MOMENTUM_MT5,BTCUSD,M5,56,0,56,0.0,0,115.47,0.0,-2.061964
MOMENTUM_MT5,DOGUSD,H1,1,0,1,0.0,0,0.08,0.0,-0.08
MOMENTUM_MT5,DOGUSD,M15,1,0,1,0.0,0,0.04,0.0,-0.04
MOMENTUM_MT5,ETHUSD,H1,16,0,16,0.0,0,12.35,0.0,-0.771875
MOMENTUM_MT5,ETHUSD,M15,3,0,3,0.0,0,0.48,0.0,-0.16
MOMENTUM_MT5,GBPJPY,M15,1,0,1,0.0,0,8.42,0.0,-8.42
MOMENTUM_MT5,GER40,H1,9,0,9,0.0,0,6.57,0.0,-0.73
MOMENTUM_MT5,GER40,M15,3,0,3,0.0,0,3.3,0.0,-1.1
MOMENTUM_MT5,UK100,H1,2,0,2,0.0,0,0.68,0.0,-0.34
MOMENTUM_MT5,USDJPY,H1,1,0,1,0.0,0,5.05,0.0,-5.05
MOMENTUM_MT5,XAGUSD,H1,1,0,1,0.0,0,12.5,0.0,-12.5
MOMENTUM_MT5,XAGUSD,M15,2,0,2,0.0,0,22.3,0.0,-11.15
MOMENTUM_MT5,XAUUSD,H1,9,0,9,0.0,0,123.1,0.0,-13.677778
MOMENTUM_MT5,XAUUSD,M15,1,0,1,0.0,0,12.15,0.0,-12.15
MOMENTUM_MT5,XAUUSD,M5,1,0,1,0.0,0,13.5,0.0,-13.5
MOMENTUM_MT5,XRPUSD,H1,1,0,1,0.0,0,0.37,0.0,-0.37
MOMENTUM_MT5,XRPUSD,M15,1,0,1,0.0,0,0.4,0.0,-0.4
NULL,,NA,1,1,0,1.0,0.01,0,Inf,0.01
NULL,AUDJPY,H1,28,10,18,0.357143,83.46,75.72,1.102219,0.276429
NULL,AUDJPY,H4,4,3,1,0.75,21.95,5.56,3.947842,4.0975
NULL,AUDJPY,M15,9,1,8,0.111111,0.8,43.73,0.018294,-4.77
NULL,AUDJPY,M5,2,1,1,0.5,0.56,4.01,0.139651,-1.725
NULL,AUDUSD,H1,3,1,2,0.333333,21.0,13.57,1.547531,2.476667
NULL,AUDUSD,H4,3,1,2,0.333333,0.78,8.79,0.088737,-2.67
NULL,AUDUSD,M5,1,0,0,0.0,0,0,NaN,0.0
NULL,AUDUSD,NA,1,0,1,0.0,0,28.0,0.0,-28.0
NULL,BNBUSD,H1,1,0,0,0.0,0,0,NaN,0.0
NULL,BTCUSD,H1,329,36,292,0.109422,2857.56,2671.15,1.069786,0.566596
NULL,BTCUSD,H4,9,5,4,0.555556,23.96,37.75,0.634702,-1.532222
NULL,BTCUSD,M5,187,9,178,0.048128,399.22,368.66,1.082895,0.163422
NULL,CADJPY,H1,12,3,9,0.25,50.77,34.6,1.467341,1.3475
NULL,CHFJPY,H1,16,2,14,0.125,60.13,84.96,0.707745,-1.551875
NULL,CHFJPY,H4,3,0,3,0.0,0,11.02,0.0,-3.673333
NULL,CHFJPY,M15,14,1,13,0.071429,17.57,70.38,0.249645,-3.772143
NULL,DOGUSD,H1,16,0,16,0.0,0,1.76,0.0,-0.11
NULL,DOGUSD,M15,3,0,3,0.0,0,0.48,0.0,-0.16
NULL,ETHUSD,H1,34,2,32,0.058824,2.08,22.99,0.090474,-0.615
NULL,ETHUSD,M15,14,2,12,0.142857,0.14,4.33,0.032333,-0.299286
NULL,ETHUSD,NA,1,0,1,0.0,0,0.2,0.0,-0.2
NULL,EURJPY,H1,33,7,26,0.212121,68.5,100.5,0.681592,-0.969697
NULL,EURJPY,H4,2,0,2,0.0,0,6.37,0.0,-3.185
NULL,EURJPY,M15,16,6,10,0.375,2.49,47.73,0.052168,-2.8275
NULL,EURJPY,M5,4,1,3,0.25,0.26,6.21,0.041868,-1.4875
NULL,EURUSD,H1,43,14,29,0.325581,128.21,197.43,0.649395,-1.609767
NULL,EURUSD,H4,1,0,1,0.0,0,2.56,0.0,-2.56
NULL,EURUSD,M15,4,1,3,0.25,0.49,11.1,0.044144,-2.6525
NULL,EURUSD,M5,5,0,5,0.0,0,30.88,0.0,-6.176
NULL,EURUSD,NA,1,0,1,0.0,0,72.75,0.0,-72.75
NULL,GBPJPY,H1,19,8,11,0.421053,111.14,60.77,1.828863,2.651053
NULL,GBPJPY,H4,12,2,10,0.166667,8.66,55.07,0.157254,-3.8675
NULL,GBPJPY,M15,21,4,16,0.190476,19.69,85.78,0.229541,-3.147143
NULL,GBPJPY,M5,1,1,0,1.0,0.79,0,Inf,0.79
NULL,GBPUSD,H1,43,10,33,0.232558,169.86,254.79,0.666667,-1.975116
NULL,GBPUSD,H4,8,5,3,0.625,27.06,12.22,2.214403,1.855
NULL,GBPUSD,M15,6,2,4,0.333333,71.53,15.35,4.659935,9.363333
NULL,GBPUSD,M5,14,6,8,0.428571,86.96,54.97,1.581954,2.285
NULL,GBPUSD,NA,1,0,1,0.0,0,74.5,0.0,-74.5
NULL,GER40,H1,15,4,11,0.266667,49.72,8.42,5.904988,2.753333
NULL,GER40,M15,7,5,1,0.714286,29.9,2.79,10.716846,3.872857
NULL,NZDUSD,H1,18,4,14,0.222222,57.85,81.47,0.710077,-1.312222
NULL,NZDUSD,H4,2,0,2,0.0,0,16.2,0.0,-8.1
NULL,NZDUSD,M15,5,0,5,0.0,0,26.2,0.0,-5.24
NULL,SOLUSD,H1,3,0,3,0.0,0,0.07,0.0,-0.023333
NULL,UK100,H1,13,2,11,0.153846,3.85,3.71,1.037736,0.010769
NULL,UK100,H4,1,0,1,0.0,0,0.34,0.0,-0.34
NULL,UKOIL+,H1,4,1,3,0.25,2.1,18.0,0.116667,-3.975
NULL,UKOIL+,H4,1,0,1,0.0,0,1.5,0.0,-1.5
NULL,UKOIL+,M15,6,2,4,0.333333,13.5,9.2,1.467391,0.716667
NULL,US30,H1,5,0,5,0.0,0,2.92,0.0,-0.584
NULL,US30,M15,1,0,1,0.0,0,0.89,0.0,-0.89
NULL,US30,M5,1,0,1,0.0,0,0.77,0.0,-0.77
NULL,US500,H1,4,2,2,0.5,1.24,0.29,4.275862,0.2375
NULL,USDCAD,H1,15,2,12,0.133333,1.53,46.48,0.032917,-2.996667
NULL,USDCAD,H4,5,0,5,0.0,0,8.85,0.0,-1.77
NULL,USDCHF,H1,13,1,12,0.076923,2.39,78.52,0.030438,-5.856154
NULL,USDCHF,M15,1,0,1,0.0,0,8.73,0.0,-8.73
NULL,USDJPY,H1,62,11,48,0.177419,136.88,235.1,0.58222,-1.584194
NULL,USDJPY,M15,4,0,4,0.0,0,14.83,0.0,-3.7075
NULL,USDJPY,M5,33,9,24,0.272727,161.91,139.93,1.157079,0.666061
NULL,USOIL+,H1,23,4,16,0.173913,41.25,17.48,2.35984,1.033478
NULL,USOIL+,M15,5,3,1,0.6,21.63,1.5,14.42,4.026
NULL,XAGUSD,H1,3,1,1,0.333333,58.9,8.0,7.3625,16.966667
NULL,XAGUSD,M15,7,2,5,0.285714,82.4,36.7,2.245232,6.528571
NULL,XAUUSD,H1,174,38,136,0.218391,1754.24,1902.64,0.922003,-0.852874
NULL,XAUUSD,H4,7,0,7,0.0,0,234.7,0.0,-33.528571
NULL,XAUUSD,M15,11,5,6,0.454545,27.63,71.44,0.386758,-3.982727
NULL,XAUUSD,M5,39,5,34,0.128205,358.92,444.15,0.808105,-2.185385
NULL,XRPUSD,H1,73,20,53,0.273973,9.39,84.46,0.111177,-1.028356
NULL,XRPUSD,H4,17,4,13,0.235294,2.37,7.01,0.338088,-0.272941
NULL,XRPUSD,M15,11,2,9,0.181818,2.89,26.49,0.109098,-2.145455
NULL,XRPUSD,M5,6,1,5,0.166667,0.32,2.53,0.126482,-0.368333
NULL,XRPUSD,NA,1,0,1,0.0,0,0.43,0.0,-0.43
SYNC_RECOVERY,CADJPY,H1,1,0,1,0.0,0,2.78,0.0,-2.78
SYNC_RECOVERY,CHFJPY,M15,1,0,1,0.0,0,4.92,0.0,-4.92
SYNC_RECOVERY,DOGUSD,H1,4,0,4,0.0,0,0.19,0.0,-0.0475
SYNC_RECOVERY,DOGUSD,M15,2,0,2,0.0,0,0.04,0.0,-0.02
SYNC_RECOVERY,EURJPY,H1,2,0,2,0.0,0,12.2,0.0,-6.1
SYNC_RECOVERY,EURJPY,M15,1,0,1,0.0,0,5.35,0.0,-5.35
SYNC_RECOVERY,GBPUSD,M15,1,1,0,1.0,87.18,0,Inf,87.18
SYNC_RECOVERY,USDJPY,H1,1,0,1,0.0,0,3.65,0.0,-3.65
SYNC_RECOVERY,XAGUSD,M15,1,0,1,0.0,0,13.05,0.0,-13.05
SYNC_RECOVERY,XRPUSD,H1,2,0,2,0.0,0,0.66,0.0,-0.33
