symbol_a,symbol_b,pearson_daily_pnl,n_days
,,1.0,12
,AUDJPY,-0.096753,12
,AUDUSD,0.074559,12
,BNBUSD,,12
,BTCUSD,-0.091713,12
,CADJPY,0.691794,12
,CHFJPY,-0.036425,12
,DOGUSD,0.15972,12
,ETHUSD,0.151866,12
,EURJPY,0.17358,12
,EURUSD,0.103295,12
,GBPJPY,0.727474,12
,GBPUSD,0.229656,12
,GER40,-0.111094,12
,NZDUSD,0.101784,12
,SOLUSD,0.133219,12
,UK100,0.090909,12
,UKOIL+,0.043758,12
,US30,0.11524,12
,US500,0.983471,12
,USDCAD,0.190107,12
,USDCHF,-0.077006,12
,USDJPY,0.329952,12
,USOIL+,0.387659,12
,XAGUSD,-0.06879,12
,XAUUSD,0.291222,12
,XRPUSD,0.158775,12
AUDJPY,,-0.096753,12
AUDJPY,AUDJPY,1.0,12
AUDJPY,AUDUSD,0.365969,12
AUDJPY,BNBUSD,,12
AUDJPY,BTCUSD,0.025011,12
AUDJPY,CADJPY,0.337623,12
AUDJPY,CHFJPY,0.086755,12
AUDJPY,DOGUSD,0.33892,12
AUDJPY,ETHUSD,-0.093579,12
AUDJPY,EURJPY,0.73819,12
AUDJPY,EURUSD,-0.221717,12
AUDJPY,GBPJPY,-0.082629,12
AUDJPY,GBPUSD,-0.448737,12
AUDJPY,GER40,0.351352,12
AUDJPY,NZDUSD,-0.479161,12
AUDJPY,SOLUSD,-0.43396,12
AUDJPY,UK100,-0.280901,12
AUDJPY,UKOIL+,-0.369948,12
AUDJPY,US30,0.867391,12
AUDJPY,US500,0.041974,12
AUDJPY,USDCAD,-0.004521,12
AUDJPY,USDCHF,-0.138764,12
AUDJPY,USDJPY,-0.106019,12
AUDJPY,USOIL+,0.19205,12
AUDJPY,XAGUSD,0.079259,12
AUDJPY,XAUUSD,0.426338,12
AUDJPY,XRPUSD,-0.052072,12
AUDUSD,,0.074559,12
AUDUSD,AUDJPY,0.365969,12
AUDUSD,AUDUSD,1.0,12
AUDUSD,BNBUSD,,12
AUDUSD,BTCUSD,0.008847,12
AUDUSD,CADJPY,0.239908,12
AUDUSD,CHFJPY,-0.345964,12
AUDUSD,DOGUSD,-0.301308,12
AUDUSD,ETHUSD,-0.153544,12
AUDUSD,EURJPY,0.172766,12
AUDUSD,EURUSD,0.411369,12
AUDUSD,GBPJPY,-0.150585,12
AUDUSD,GBPUSD,0.565683,12
AUDUSD,GER40,0.520836,12
AUDUSD,NZDUSD,-0.392763,12
AUDUSD,SOLUSD,-0.471014,12
AUDUSD,UK100,-0.50657,12
AUDUSD,UKOIL+,-0.401835,12
AUDUSD,US30,0.349051,12
AUDUSD,US500,0.140386,12
AUDUSD,USDCAD,-0.233917,12
AUDUSD,USDCHF,-0.531209,12
AUDUSD,USDJPY,0.570977,12
AUDUSD,USOIL+,0.445092,12
AUDUSD,XAGUSD,0.451379,12
AUDUSD,XAUUSD,0.29271,12
AUDUSD,XRPUSD,-0.06535,12
BNBUSD,,,12
BNBUSD,AUDJPY,,12
BNBUSD,AUDUSD,,12
BNBUSD,BNBUSD,,12
BNBUSD,BTCUSD,,12
BNBUSD,CADJPY,,12
BNBUSD,CHFJPY,,12
BNBUSD,DOGUSD,,12
BNBUSD,ETHUSD,,12
BNBUSD,EURJPY,,12
BNBUSD,EURUSD,,12
BNBUSD,GBPJPY,,12
BNBUSD,GBPUSD,,12
BNBUSD,GER40,,12
BNBUSD,NZDUSD,,12
BNBUSD,SOLUSD,,12
BNBUSD,UK100,,12
BNBUSD,UKOIL+,,12
BNBUSD,US30,,12
BNBUSD,US500,,12
BNBUSD,USDCAD,,12
BNBUSD,USDCHF,,12
BNBUSD,USDJPY,,12
BNBUSD,USOIL+,,12
BNBUSD,XAGUSD,,12
BNBUSD,XAUUSD,,12
BNBUSD,XRPUSD,,12
BTCUSD,,-0.091713,12
BTCUSD,AUDJPY,0.025011,12
BTCUSD,AUDUSD,0.008847,12
BTCUSD,BNBUSD,,12
BTCUSD,BTCUSD,1.0,12
BTCUSD,CADJPY,-0.068328,12
BTCUSD,CHFJPY,-0.118561,12
BTCUSD,DOGUSD,-0.132863,12
BTCUSD,ETHUSD,0.603613,12
BTCUSD,EURJPY,-0.132977,12
BTCUSD,EURUSD,0.623547,12
BTCUSD,GBPJPY,-0.139668,12
BTCUSD,GBPUSD,0.011755,12
BTCUSD,GER40,0.106026,12
BTCUSD,NZDUSD,-0.075722,12
BTCUSD,SOLUSD,-0.104568,12
BTCUSD,UK100,-0.098576,12
BTCUSD,UKOIL+,-0.056753,12
BTCUSD,US30,-0.039202,12
BTCUSD,US500,-0.091858,12
BTCUSD,USDCAD,-0.115385,12
BTCUSD,USDCHF,-0.097874,12
BTCUSD,USDJPY,-0.085829,12
BTCUSD,USOIL+,0.027307,12
BTCUSD,XAGUSD,0.091541,12
BTCUSD,XAUUSD,0.301372,12
BTCUSD,XRPUSD,0.88269,12
CADJPY,,0.691794,12
CADJPY,AUDJPY,0.337623,12
CADJPY,AUDUSD,0.239908,12
CADJPY,BNBUSD,,12
CADJPY,BTCUSD,-0.068328,12
CADJPY,CADJPY,1.0,12
CADJPY,CHFJPY,0.034032,12
CADJPY,DOGUSD,0.387544,12
CADJPY,ETHUSD,0.040252,12
CADJPY,EURJPY,0.620483,12
CADJPY,EURUSD,-0.142001,12
CADJPY,GBPJPY,0.494062,12
CADJPY,GBPUSD,-0.218321,12
CADJPY,GER40,0.380947,12
CADJPY,NZDUSD,-0.424712,12
CADJPY,SOLUSD,-0.254604,12
CADJPY,UK100,-0.417566,12
CADJPY,UKOIL+,-0.61089,12
CADJPY,US30,0.298278,12
CADJPY,US500,0.691274,12
CADJPY,USDCAD,0.054613,12
CADJPY,USDCHF,-0.400015,12
CADJPY,USDJPY,0.243177,12
CADJPY,USOIL+,0.768693,12
CADJPY,XAGUSD,0.328361,12
CADJPY,XAUUSD,0.627641,12
CADJPY,XRPUSD,0.092122,12
CHFJPY,,-0.036425,12
CHFJPY,AUDJPY,0.086755,12
CHFJPY,AUDUSD,-0.345964,12
CHFJPY,BNBUSD,,12
CHFJPY,BTCUSD,-0.118561,12
CHFJPY,CADJPY,0.034032,12
CHFJPY,CHFJPY,1.0,12
CHFJPY,DOGUSD,0.711607,12
CHFJPY,ETHUSD,-0.244454,12
CHFJPY,EURJPY,0.263709,12
CHFJPY,EURUSD,-0.127248,12
CHFJPY,GBPJPY,0.637073,12
CHFJPY,GBPUSD,-0.36043,12
CHFJPY,GER40,-0.646656,12
CHFJPY,NZDUSD,0.618376,12
CHFJPY,SOLUSD,0.78723,12
CHFJPY,UK100,0.522992,12
CHFJPY,UKOIL+,0.289969,12
CHFJPY,US30,0.207624,12
CHFJPY,US500,-0.016058,12
CHFJPY,USDCAD,0.905676,12
CHFJPY,USDCHF,0.592517,12
CHFJPY,USDJPY,-0.014105,12
CHFJPY,USOIL+,-0.292524,12
CHFJPY,XAGUSD,-0.359929,12
CHFJPY,XAUUSD,0.209114,12
CHFJPY,XRPUSD,-0.224371,12
DOGUSD,,0.15972,12
DOGUSD,AUDJPY,0.33892,12
DOGUSD,AUDUSD,-0.301308,12
DOGUSD,BNBUSD,,12
DOGUSD,BTCUSD,-0.132863,12
DOGUSD,CADJPY,0.387544,12
DOGUSD,CHFJPY,0.711607,12
DOGUSD,DOGUSD,1.0,12
DOGUSD,ETHUSD,-0.11709,12
DOGUSD,EURJPY,0.57466,12
DOGUSD,EURUSD,-0.18182,12
DOGUSD,GBPJPY,0.476397,12
DOGUSD,GBPUSD,-0.572691,12
DOGUSD,GER40,-0.42902,12
DOGUSD,NZDUSD,0.092754,12
DOGUSD,SOLUSD,0.359278,12
DOGUSD,UK100,0.432291,12
DOGUSD,UKOIL+,0.073077,12
DOGUSD,US30,0.232692,12
DOGUSD,US500,0.153655,12
DOGUSD,USDCAD,0.456561,12
DOGUSD,USDCHF,0.596877,12
DOGUSD,USDJPY,0.21051,12
DOGUSD,USOIL+,-0.201916,12
DOGUSD,XAGUSD,-0.532735,12
DOGUSD,XAUUSD,0.655002,12
DOGUSD,XRPUSD,-0.117039,12
ETHUSD,,0.151866,12
ETHUSD,AUDJPY,-0.093579,12
ETHUSD,AUDUSD,-0.153544,12
ETHUSD,BNBUSD,,12
ETHUSD,BTCUSD,0.603613,12
ETHUSD,CADJPY,0.040252,12
ETHUSD,CHFJPY,-0.244454,12
ETHUSD,DOGUSD,-0.11709,12
ETHUSD,ETHUSD,1.0,12
ETHUSD,EURJPY,-0.228797,12
ETHUSD,EURUSD,0.508211,12
ETHUSD,GBPJPY,-0.058622,12
ETHUSD,GBPUSD,-0.001182,12
ETHUSD,GER40,0.05319,12
ETHUSD,NZDUSD,-0.091277,12
ETHUSD,SOLUSD,-0.113387,12
ETHUSD,UK100,-0.017564,12
ETHUSD,UKOIL+,0.015332,12
ETHUSD,US30,-0.16863,12
ETHUSD,US500,0.119234,12
ETHUSD,USDCAD,-0.218237,12
ETHUSD,USDCHF,-0.055901,12
ETHUSD,USDJPY,-0.082022,12
ETHUSD,USOIL+,0.035294,12
ETHUSD,XAGUSD,-0.023271,12
ETHUSD,XAUUSD,0.261711,12
ETHUSD,XRPUSD,0.880918,12
EURJPY,,0.17358,12
EURJPY,AUDJPY,0.73819,12
EURJPY,AUDUSD,0.172766,12
EURJPY,BNBUSD,,12
EURJPY,BTCUSD,-0.132977,12
EURJPY,CADJPY,0.620483,12
EURJPY,CHFJPY,0.263709,12
EURJPY,DOGUSD,0.57466,12
EURJPY,ETHUSD,-0.228797,12
EURJPY,EURJPY,1.0,12
EURJPY,EURUSD,-0.330483,12
EURJPY,GBPJPY,0.224384,12
EURJPY,GBPUSD,-0.583434,12
EURJPY,GER40,0.248561,12
EURJPY,NZDUSD,-0.407106,12
EURJPY,SOLUSD,-0.261774,12
EURJPY,UK100,-0.222392,12
EURJPY,UKOIL+,-0.424835,12
EURJPY,US30,0.731779,12
EURJPY,US500,0.266612,12
EURJPY,USDCAD,0.15452,12
EURJPY,USDCHF,-0.084696,12
EURJPY,USDJPY,-0.046249,12
EURJPY,USOIL+,0.328224,12
EURJPY,XAGUSD,0.051947,12
EURJPY,XAUUSD,0.536041,12
EURJPY,XRPUSD,-0.118438,12
EURUSD,,0.103295,12
EURUSD,AUDJPY,-0.221717,12
EURUSD,AUDUSD,0.411369,12
EURUSD,BNBUSD,,12
EURUSD,BTCUSD,0.623547,12
EURUSD,CADJPY,-0.142001,12
EURUSD,CHFJPY,-0.127248,12
EURUSD,DOGUSD,-0.18182,12
EURUSD,ETHUSD,0.508211,12
EURUSD,EURJPY,-0.330483,12
EURUSD,EURUSD,1.0,12
EURUSD,GBPJPY,0.015895,12
EURUSD,GBPUSD,0.633439,12
EURUSD,GER40,-0.130032,12
EURUSD,NZDUSD,0.158212,12
EURUSD,SOLUSD,0.093906,12
EURUSD,UK100,0.138868,12
EURUSD,UKOIL+,0.216824,12
EURUSD,US30,-0.178216,12
EURUSD,US500,0.080322,12
EURUSD,USDCAD,-0.045661,12
EURUSD,USDCHF,0.059619,12
EURUSD,USDJPY,0.573774,12
EURUSD,USOIL+,-0.114368,12
EURUSD,XAGUSD,-0.096854,12
EURUSD,XAUUSD,0.372097,12
EURUSD,XRPUSD,0.630729,12
GBPJPY,,0.727474,12
GBPJPY,AUDJPY,-0.082629,12
GBPJPY,AUDUSD,-0.150585,12
GBPJPY,BNBUSD,,12
GBPJPY,BTCUSD,-0.139668,12
GBPJPY,CADJPY,0.494062,12
GBPJPY,CHFJPY,0.637073,12
GBPJPY,DOGUSD,0.476397,12
GBPJPY,ETHUSD,-0.058622,12
GBPJPY,EURJPY,0.224384,12
GBPJPY,EURUSD,0.015895,12
GBPJPY,GBPJPY,1.0,12
GBPJPY,GBPUSD,0.018371,12
GBPJPY,GER40,-0.514527,12
GBPJPY,NZDUSD,0.571936,12
GBPJPY,SOLUSD,0.674191,12
GBPJPY,UK100,0.391107,12
GBPJPY,UKOIL+,0.245858,12
GBPJPY,US30,0.213892,12
GBPJPY,US500,0.733625,12
GBPJPY,USDCAD,0.80256,12
GBPJPY,USDCHF,0.275588,12
GBPJPY,USDJPY,0.195799,12
GBPJPY,USOIL+,0.12835,12
GBPJPY,XAGUSD,-0.209915,12
GBPJPY,XAUUSD,0.248017,12
GBPJPY,XRPUSD,-0.034466,12
GBPUSD,,0.229656,12
GBPUSD,AUDJPY,-0.448737,12
GBPUSD,AUDUSD,0.565683,12
GBPUSD,BNBUSD,,12
GBPUSD,BTCUSD,0.011755,12
GBPUSD,CADJPY,-0.218321,12
GBPUSD,CHFJPY,-0.36043,12
GBPUSD,DOGUSD,-0.572691,12
GBPUSD,ETHUSD,-0.001182,12
GBPUSD,EURJPY,-0.583434,12
GBPUSD,EURUSD,0.633439,12
GBPUSD,GBPJPY,0.018371,12
GBPUSD,GBPUSD,1.0,12
GBPUSD,GER40,-0.055387,12
GBPUSD,NZDUSD,0.251939,12
GBPUSD,SOLUSD,0.077123,12
GBPUSD,UK100,0.039721,12
GBPUSD,UKOIL+,0.264671,12
GBPUSD,US30,-0.283819,12
GBPUSD,US500,0.203232,12
GBPUSD,USDCAD,-0.109157,12
GBPUSD,USDCHF,-0.157173,12
GBPUSD,USDJPY,0.602099,12
GBPUSD,USOIL+,0.00286,12
GBPUSD,XAGUSD,0.090447,12
GBPUSD,XAUUSD,-0.179772,12
GBPUSD,XRPUSD,0.011363,12
GER40,,-0.111094,12
GER40,AUDJPY,0.351352,12
GER40,AUDUSD,0.520836,12
GER40,BNBUSD,,12
GER40,BTCUSD,0.106026,12
GER40,CADJPY,0.380947,12
GER40,CHFJPY,-0.646656,12
GER40,DOGUSD,-0.42902,12
GER40,ETHUSD,0.05319,12
GER40,EURJPY,0.248561,12
GER40,EURUSD,-0.130032,12
GER40,GBPJPY,-0.514527,12
GER40,GBPUSD,-0.055387,12
GER40,GER40,1.0,12
GER40,NZDUSD,-0.872366,12
GER40,SOLUSD,-0.901613,12
GER40,UK100,-0.974037,12
GER40,UKOIL+,-0.892281,12
GER40,US30,0.140828,12
GER40,US500,-0.087223,12
GER40,USDCAD,-0.649634,12
GER40,USDCHF,-0.914572,12
GER40,USDJPY,-0.113423,12
GER40,USOIL+,0.770625,12
GER40,XAGUSD,0.828707,12
GER40,XAUUSD,0.093818,12
GER40,XRPUSD,0.105546,12
NZDUSD,,0.101784,12
NZDUSD,AUDJPY,-0.479161,12
NZDUSD,AUDUSD,-0.392763,12
NZDUSD,BNBUSD,,12
NZDUSD,BTCUSD,-0.075722,12
NZDUSD,CADJPY,-0.424712,12
NZDUSD,CHFJPY,0.618376,12
NZDUSD,DOGUSD,0.092754,12
NZDUSD,ETHUSD,-0.091277,12
NZDUSD,EURJPY,-0.407106,12
NZDUSD,EURUSD,0.158212,12
NZDUSD,GBPJPY,0.571936,12
NZDUSD,GBPUSD,0.251939,12
NZDUSD,GER40,-0.872366,12
NZDUSD,NZDUSD,1.0,12
NZDUSD,SOLUSD,0.950227,12
NZDUSD,UK100,0.764042,12
NZDUSD,UKOIL+,0.797653,12
NZDUSD,US30,-0.139697,12
NZDUSD,US500,0.094713,12
NZDUSD,USDCAD,0.773927,12
NZDUSD,USDCHF,0.621897,12
NZDUSD,USDJPY,-0.020198,12
NZDUSD,USOIL+,-0.549784,12
NZDUSD,XAGUSD,-0.471738,12
NZDUSD,XAUUSD,-0.355523,12
NZDUSD,XRPUSD,-0.116428,12
SOLUSD,,0.133219,12
SOLUSD,AUDJPY,-0.43396,12
SOLUSD,AUDUSD,-0.471014,12
SOLUSD,BNBUSD,,12
SOLUSD,BTCUSD,-0.104568,12
SOLUSD,CADJPY,-0.254604,12
SOLUSD,CHFJPY,0.78723,12
SOLUSD,DOGUSD,0.359278,12
SOLUSD,ETHUSD,-0.113387,12
SOLUSD,EURJPY,-0.261774,12
SOLUSD,EURUSD,0.093906,12
SOLUSD,GBPJPY,0.674191,12
SOLUSD,GBPUSD,0.077123,12
SOLUSD,GER40,-0.901613,12
SOLUSD,NZDUSD,0.950227,12
SOLUSD,SOLUSD,1.0,12
SOLUSD,UK100,0.78028,12
SOLUSD,UKOIL+,0.695288,12
SOLUSD,US30,-0.168874,12
SOLUSD,US500,0.104593,12
SOLUSD,USDCAD,0.847885,12
SOLUSD,USDCHF,0.698529,12
SOLUSD,USDJPY,0.055107,12
SOLUSD,USOIL+,-0.503461,12
SOLUSD,XAGUSD,-0.515281,12
SOLUSD,XAUUSD,-0.141179,12
SOLUSD,XRPUSD,-0.137629,12
UK100,,0.090909,12
UK100,AUDJPY,-0.280901,12
UK100,AUDUSD,-0.50657,12
UK100,BNBUSD,,12
UK100,BTCUSD,-0.098576,12
UK100,CADJPY,-0.417566,12
UK100,CHFJPY,0.522992,12
UK100,DOGUSD,0.432291,12
UK100,ETHUSD,-0.017564,12
UK100,EURJPY,-0.222392,12
UK100,EURUSD,0.138868,12
UK100,GBPJPY,0.391107,12
UK100,GBPUSD,0.039721,12
UK100,GER40,-0.974037,12
UK100,NZDUSD,0.764042,12
UK100,SOLUSD,0.78028,12
UK100,UK100,1.0,12
UK100,UKOIL+,0.926271,12
UK100,US30,-0.11524,12
UK100,US500,0.071375,12
UK100,USDCAD,0.495551,12
UK100,USDCHF,0.956805,12
UK100,USDJPY,0.13516,12
UK100,USOIL+,-0.850765,12
UK100,XAGUSD,-0.928561,12
UK100,XAUUSD,-0.061763,12
UK100,XRPUSD,-0.080579,12
UKOIL+,,0.043758,12
UKOIL+,AUDJPY,-0.369948,12
UKOIL+,AUDUSD,-0.401835,12
UKOIL+,BNBUSD,,12
UKOIL+,BTCUSD,-0.056753,12
UKOIL+,CADJPY,-0.61089,12
UKOIL+,CHFJPY,0.289969,12
UKOIL+,DOGUSD,0.073077,12
UKOIL+,ETHUSD,0.015332,12
UKOIL+,EURJPY,-0.424835,12
UKOIL+,EURUSD,0.216824,12
UKOIL+,GBPJPY,0.245858,12
UKOIL+,GBPUSD,0.264671,12
UKOIL+,GER40,-0.892281,12
UKOIL+,NZDUSD,0.797653,12
UKOIL+,SOLUSD,0.695288,12
UKOIL+,UK100,0.926271,12
UKOIL+,UKOIL+,1.0,12
UKOIL+,US30,-0.126318,12
UKOIL+,US500,0.042372,12
UKOIL+,USDCAD,0.377531,12
UKOIL+,USDCHF,0.809518,12
UKOIL+,USDJPY,0.042997,12
UKOIL+,USOIL+,-0.858225,12
UKOIL+,XAGUSD,-0.814974,12
UKOIL+,XAUUSD,-0.331729,12
UKOIL+,XRPUSD,-0.048078,12
US30,,0.11524,12
US30,AUDJPY,0.867391,12
US30,AUDUSD,0.349051,12
US30,BNBUSD,,12
US30,BTCUSD,-0.039202,12
US30,CADJPY,0.298278,12
US30,CHFJPY,0.207624,12
US30,DOGUSD,0.232692,12
US30,ETHUSD,-0.16863,12
US30,EURJPY,0.731779,12
US30,EURUSD,-0.178216,12
US30,GBPJPY,0.213892,12
US30,GBPUSD,-0.283819,12
US30,GER40,0.140828,12
US30,NZDUSD,-0.139697,12
US30,SOLUSD,-0.168874,12
US30,UK100,-0.11524,12
US30,UKOIL+,-0.126318,12
US30,US30,1.0,12
US30,US500,0.285915,12
US30,USDCAD,0.290901,12
US30,USDCHF,-0.086259,12
US30,USDJPY,-0.172611,12
US30,USOIL+,0.156637,12
US30,XAGUSD,0.037246,12
US30,XAUUSD,0.223083,12
US30,XRPUSD,-0.090935,12
US500,,0.983471,12
US500,AUDJPY,0.041974,12
US500,AUDUSD,0.140386,12
US500,BNBUSD,,12
US500,BTCUSD,-0.091858,12
US500,CADJPY,0.691274,12
US500,CHFJPY,-0.016058,12
US500,DOGUSD,0.153655,12
US500,ETHUSD,0.119234,12
US500,EURJPY,0.266612,12
US500,EURUSD,0.080322,12
US500,GBPJPY,0.733625,12
US500,GBPUSD,0.203232,12
US500,GER40,-0.087223,12
US500,NZDUSD,0.094713,12
US500,SOLUSD,0.104593,12
US500,UK100,0.071375,12
US500,UKOIL+,0.042372,12
US500,US30,0.285915,12
US500,US500,1.0,12
US500,USDCAD,0.234527,12
US500,USDCHF,-0.09723,12
US500,USDJPY,0.276679,12
US500,USOIL+,0.392519,12
US500,XAGUSD,-0.054009,12
US500,XAUUSD,0.282336,12
US500,XRPUSD,0.139289,12
USDCAD,,0.190107,12
USDCAD,AUDJPY,-0.004521,12
USDCAD,AUDUSD,-0.233917,12
USDCAD,BNBUSD,,12
USDCAD,BTCUSD,-0.115385,12
USDCAD,CADJPY,0.054613,12
USDCAD,CHFJPY,0.905676,12
USDCAD,DOGUSD,0.456561,12
USDCAD,ETHUSD,-0.218237,12
USDCAD,EURJPY,0.15452,12
USDCAD,EURUSD,-0.045661,12
USDCAD,GBPJPY,0.80256,12
USDCAD,GBPUSD,-0.109157,12
USDCAD,GER40,-0.649634,12
USDCAD,NZDUSD,0.773927,12
USDCAD,SOLUSD,0.847885,12
USDCAD,UK100,0.495551,12
USDCAD,UKOIL+,0.377531,12
USDCAD,US30,0.290901,12
USDCAD,US500,0.234527,12
USDCAD,USDCAD,1.0,12
USDCAD,USDCHF,0.445549,12
USDCAD,USDJPY,-0.044025,12
USDCAD,USOIL+,-0.175878,12
USDCAD,XAGUSD,-0.241899,12
USDCAD,XAUUSD,0.023941,12
USDCAD,XRPUSD,-0.185422,12
USDCHF,,-0.077006,12
USDCHF,AUDJPY,-0.138764,12
USDCHF,AUDUSD,-0.531209,12
USDCHF,BNBUSD,,12
USDCHF,BTCUSD,-0.097874,12
USDCHF,CADJPY,-0.400015,12
USDCHF,CHFJPY,0.592517,12
USDCHF,DOGUSD,0.596877,12
USDCHF,ETHUSD,-0.055901,12
USDCHF,EURJPY,-0.084696,12
USDCHF,EURUSD,0.059619,12
USDCHF,GBPJPY,0.275588,12
USDCHF,GBPUSD,-0.157173,12
USDCHF,GER40,-0.914572,12
USDCHF,NZDUSD,0.621897,12
USDCHF,SOLUSD,0.698529,12
USDCHF,UK100,0.956805,12
USDCHF,UKOIL+,0.809518,12
USDCHF,US30,-0.086259,12
USDCHF,US500,-0.09723,12
USDCHF,USDCAD,0.445549,12
USDCHF,USDCHF,1.0,12
USDCHF,USDJPY,0.123644,12
USDCHF,USOIL+,-0.876646,12
USDCHF,XAGUSD,-0.948361,12
USDCHF,XAUUSD,0.072396,12
USDCHF,XRPUSD,-0.116933,12
USDJPY,,0.329952,12
USDJPY,AUDJPY,-0.106019,12
USDJPY,AUDUSD,0.570977,12
USDJPY,BNBUSD,,12
USDJPY,BTCUSD,-0.085829,12
USDJPY,CADJPY,0.243177,12
USDJPY,CHFJPY,-0.014105,12
USDJPY,DOGUSD,0.21051,12
USDJPY,ETHUSD,-0.082022,12
USDJPY,EURJPY,-0.046249,12
USDJPY,EURUSD,0.573774,12
USDJPY,GBPJPY,0.195799,12
USDJPY,GBPUSD,0.602099,12
USDJPY,GER40,-0.113423,12
USDJPY,NZDUSD,-0.020198,12
USDJPY,SOLUSD,0.055107,12
USDJPY,UK100,0.13516,12
USDJPY,UKOIL+,0.042997,12
USDJPY,US30,-0.172611,12
USDJPY,US500,0.276679,12
USDJPY,USDCAD,-0.044025,12
USDJPY,USDCHF,0.123644,12
USDJPY,USDJPY,1.0,12
USDJPY,USOIL+,0.027483,12
USDJPY,XAGUSD,-0.185874,12
USDJPY,XAUUSD,0.562428,12
USDJPY,XRPUSD,-0.06066,12
USOIL+,,0.387659,12
USOIL+,AUDJPY,0.19205,12
USOIL+,AUDUSD,0.445092,12
USOIL+,BNBUSD,,12
USOIL+,BTCUSD,0.027307,12
USOIL+,CADJPY,0.768693,12
USOIL+,CHFJPY,-0.292524,12
USOIL+,DOGUSD,-0.201916,12
USOIL+,ETHUSD,0.035294,12
USOIL+,EURJPY,0.328224,12
USOIL+,EURUSD,-0.114368,12
USOIL+,GBPJPY,0.12835,12
USOIL+,GBPUSD,0.00286,12
USOIL+,GER40,0.770625,12
USOIL+,NZDUSD,-0.549784,12
USOIL+,SOLUSD,-0.503461,12
USOIL+,UK100,-0.850765,12
USOIL+,UKOIL+,-0.858225,12
USOIL+,US30,0.156637,12
USOIL+,US500,0.392519,12
USOIL+,USDCAD,-0.175878,12
USOIL+,USDCHF,-0.876646,12
USOIL+,USDJPY,0.027483,12
USOIL+,USOIL+,1.0,12
USOIL+,XAGUSD,0.849223,12
USOIL+,XAUUSD,0.239785,12
USOIL+,XRPUSD,0.105702,12
XAGUSD,,-0.06879,12
XAGUSD,AUDJPY,0.079259,12
XAGUSD,AUDUSD,0.451379,12
XAGUSD,BNBUSD,,12
XAGUSD,BTCUSD,0.091541,12
XAGUSD,CADJPY,0.328361,12
XAGUSD,CHFJPY,-0.359929,12
XAGUSD,DOGUSD,-0.532735,12
XAGUSD,ETHUSD,-0.023271,12
XAGUSD,EURJPY,0.051947,12
XAGUSD,EURUSD,-0.096854,12
XAGUSD,GBPJPY,-0.209915,12
XAGUSD,GBPUSD,0.090447,12
XAGUSD,GER40,0.828707,12
XAGUSD,NZDUSD,-0.471738,12
XAGUSD,SOLUSD,-0.515281,12
XAGUSD,UK100,-0.928561,12
XAGUSD,UKOIL+,-0.814974,12
XAGUSD,US30,0.037246,12
XAGUSD,US500,-0.054009,12
XAGUSD,USDCAD,-0.241899,12
XAGUSD,USDCHF,-0.948361,12
XAGUSD,USDJPY,-0.185874,12
XAGUSD,USOIL+,0.849223,12
XAGUSD,XAGUSD,1.0,12
XAGUSD,XAUUSD,-0.114945,12
XAGUSD,XRPUSD,0.045869,12
XAUUSD,,0.291222,12
XAUUSD,AUDJPY,0.426338,12
XAUUSD,AUDUSD,0.29271,12
XAUUSD,BNBUSD,,12
XAUUSD,BTCUSD,0.301372,12
XAUUSD,CADJPY,0.627641,12
XAUUSD,CHFJPY,0.209114,12
XAUUSD,DOGUSD,0.655002,12
XAUUSD,ETHUSD,0.261711,12
XAUUSD,EURJPY,0.536041,12
XAUUSD,EURUSD,0.372097,12
XAUUSD,GBPJPY,0.248017,12
XAUUSD,GBPUSD,-0.179772,12
XAUUSD,GER40,0.093818,12
XAUUSD,NZDUSD,-0.355523,12
XAUUSD,SOLUSD,-0.141179,12
XAUUSD,UK100,-0.061763,12
XAUUSD,UKOIL+,-0.331729,12
XAUUSD,US30,0.223083,12
XAUUSD,US500,0.282336,12
XAUUSD,USDCAD,0.023941,12
XAUUSD,USDCHF,0.072396,12
XAUUSD,USDJPY,0.562428,12
XAUUSD,USOIL+,0.239785,12
XAUUSD,XAGUSD,-0.114945,12
XAUUSD,XAUUSD,1.0,12
XAUUSD,XRPUSD,0.358662,12
XRPUSD,,0.158775,12
XRPUSD,AUDJPY,-0.052072,12
XRPUSD,AUDUSD,-0.06535,12
XRPUSD,BNBUSD,,12
XRPUSD,BTCUSD,0.88269,12
XRPUSD,CADJPY,0.092122,12
XRPUSD,CHFJPY,-0.224371,12
XRPUSD,DOGUSD,-0.117039,12
XRPUSD,ETHUSD,0.880918,12
XRPUSD,EURJPY,-0.118438,12
XRPUSD,EURUSD,0.630729,12
XRPUSD,GBPJPY,-0.034466,12
XRPUSD,GBPUSD,0.011363,12
XRPUSD,GER40,0.105546,12
XRPUSD,NZDUSD,-0.116428,12
XRPUSD,SOLUSD,-0.137629,12
XRPUSD,UK100,-0.080579,12
XRPUSD,UKOIL+,-0.048078,12
XRPUSD,US30,-0.090935,12
XRPUSD,US500,0.139289,12
XRPUSD,USDCAD,-0.185422,12
XRPUSD,USDCHF,-0.116933,12
XRPUSD,USDJPY,-0.06066,12
XRPUSD,USOIL+,0.105702,12
XRPUSD,XAGUSD,0.045869,12
XRPUSD,XAUUSD,0.358662,12
XRPUSD,XRPUSD,1.0,12
