ts_open,ts_close,duration_s,dir,size,open_price,close_price,beat,z_price,state,reason_exit,rest_counter,spreads_est,fr_moment,MT5_RETCODE,pnl_net,pnl_net_fx,is_win,churn_flag,equity,dd,dd_pct
2019-10-31 16:00:00,2019-11-01 12:00:00,72000.0,BUY,1.0,1511.8,1507.82,450,-0.063,ATOMIC_CORE,ALPHA_LOSS,0,25,0.0628140703517585,10009_DONE,-423.0000000000018,-423.0000000000018,False,False,9576.999999999998,0.0,0.0
2019-11-01 16:00:00,2019-11-06 08:00:00,403200.0,BUY,1.0,1510.66,1488.66,450,-0.2375,ATOMIC_CORE,ALPHA_LOSS,0,25,0.0113636363636363,10009_DONE,-2225.0,-2225.0,False,False,7351.999999999998,2225.0,23.232745118513108
2019-11-06 12:00:00,2019-11-07 20:00:00,115200.0,BUY,1.0,1488.89,1468.47,450,0.0381,ATOMIC_CORE,ALPHA_LOSS,0,25,0.0122428991185112,10009_DONE,-2067.0000000000077,-2067.0000000000077,False,False,5284.999999999991,4292.000000000007,44.81570429153188
2019-11-08 00:00:00,2019-11-12 20:00:00,417600.0,BUY,1.0,1467.26,1456.28,450,0.0266,ATOMIC_CORE,ALPHA_LOSS,0,25,0.0227686703096538,10009_DONE,-1123.0000000000018,-1123.0000000000018,False,False,4161.999999999989,5415.000000000009,56.54171452438143
2019-11-13 00:00:00,2019-11-20 12:00:00,648000.0,BUY,1.0,1457.81,1471.83,450,-0.3704,ATOMIC_CORE,ALPHA_LOSS,0,25,0.0178316690442225,10009_DONE,1376.9999999999982,1376.9999999999982,True,False,5538.999999999987,4038.000000000011,42.16351675890166
2019-11-20 16:00:00,2019-12-02 20:00:00,1051200.0,BUY,1.0,1471.35,1462.47,450,-0.0993,ATOMIC_CORE,ALPHA_LOSS,0,25,0.0281531531531535,10009_DONE,-912.9999999999882,-912.9999999999882,False,False,4625.999999999999,4950.999999999999,51.6967735198914
2019-12-03 00:00:00,2019-12-04 08:00:00,115200.0,BUY,1.0,1462.83,1474.23,450,0.1845,ATOMIC_CORE,ALPHA_LOSS,0,25,0.0219298245614033,10009_DONE,1115.000000000009,1115.000000000009,True,False,5741.000000000008,3835.99999999999,40.054296752636425
2019-12-04 12:00:00,2019-12-04 16:00:00,14400.0,BUY,1.0,1477.5,1473.94,450,0.4686,ATOMIC_CORE,ALPHA_LOSS,0,25,0.0702247191011246,10009_DONE,-380.99999999999454,-380.99999999999454,False,False,5360.000000000014,4216.9999999999845,44.03257805158176
2019-12-04 20:00:00,2019-12-10 08:00:00,475200.0,BUY,1.0,1474.3,1464.3,450,-0.122,ATOMIC_CORE,ALPHA_LOSS,0,25,0.025,10009_DONE,-1025.0,-1025.0,False,False,4335.000000000014,5241.9999999999845,54.73530333089679
2019-12-10 12:00:00,2019-12-20 16:00:00,878400.0,BUY,1.0,1466.98,1477.24,450,0.0979,ATOMIC_CORE,ALPHA_LOSS,0,25,0.0243664717348928,10009_DONE,1000.9999999999992,1000.9999999999992,True,False,5336.000000000013,4240.999999999985,44.28317844836573
2019-12-20 20:00:00,2019-12-23 12:00:00,230400.0,BUY,1.0,1477.9,1483.2,450,-0.4459,ATOMIC_CORE,ALPHA_LOSS,0,25,0.0471698113207551,10009_DONE,504.99999999999545,504.99999999999545,True,False,5841.000000000008,3735.99999999999,39.010128432703254
2019-12-23 16:00:00,2019-12-27 20:00:00,360000.0,BUY,1.0,1483.89,1510.69,450,-0.4535,ATOMIC_CORE,ALPHA_LOSS,0,25,0.0093283582089552,10009_DONE,2654.9999999999955,2654.9999999999955,True,False,8496.000000000004,1080.9999999999945,11.287459538477549
2019-12-30 00:00:00,2019-12-31 12:00:00,129600.0,BUY,1.0,1514.12,1520.75,450,-0.2204,ATOMIC_CORE,ALPHA_LOSS,0,25,0.0377073906485665,10009_DONE,638.0000000000109,638.0000000000109,True,False,9134.000000000015,442.99999999998363,4.625665657303787
2019-12-31 16:00:00,2020-01-03 20:00:00,273600.0,BUY,1.0,1522.64,1551.44,450,-0.053,ATOMIC_CORE,ALPHA_LOSS,0,25,0.0086805555555555,10009_DONE,2854.9999999999955,2854.9999999999955,True,False,11989.000000000011,0.0,0.0
2020-01-06 00:00:00,2020-01-06 04:00:00,14400.0,BUY,1.0,1577.7,1574.87,450,0.0387,ATOMIC_CORE,ALPHA_LOSS,0,25,0.0883392226148361,10009_DONE,-308.00000000001546,-308.00000000001546,False,False,11680.999999999995,308.00000000001637,2.5690216031363424
2020-01-06 08:00:00,2020-01-08 08:00:00,172800.0,BUY,1.0,1577.2,1583.62,450,0.3781,ATOMIC_CORE,ALPHA_LOSS,0,25,0.0389408099688482,10009_DONE,616.9999999999845,616.9999999999845,True,False,12297.999999999978,0.0,0.0
2020-01-08 12:00:00,2020-01-14 08:00:00,504000.0,BUY,1.0,1576.67,1543.99,450,-0.4562,ATOMIC_CORE,ALPHA_LOSS,0,25,0.0076499388004895,10009_DONE,-3293.0000000000064,-3293.0000000000064,False,False,9004.999999999973,3293.0000000000055,26.776711660432685
2020-01-14 12:00:00,2020-01-21 08:00:00,590400.0,BUY,1.0,1544.06,1555.79,450,-0.0555,ATOMIC_CORE,ALPHA_LOSS,0,25,0.021312872975277,10009_DONE,1148.0000000000018,1148.0000000000018,True,False,10152.999999999975,2145.0000000000036,17.441860465116342
2020-01-21 12:00:00,2020-01-23 20:00:00,201600.0,BUY,1.0,1553.2,1562.79,450,-0.1678,ATOMIC_CORE,ALPHA_LOSS,0,25,0.0260688216892598,10009_DONE,933.9999999999918,933.9999999999918,True,False,11086.999999999967,1211.000000000011,9.847129614571582
2020-01-24 00:00:00,2020-01-27 08:00:00,288000.0,BUY,1.0,1561.77,1582.62,450,0.0146,ATOMIC_CORE,ALPHA_LOSS,0,25,0.0119904076738609,10009_DONE,2059.999999999991,2059.999999999991,True,False,13146.999999999956,0.0,0.0
2020-01-27 12:00:00,2020-01-30 20:00:00,288000.0,BUY,1.0,1581.29,1573.79,450,0.2355,ATOMIC_CORE,ALPHA_LOSS,0,25,0.0333333333333333,10009_DONE,-775.0,-775.0,False,False,12371.999999999956,775.0,5.894880961436089
2020-01-31 00:00:00,2020-02-05 12:00:00,475200.0,BUY,1.0,1573.85,1554.37,450,-0.1333,ATOMIC_CORE,ALPHA_LOSS,0,25,0.0128336755646817,10009_DONE,-1973.0000000000016,-1973.0000000000016,False,False,10398.999999999956,2748.0,20.902106944550155
2020-02-05 16:00:00,2020-02-19 04:00:00,1166400.0,BUY,1.0,1557.62,1602.89,450,-0.4187,ATOMIC_CORE,ALPHA_LOSS,0,25,0.0055224210293792,10009_DONE,4502.000000000021,4502.000000000021,True,False,14900.999999999976,0.0,0.0
2020-02-19 08:00:00,2020-02-19 12:00:00,14400.0,BUY,1.0,1608.85,1603.23,450,0.0123,ATOMIC_CORE,ALPHA_LOSS,0,25,0.0444839857651254,10009_DONE,-586.9999999999891,-586.9999999999891,False,False,14313.999999999987,586.9999999999891,3.939332930675726
2020-02-19 16:00:00,2020-02-20 04:00:00,43200.0,BUY,1.0,1607.55,1609.32,450,-0.0442,ATOMIC_CORE,ALPHA_LOSS,0,25,0.1412429378531088,10009_DONE,151.99999999999818,151.99999999999818,True,False,14465.999999999985,434.9999999999909,2.919267163277576
2020-02-20 08:00:00,2020-03-06 12:00:00,1310400.0,BUY,1.0,1608.92,1673.38,450,-0.2037,ATOMIC_CORE,ALPHA_LOSS,0,25,0.0038783741855414,10009_DONE,6421.000000000004,6421.000000000004,True,False,20886.99999999999,0.0,0.0
2020-03-06 16:00:00,2020-03-09 04:00:00,216000.0,BUY,1.0,1665.68,1662.57,450,-0.2284,ATOMIC_CORE,ALPHA_LOSS,0,25,0.0803858520900288,10009_DONE,-336.00000000001273,-336.00000000001273,False,False,20550.999999999978,336.0000000000109,1.6086561018816063
2020-03-09 08:00:00,2020-03-13 04:00:00,331200.0,BUY,1.0,1675.26,1579.01,450,-0.353,ATOMIC_CORE,ALPHA_LOSS,0,25,0.0025974025974025,10009_DONE,-9650.0,-9650.0,False,False,10900.999999999976,9986.000000000013,47.80964236127744
2020-03-13 08:00:00,2020-03-13 12:00:00,14400.0,BUY,1.0,1586.05,1594.85,450,-0.4262,ATOMIC_CORE,ALPHA_LOSS,0,25,0.028409090909091,10009_DONE,854.9999999999955,854.9999999999955,True,False,11755.99999999997,9131.000000000018,43.716187102025295
2020-03-13 16:00:00,2020-03-16 16:00:00,259200.0,BUY,1.0,1522.9,1508.61,450,0.3318,ATOMIC_CORE,ALPHA_LOSS,0,25,0.0174947515745274,10009_DONE,-1454.000000000019,-1454.000000000019,False,False,10301.999999999953,10585.000000000036,50.67745487623901
2020-03-16 20:00:00,2020-03-17 16:00:00,72000.0,BUY,1.0,1509.47,1527.18,450,0.3897,ATOMIC_CORE,ALPHA_LOSS,0,25,0.0141163184641445,10009_DONE,1746.0000000000036,1746.0000000000036,True,False,12047.999999999956,8839.000000000033,42.31818834681877
2020-03-17 20:00:00,2020-04-01 20:00:00,1296000.0,BUY,1.0,1527.76,1591.03,450,0.4971,ATOMIC_CORE,ALPHA_LOSS,0,25,0.0039513197407934,10009_DONE,6301.999999999998,6301.999999999998,True,False,18349.999999999956,2537.0000000000327,12.146311102599865
2020-04-02 00:00:00,2020-04-14 08:00:00,1065600.0,BUY,1.0,1587.46,1719.29,450,-0.0898,ATOMIC_CORE,ALPHA_LOSS,0,25,0.0018963817037093,10009_DONE,13157.999999999993,13157.999999999993,True,False,31507.99999999995,0.0,0.0
2020-04-14 12:00:00,2020-04-15 08:00:00,72000.0,BUY,1.0,1730.15,1712.61,450,-0.1169,ATOMIC_CORE,ALPHA_LOSS,0,25,0.0142531356898516,10009_DONE,-1779.000000000019,-1779.000000000019,False,False,29728.99999999993,1779.0000000000182,5.6461850958487405
2020-04-15 12:00:00,2020-04-20 12:00:00,432000.0,BUY,1.0,1716.07,1684.97,450,0.1729,ATOMIC_CORE,ALPHA_LOSS,0,25,0.0080385852090032,10009_DONE,-3134.999999999991,-3134.999999999991,False,False,26593.99999999994,4914.000000000007,15.5960391011807
2020-04-20 16:00:00,2020-04-29 20:00:00,792000.0,BUY,1.0,1694.13,1712.07,450,0.4859,ATOMIC_CORE,ALPHA_LOSS,0,25,0.0139353400222966,10009_DONE,1768.9999999999827,1768.9999999999827,True,False,28362.999999999924,3145.0000000000255,9.98159197664095
2020-04-30 00:00:00,2020-05-08 12:00:00,734400.0,BUY,1.0,1711.89,1711.93,450,-0.117,ATOMIC_CORE,ALPHA_LOSS,0,25,6.250000000005684,10009_DONE,-21.00000000000364,-21.00000000000364,False,False,28341.99999999992,3166.000000000029,10.048241716389597
2020-05-08 16:00:00,2020-05-15 20:00:00,619200.0,BUY,1.0,1709.75,1741.96,450,0.0681,ATOMIC_CORE,ALPHA_LOSS,0,25,0.0077615647314498,10009_DONE,3196.000000000004,3196.000000000004,True,False,31537.999999999924,0.0,0.0
2020-05-18 00:00:00,2020-05-18 12:00:00,43200.0,BUY,1.0,1754.77,1748.91,450,0.1292,ATOMIC_CORE,ALPHA_LOSS,0,25,0.0426621160409563,10009_DONE,-610.99999999999,-610.99999999999,False,False,30926.999999999935,610.9999999999891,1.9373454245671589
2020-05-18 16:00:00,2020-06-04 12:00:00,1454400.0,BUY,1.0,1730.94,1716.82,450,-0.0905,ATOMIC_CORE,ALPHA_LOSS,0,25,0.0177053824362604,10009_DONE,-1437.0000000000118,-1437.0000000000118,False,False,29489.999999999924,2048.0,6.493753567125387
2020-06-04 16:00:00,2020-06-11 16:00:00,604800.0,BUY,1.0,1716.83,1727.28,450,-0.1758,ATOMIC_CORE,ALPHA_LOSS,0,25,0.0239234449760764,10009_DONE,1020.0000000000044,1020.0000000000044,True,False,30509.999999999927,1027.9999999999964,3.259559895998474
2020-06-11 20:00:00,2020-06-22 20:00:00,950400.0,BUY,1.0,1728.61,1754.58,450,-0.3811,ATOMIC_CORE,ALPHA_LOSS,0,25,0.0096264921062764,10009_DONE,2572.0000000000027,2572.0000000000027,True,False,33081.99999999993,0.0,0.0
2020-06-23 00:00:00,2020-06-24 12:00:00,129600.0,BUY,1.0,1753.44,1766.78,450,-0.1545,ATOMIC_CORE,ALPHA_LOSS,0,25,0.0187406296851575,10009_DONE,1308.9999999999918,1308.9999999999918,True,False,34390.99999999993,0.0,0.0
2020-06-24 16:00:00,2020-07-01 12:00:00,590400.0,BUY,1.0,1766.26,1779.36,450,-0.127,ATOMIC_CORE,ALPHA_LOSS,0,25,0.0190839694656489,10009_DONE,1284.999999999991,1284.999999999991,True,False,35675.99999999991,0.0,0.0
2020-07-01 16:00:00,2020-07-08 20:00:00,619200.0,BUY,1.0,1770.48,1808.35,450,-0.0674,ATOMIC_CORE,ALPHA_LOSS,0,25,0.0066015315553208,10009_DONE,3761.999999999989,3761.999999999989,True,False,39437.9999999999,0.0,0.0
2020-07-09 00:00:00,2020-07-21 20:00:00,1108800.0,BUY,1.0,1806.8,1841.42,450,-0.0616,ATOMIC_CORE,ALPHA_LOSS,0,25,0.0072212593876371,10009_DONE,3437.000000000012,3437.000000000012,True,False,42874.99999999991,0.0,0.0
2020-07-22 00:00:00,2020-07-22 08:00:00,28800.0,BUY,1.0,1843.28,1846.4,450,0.1035,ATOMIC_CORE,ALPHA_LOSS,0,25,0.0801282051282021,10009_DONE,287.0000000000118,287.0000000000118,True,False,43161.99999999993,0.0,0.0
2020-07-22 12:00:00,2020-07-23 04:00:00,57600.0,BUY,1.0,1854.92,1868.26,450,-0.3813,ATOMIC_CORE,ALPHA_LOSS,0,25,0.0187406296851575,10009_DONE,1308.9999999999918,1308.9999999999918,True,False,44470.99999999992,0.0,0.0
2020-07-23 08:00:00,2020-07-23 12:00:00,14400.0,BUY,1.0,1882.31,1871.87,450,0.3679,ATOMIC_CORE,ALPHA_LOSS,0,25,0.0239463601532565,10009_DONE,-1069.0000000000057,-1069.0000000000057,False,False,43401.99999999991,1069.0000000000073,2.403813721301543
2020-07-23 16:00:00,2020-07-28 04:00:00,388800.0,BUY,1.0,1893.48,1944.23,450,0.2538,ATOMIC_CORE,ALPHA_LOSS,0,25,0.0049261083743842,10009_DONE,5050.0,5050.0,True,False,48451.99999999991,0.0,0.0
2020-07-28 08:00:00,2020-08-05 16:00:00,720000.0,BUY,1.0,1931.0,2032.02,450,0.3103,ATOMIC_CORE,ALPHA_LOSS,0,25,0.0024747574737675,10009_DONE,10076.999999999998,10076.999999999998,True,False,58528.99999999991,0.0,0.0
2020-08-05 20:00:00,2020-08-12 08:00:00,561600.0,BUY,1.0,2038.87,1930.56,450,0.0405,ATOMIC_CORE,ALPHA_LOSS,0,25,0.0023081894561905,10009_DONE,-10855.999999999996,-10855.999999999996,False,False,47672.99999999991,10856.0,18.548070187428483
2020-08-12 12:00:00,2020-08-18 20:00:00,547200.0,BUY,1.0,1937.06,2002.29,450,0.1213,ATOMIC_CORE,ALPHA_LOSS,0,25,0.003832592365476,10009_DONE,6498.000000000002,6498.000000000002,True,False,54170.99999999991,4358.0,7.445881528814787
2020-08-19 00:00:00,2020-09-04 20:00:00,1454400.0,BUY,1.0,2000.33,1932.96,450,-0.4908,ATOMIC_CORE,ALPHA_LOSS,0,25,0.0037108505269407,10009_DONE,-6761.999999999989,-6761.999999999989,False,False,47408.99999999993,11119.999999999985,18.999128637085892
2020-09-07 00:00:00,2020-09-10 20:00:00,331200.0,BUY,1.0,1932.88,1945.88,450,-0.0289,ATOMIC_CORE,ALPHA_LOSS,0,25,0.0192307692307692,10009_DONE,1275.0,1275.0,True,False,48683.99999999993,9844.999999999985,16.820721351808505
2020-09-11 00:00:00,2020-09-16 16:00:00,489600.0,BUY,1.0,1948.83,1965.16,450,0.4515,ATOMIC_CORE,ALPHA_LOSS,0,25,0.015309246785058,10009_DONE,1608.0000000000157,1608.0000000000157,True,False,50291.99999999994,8236.99999999997,14.073365340258647
2020-09-16 20:00:00,2020-09-21 20:00:00,432000.0,BUY,1.0,1959.0,1911.84,450,-0.0797,ATOMIC_CORE,ALPHA_LOSS,0,25,0.0053011026293468,10009_DONE,-4741.000000000008,-4741.000000000008,False,False,45550.999999999935,12977.999999999978,22.173623332023435
2020-09-22 00:00:00,2020-09-22 12:00:00,43200.0,BUY,1.0,1917.87,1912.19,450,0.3145,ATOMIC_CORE,ALPHA_LOSS,0,25,0.0440140845070435,10009_DONE,-592.9999999999836,-592.9999999999836,False,False,44957.99999999995,13570.999999999964,23.18679628901909
2020-09-22 16:00:00,2020-09-30 20:00:00,705600.0,BUY,1.0,1899.12,1885.19,450,-0.1484,ATOMIC_CORE,ALPHA_LOSS,0,25,0.0179468772433598,10009_DONE,-1417.9999999999836,-1417.9999999999836,False,False,43539.99999999996,14988.999999999949,25.60952690119423
2020-10-01 00:00:00,2020-10-02 16:00:00,144000.0,BUY,1.0,1885.06,1901.25,450,0.3983,ATOMIC_CORE,ALPHA_LOSS,0,25,0.0154416306361951,10009_DONE,1594.0000000000057,1594.0000000000057,True,False,45133.99999999997,13394.999999999942,22.886090655914096
2020-10-02 20:00:00,2020-10-06 16:00:00,331200.0,BUY,1.0,1900.52,1903.77,450,0.4066,ATOMIC_CORE,ALPHA_LOSS,0,25,0.0769230769230769,10009_DONE,300.0,300.0,True,False,45433.99999999997,13094.999999999942,22.37352423584883
2020-10-06 20:00:00,2020-10-12 08:00:00,475200.0,BUY,1.0,1877.57,1923.55,450,-0.3219,ATOMIC_CORE,ALPHA_LOSS,0,25,0.0054371465854719,10009_DONE,4573.000000000002,4573.000000000002,True,False,50006.99999999997,8521.999999999942,14.560303439320602
2020-10-12 12:00:00,2020-10-26 12:00:00,1209600.0,BUY,1.0,1925.05,1901.6,450,-0.4819,ATOMIC_CORE,ALPHA_LOSS,0,25,0.0106609808102345,10009_DONE,-2370.0000000000045,-2370.0000000000045,False,False,47636.99999999996,10891.999999999949,18.609578157836225
2020-10-26 16:00:00,2020-11-16 12:00:00,1800000.0,BUY,1.0,1904.03,1885.97,450,-0.0422,ATOMIC_CORE,ALPHA_LOSS,0,25,0.0138427464008859,10009_DONE,-1830.9999999999943,-1830.9999999999943,False,False,45805.99999999997,12722.999999999942,21.7379418749679
2020-11-16 16:00:00,2020-11-19 16:00:00,259200.0,BUY,1.0,1889.23,1862.76,450,0.0632,ATOMIC_CORE,ALPHA_LOSS,0,25,0.0094446543256516,10009_DONE,-2672.0000000000027,-2672.0000000000027,False,False,43133.99999999997,15394.999999999942,26.30320012301588
2020-11-19 20:00:00,2020-11-24 08:00:00,388800.0,BUY,1.0,1866.79,1825.5,450,0.0689,ATOMIC_CORE,ALPHA_LOSS,0,25,0.0060547348026156,10009_DONE,-4153.999999999996,-4153.999999999996,False,False,38979.99999999997,19548.99999999994,33.40053648618628
2020-11-24 12:00:00,2020-11-25 08:00:00,72000.0,BUY,1.0,1805.66,1813.15,450,0.079,ATOMIC_CORE,ALPHA_LOSS,0,25,0.0333778371161548,10009_DONE,724.0000000000009,724.0000000000009,True,False,39703.99999999997,18824.99999999994,32.16354285909544
2020-11-25 12:00:00,2020-12-02 12:00:00,604800.0,BUY,1.0,1814.11,1815.69,450,0.1724,ATOMIC_CORE,ALPHA_LOSS,0,25,0.1582278481012503,10009_DONE,133.00000000001546,133.00000000001546,True,False,39836.999999999985,18691.999999999927,31.936305079533145
2020-12-02 16:00:00,2020-12-16 12:00:00,1195200.0,BUY,1.0,1825.86,1851.66,450,0.4727,ATOMIC_CORE,ALPHA_LOSS,0,25,0.00968992248062,10009_DONE,2555.000000000018,2555.000000000018,True,False,42392.00000000001,16136.999999999905,27.57094773531058
2020-12-16 16:00:00,2020-12-21 08:00:00,403200.0,BUY,1.0,1854.8,1886.38,450,0.1473,ATOMIC_CORE,ALPHA_LOSS,0,25,0.0079164027865737,10009_DONE,3133.0000000000155,3133.0000000000155,True,False,45525.00000000002,13003.99999999989,22.218045755095613
2020-12-21 12:00:00,2020-12-31 16:00:00,878400.0,BUY,1.0,1882.09,1894.26,450,-0.1582,ATOMIC_CORE,ALPHA_LOSS,0,25,0.020542317173377,10009_DONE,1192.0000000000073,1192.0000000000073,True,False,46717.00000000003,11811.999999999884,20.181448512702936
2020-12-31 20:00:00,2021-01-11 04:00:00,892800.0,BUY,1.0,1896.74,1840.41,450,0.0517,ATOMIC_CORE,ALPHA_LOSS,0,25,0.0044381324338718,10009_DONE,-5657.999999999993,-5657.999999999993,False,False,41059.00000000004,17469.999999999876,29.84845119513387
2021-01-11 08:00:00,2021-01-27 16:00:00,1411200.0,BUY,1.0,1848.53,1845.47,450,0.4615,ATOMIC_CORE,ALPHA_LOSS,0,25,0.0816993464052302,10009_DONE,-330.99999999999454,-330.99999999999454,False,False,40728.000000000044,17800.99999999987,30.4139828119392
2021-01-27 20:00:00,2021-01-28 08:00:00,43200.0,BUY,1.0,1843.75,1840.78,450,-0.156,ATOMIC_CORE,ALPHA_LOSS,0,25,0.0841750841750834,10009_DONE,-322.0000000000028,-322.0000000000028,False,False,40406.000000000044,18122.99999999987,30.964137436142593
2021-01-28 12:00:00,2021-01-28 20:00:00,28800.0,BUY,1.0,1856.9,1842.53,450,-0.1712,ATOMIC_CORE,ALPHA_LOSS,0,25,0.0173973556019483,10009_DONE,-1462.0000000000118,-1462.0000000000118,False,False,38944.00000000003,19584.999999999884,33.46204445659402
2021-01-29 00:00:00,2021-02-01 20:00:00,331200.0,BUY,1.0,1843.0,1860.4,450,-0.3504,ATOMIC_CORE,ALPHA_LOSS,0,25,0.0143678160919539,10009_DONE,1715.000000000009,1715.000000000009,True,False,40659.00000000004,17869.999999999876,30.531873088554224
2021-02-02 00:00:00,2021-02-10 16:00:00,748800.0,BUY,1.0,1862.69,1842.13,450,0.33,ATOMIC_CORE,ALPHA_LOSS,0,25,0.0121595330739299,10009_DONE,-2080.9999999999945,-2080.9999999999945,False,False,38578.000000000044,19950.99999999987,34.087375489073615
2021-02-10 20:00:00,2021-02-19 04:00:00,720000.0,BUY,1.0,1842.31,1772.36,450,-0.3276,ATOMIC_CORE,ALPHA_LOSS,0,25,0.0035739814152966,10009_DONE,-7020.000000000005,-7020.000000000005,False,False,31558.00000000004,26970.999999999873,46.08142971860089
2021-02-19 08:00:00,2021-02-23 08:00:00,345600.0,BUY,1.0,1770.86,1804.16,450,-0.2392,ATOMIC_CORE,ALPHA_LOSS,0,25,0.0075075075075074,10009_DONE,3305.000000000018,3305.000000000018,True,False,34863.00000000006,23665.999999999854,40.434656324215155
2021-02-23 12:00:00,2021-02-24 08:00:00,72000.0,BUY,1.0,1809.54,1804.21,450,-0.2168,ATOMIC_CORE,ALPHA_LOSS,0,25,0.0469043151969987,10009_DONE,-557.9999999999927,-557.9999999999927,False,False,34305.000000000065,24223.999999999847,41.38802986553654
2021-02-24 12:00:00,2021-02-26 20:00:00,201600.0,BUY,1.0,1790.54,1733.74,450,-0.1499,ATOMIC_CORE,ALPHA_LOSS,0,25,0.0044014084507042,10009_DONE,-5704.999999999995,-5704.999999999995,False,False,28600.00000000007,29928.999999999844,51.135334620444375
2021-03-01 00:00:00,2021-03-02 08:00:00,115200.0,BUY,1.0,1744.89,1722.88,450,-0.3763,ATOMIC_CORE,ALPHA_LOSS,0,25,0.0113584734211721,10009_DONE,-2225.999999999999,-2225.999999999999,False,False,26374.00000000007,32154.999999999844,54.93857745732866
2021-03-02 12:00:00,2021-03-11 12:00:00,777600.0,BUY,1.0,1727.28,1729.93,450,-0.4017,ATOMIC_CORE,ALPHA_LOSS,0,25,0.0943396226415062,10009_DONE,240.0000000000091,240.0000000000091,True,False,26614.00000000008,31914.999999999833,54.52852432127643
2021-03-11 16:00:00,2021-03-18 08:00:00,576000.0,BUY,1.0,1723.63,1736.25,450,-0.2861,ATOMIC_CORE,ALPHA_LOSS,0,25,0.0198098256735342,10009_DONE,1236.999999999989,1236.999999999989,True,False,27851.00000000007,30677.999999999844,52.41504211587399
2021-03-18 12:00:00,2021-03-24 04:00:00,489600.0,BUY,1.0,1729.63,1733.38,450,0.1512,ATOMIC_CORE,ALPHA_LOSS,0,25,0.0666666666666666,10009_DONE,350.0,350.0,True,False,28201.00000000007,30327.999999999844,51.81704795913118
2021-03-24 08:00:00,2021-03-31 08:00:00,604800.0,BUY,1.0,1730.99,1685.85,450,0.3052,ATOMIC_CORE,ALPHA_LOSS,0,25,0.0055383252104563,10009_DONE,-4539.00000000001,-4539.00000000001,False,False,23662.00000000006,34866.999999999854,59.572177894718706
2021-03-31 12:00:00,2021-04-07 04:00:00,576000.0,BUY,1.0,1687.34,1738.97,450,-0.4956,ATOMIC_CORE,ALPHA_LOSS,0,25,0.0048421460391245,10009_DONE,5138.000000000011,5138.000000000011,True,False,28800.00000000007,29728.999999999844,50.7936236737342
2021-04-07 08:00:00,2021-04-09 04:00:00,158400.0,BUY,1.0,1737.88,1752.04,450,-0.3013,ATOMIC_CORE,ALPHA_LOSS,0,25,0.0176553672316386,10009_DONE,1390.9999999999854,1390.9999999999854,True,False,30191.000000000055,28337.999999999858,48.41702403936493
2021-04-09 08:00:00,2021-04-15 20:00:00,561600.0,BUY,1.0,1745.37,1763.32,450,-0.2955,ATOMIC_CORE,ALPHA_LOSS,0,25,0.0139275766016712,10009_DONE,1770.0000000000043,1770.0000000000043,True,False,31961.00000000006,26567.999999999854,45.392882160979845
2021-04-16 00:00:00,2021-04-16 20:00:00,72000.0,BUY,1.0,1762.57,1776.71,450,-0.321,ATOMIC_CORE,ALPHA_LOSS,0,25,0.0176803394625175,10009_DONE,1389.00000000001,1389.00000000001,True,False,33350.00000000007,25178.99999999984,43.01969963607763
2021-04-19 00:00:00,2021-04-19 04:00:00,14400.0,BUY,1.0,1782.02,1777.79,450,0.4457,ATOMIC_CORE,ALPHA_LOSS,0,25,0.0591016548463354,10009_DONE,-448.0000000000018,-448.0000000000018,False,False,32902.000000000065,25626.999999999847,43.78513215670844
2021-04-19 08:00:00,2021-04-22 08:00:00,259200.0,BUY,1.0,1786.93,1789.7,450,0.3853,ATOMIC_CORE,ALPHA_LOSS,0,25,0.090252707581228,10009_DONE,251.99999999999815,251.99999999999815,True,False,33154.00000000006,25374.999999999854,43.35457636385363
2021-04-22 12:00:00,2021-05-04 08:00:00,1022400.0,BUY,1.0,1785.01,1785.73,450,0.4172,ATOMIC_CORE,ALPHA_LOSS,0,25,0.347222222222209,10009_DONE,47.00000000000273,47.00000000000273,True,False,33201.000000000065,25327.999999999847,43.27427429137673
2021-05-04 12:00:00,2021-05-17 12:00:00,1123200.0,BUY,1.0,1788.25,1845.72,450,0.203,ATOMIC_CORE,ALPHA_LOSS,0,25,0.0043500957021054,10009_DONE,5722.000000000003,5722.000000000003,True,False,38923.00000000007,19605.99999999984,33.497924105998514
2021-05-17 16:00:00,2021-05-24 08:00:00,576000.0,BUY,1.0,1867.96,1877.48,450,0.0999,ATOMIC_CORE,ALPHA_LOSS,0,25,0.0262605042016807,10009_DONE,926.9999999999982,926.9999999999982,True,False,39850.000000000065,18678.999999999847,31.914093867996847
2021-05-24 12:00:00,2021-06-15 20:00:00,1929600.0,BUY,1.0,1879.9,1858.77,450,-0.2603,ATOMIC_CORE,ALPHA_LOSS,0,25,0.0118315191670609,10009_DONE,-2138.000000000011,-2138.000000000011,False,False,37712.00000000006,20816.999999999854,35.56698388832867
2021-06-16 00:00:00,2021-06-17 00:00:00,86400.0,BUY,1.0,1854.46,1817.64,450,-0.0965,ATOMIC_CORE,ALPHA_LOSS,0,25,0.0067897881586094,10009_DONE,-3706.9999999999936,-3706.9999999999936,False,False,34005.00000000006,24523.999999999854,41.90059628560182
2021-06-17 04:00:00,2021-07-13 20:00:00,2304000.0,BUY,1.0,1821.32,1807.07,450,0.1307,ATOMIC_CORE,ALPHA_LOSS,0,25,0.0175438596491228,10009_DONE,-1450.0,-1450.0,False,False,32555.000000000062,25973.99999999985,44.37800064925061
2021-07-14 00:00:00,2021-07-16 04:00:00,187200.0,BUY,1.0,1807.24,1826.34,450,0.02,ATOMIC_CORE,ALPHA_LOSS,0,25,0.0130890052356021,10009_DONE,1884.999999999991,1884.999999999991,True,False,34440.00000000005,24088.99999999986,41.1573749765072
2021-07-16 08:00:00,2021-07-29 20:00:00,1166400.0,BUY,1.0,1822.72,1827.77,450,-0.3942,ATOMIC_CORE,ALPHA_LOSS,0,25,0.0495049504950499,10009_DONE,479.99999999999545,479.99999999999545,True,False,34920.000000000044,23608.99999999987,40.33726870440278
2021-07-30 00:00:00,2021-07-30 12:00:00,43200.0,BUY,1.0,1827.26,1822.67,450,0.1209,ATOMIC_CORE,ALPHA_LOSS,0,25,0.0544662309368201,10009_DONE,-483.9999999999918,-483.9999999999918,False,False,34436.00000000006,24092.999999999854,41.16420919544139
2021-07-30 16:00:00,2021-08-06 20:00:00,619200.0,BUY,1.0,1814.26,1763.13,450,-0.109,ATOMIC_CORE,ALPHA_LOSS,0,25,0.0048894973596714,10009_DONE,-5137.999999999988,-5137.999999999988,False,False,29298.000000000065,29230.999999999847,49.942763416425855
2021-08-09 00:00:00,2021-08-16 04:00:00,619200.0,BUY,1.0,1727.55,1776.95,450,0.1489,ATOMIC_CORE,ALPHA_LOSS,0,25,0.0050607287449392,10009_DONE,4915.000000000009,4915.000000000009,True,False,34213.00000000007,24315.99999999984,41.54521690102321
2021-08-16 08:00:00,2021-08-17 04:00:00,72000.0,BUY,1.0,1775.9,1785.97,450,-0.1241,ATOMIC_CORE,ALPHA_LOSS,0,25,0.0248262164846079,10009_DONE,981.9999999999936,981.9999999999936,True,False,35195.000000000065,23333.999999999847,39.86741615267625
2021-08-17 08:00:00,2021-08-30 04:00:00,1108800.0,BUY,1.0,1794.48,1816.01,450,0.2324,ATOMIC_CORE,ALPHA_LOSS,0,25,0.011611704598235,10009_DONE,2127.9999999999973,2127.9999999999973,True,False,37323.00000000006,21205.999999999854,36.231611679679965
2021-08-30 08:00:00,2021-09-06 08:00:00,604800.0,BUY,1.0,1814.84,1824.84,450,-0.0967,ATOMIC_CORE,ALPHA_LOSS,0,25,0.025,10009_DONE,975.0,975.0,True,False,38298.00000000006,20230.999999999854,34.56577081446785
2021-09-06 12:00:00,2021-09-15 08:00:00,763200.0,BUY,1.0,1822.5,1800.46,450,0.3229,ATOMIC_CORE,ALPHA_LOSS,0,25,0.0113430127041742,10009_DONE,-2228.9999999999964,-2228.9999999999964,False,False,36069.000000000065,22459.999999999847,38.37413931555277
2021-09-15 12:00:00,2021-09-16 20:00:00,115200.0,BUY,1.0,1796.53,1752.59,450,-0.1683,ATOMIC_CORE,ALPHA_LOSS,0,25,0.0056895766954938,10009_DONE,-4419.0000000000055,-4419.0000000000055,False,False,31650.00000000006,26878.999999999854,45.92424268311417
2021-09-17 00:00:00,2021-09-17 04:00:00,14400.0,BUY,1.0,1756.31,1760.34,450,0.3319,ATOMIC_CORE,ALPHA_LOSS,0,25,0.0620347394540947,10009_DONE,377.99999999999727,377.99999999999727,True,False,32028.000000000055,26500.999999999858,45.278408993831945
2021-09-17 08:00:00,2021-09-29 04:00:00,1022400.0,BUY,1.0,1765.81,1738.08,450,-0.1145,ATOMIC_CORE,ALPHA_LOSS,0,25,0.0090155066714749,10009_DONE,-2798.000000000002,-2798.000000000002,False,False,29230.00000000005,29298.99999999986,50.058945138307344
2021-09-29 08:00:00,2021-10-04 08:00:00,432000.0,BUY,1.0,1742.91,1751.39,450,0.4331,ATOMIC_CORE,ALPHA_LOSS,0,25,0.0294811320754716,10009_DONE,823.0000000000018,823.0000000000018,True,False,30053.00000000005,28475.99999999986,48.65280459259496
2021-10-04 12:00:00,2021-10-13 20:00:00,806400.0,BUY,1.0,1755.01,1792.68,450,-0.0523,ATOMIC_CORE,ALPHA_LOSS,0,25,0.0066365808335545,10009_DONE,3742.0000000000073,3742.0000000000073,True,False,33795.00000000006,24733.999999999854,42.259392779647506
2021-10-14 00:00:00,2021-10-15 08:00:00,115200.0,BUY,1.0,1792.74,1785.95,450,0.4011,ATOMIC_CORE,ALPHA_LOSS,0,25,0.0368188512518411,10009_DONE,-703.9999999999964,-703.9999999999964,False,False,33091.00000000006,25437.999999999854,43.462215312067336
2021-10-15 12:00:00,2021-10-26 04:00:00,921600.0,BUY,1.0,1767.24,1803.37,450,-0.3938,ATOMIC_CORE,ALPHA_LOSS,0,25,0.0069194575145308,10009_DONE,3587.999999999988,3587.999999999988,True,False,36679.00000000005,21849.99999999986,37.331920928086745
2021-10-26 08:00:00,2021-10-29 20:00:00,302400.0,BUY,1.0,1802.17,1782.88,450,0.0452,ATOMIC_CORE,ALPHA_LOSS,0,25,0.0129600829445308,10009_DONE,-1953.9999999999964,-1953.9999999999964,False,False,34725.00000000006,23803.999999999854,40.670436877445184
2021-11-01 00:00:00,2021-11-01 04:00:00,14400.0,BUY,1.0,1781.5,1783.65,450,-0.2011,ATOMIC_CORE,ALPHA_LOSS,0,25,0.1162790697674369,10009_DONE,190.0000000000091,190.0000000000091,True,False,34915.000000000065,23613.999999999847,40.345811478070495
2021-11-01 08:00:00,2021-11-08 08:00:00,604800.0,BUY,1.0,1784.06,1815.89,450,0.3281,ATOMIC_CORE,ALPHA_LOSS,0,25,0.0078542255733584,10009_DONE,3158.0000000000155,3158.0000000000155,True,False,38073.00000000008,20455.999999999833,34.950195629516756
2021-11-08 12:00:00,2021-11-09 04:00:00,57600.0,BUY,1.0,1821.65,1824.6,450,-0.0892,ATOMIC_CORE,ALPHA_LOSS,0,25,0.0847457627118696,10009_DONE,269.9999999999818,269.9999999999818,True,False,38343.00000000006,20185.999999999854,34.48888585145806
2021-11-09 08:00:00,2021-11-15 00:00:00,489600.0,BUY,1.0,1825.32,1860.43,450,-0.4156,ATOMIC_CORE,ALPHA_LOSS,0,25,0.0071204784961549,10009_DONE,3486.0000000000127,3486.0000000000127,True,False,41829.00000000007,16699.99999999984,28.532864050299622
2021-11-15 04:00:00,2021-11-23 20:00:00,748800.0,BUY,1.0,1858.82,1789.06,450,-0.053,ATOMIC_CORE,ALPHA_LOSS,0,25,0.0035837155963302,10009_DONE,-7000.999999999999,-7000.999999999999,False,False,34828.00000000007,23700.99999999984,40.49445573988941
2021-11-24 00:00:00,2021-11-24 20:00:00,72000.0,BUY,1.0,1794.93,1788.59,450,-0.4864,ATOMIC_CORE,ALPHA_LOSS,0,25,0.0394321766561505,10009_DONE,-659.0000000000146,-659.0000000000146,False,False,34169.00000000006,24359.999999999854,41.62039330929947
2021-11-25 00:00:00,2021-12-02 20:00:00,676800.0,BUY,1.0,1791.78,1768.47,450,-0.2664,ATOMIC_CORE,ALPHA_LOSS,0,25,0.0107250107250107,10009_DONE,-2355.9999999999945,-2355.9999999999945,False,False,31813.000000000065,26715.999999999847,45.645748261545364
2021-12-03 00:00:00,2021-12-10 12:00:00,648000.0,BUY,1.0,1770.47,1784.09,450,0.4106,ATOMIC_CORE,ALPHA_LOSS,0,25,0.0183553597650515,10009_DONE,1336.999999999989,1336.999999999989,True,False,33150.00000000006,25378.999999999854,43.36141058278783
2021-12-10 16:00:00,2021-12-15 12:00:00,417600.0,BUY,1.0,1783.34,1771.87,450,0.3378,ATOMIC_CORE,ALPHA_LOSS,0,25,0.0217959895379249,10009_DONE,-1172.0000000000027,-1172.0000000000027,False,False,31978.00000000005,26550.99999999986,45.36383673050949
2021-12-15 16:00:00,2022-01-06 20:00:00,1915200.0,BUY,1.0,1765.51,1789.6,450,-0.0546,ATOMIC_CORE,ALPHA_LOSS,0,25,0.0103777501037775,10009_DONE,2383.999999999992,2383.999999999992,True,False,34362.000000000044,24166.99999999987,41.29064224572418
2022-01-07 00:00:00,2022-01-07 08:00:00,28800.0,BUY,1.0,1790.56,1792.99,450,0.1355,ATOMIC_CORE,ALPHA_LOSS,0,25,0.1028806584362113,10009_DONE,218.0000000000064,218.0000000000064,True,False,34580.00000000005,23948.99999999986,40.91817731381007
2022-01-07 12:00:00,2022-01-12 08:00:00,417600.0,BUY,1.0,1789.11,1816.18,450,0.2767,ATOMIC_CORE,ALPHA_LOSS,0,25,0.0092353158478019,10009_DONE,2682.0000000000164,2682.0000000000164,True,False,37262.000000000065,21266.999999999847,36.33583351842656
2022-01-12 12:00:00,2022-01-18 20:00:00,547200.0,BUY,1.0,1821.12,1813.6,450,-0.0504,ATOMIC_CORE,ALPHA_LOSS,0,25,0.0332446808510639,10009_DONE,-776.9999999999982,-776.9999999999982,False,False,36485.000000000065,22043.999999999847,37.6633805463956
2022-01-19 00:00:00,2022-01-20 00:00:00,86400.0,BUY,1.0,1812.19,1841.23,450,-0.3383,ATOMIC_CORE,ALPHA_LOSS,0,25,0.0086088154269972,10009_DONE,2878.9999999999964,2878.9999999999964,True,False,39364.00000000006,19164.999999999854,32.7444514685026
2022-01-20 04:00:00,2022-01-27 20:00:00,662400.0,BUY,1.0,1839.19,1796.6,450,0.239,ATOMIC_CORE,ALPHA_LOSS,0,25,0.0058699225170227,10009_DONE,-4284.000000000015,-4284.000000000015,False,False,35080.000000000044,23448.99999999987,40.063899947034635
2022-01-28 00:00:00,2022-01-28 20:00:00,72000.0,BUY,1.0,1798.56,1791.5,450,0.071,ATOMIC_CORE,ALPHA_LOSS,0,25,0.0354107648725215,10009_DONE,-730.9999999999945,-730.9999999999945,False,False,34349.00000000005,24179.99999999986,41.31285345726033
2022-01-31 00:00:00,2022-02-14 04:00:00,1224000.0,BUY,1.0,1790.19,1854.49,450,0.4369,ATOMIC_CORE,ALPHA_LOSS,0,25,0.0038880248833592,10009_DONE,6404.999999999995,6404.999999999995,True,False,40754.000000000044,17774.99999999987,30.36956038886688
2022-02-14 08:00:00,2022-03-07 04:00:00,1800000.0,BUY,1.0,1857.25,1983.69,450,0.4352,ATOMIC_CORE,ALPHA_LOSS,0,25,0.0019772223979753,10009_DONE,12619.000000000004,12619.000000000004,True,False,53373.00000000005,5155.999999999862,8.809308206188163
2022-03-07 08:00:00,2022-03-09 04:00:00,158400.0,BUY,1.0,1998.11,2048.16,450,0.1016,ATOMIC_CORE,ALPHA_LOSS,0,25,0.0049950049950049,10009_DONE,4979.999999999995,4979.999999999995,True,False,58353.000000000044,175.99999999986903,0.3007056331047332
2022-03-09 08:00:00,2022-03-16 12:00:00,619200.0,BUY,1.0,2017.94,1920.1,450,-0.3392,ATOMIC_CORE,ALPHA_LOSS,0,25,0.0025551921504497,10009_DONE,-9809.000000000016,-9809.000000000016,False,False,48544.00000000003,9984.999999999884,17.059919014505457
2022-03-16 16:00:00,2022-03-24 04:00:00,648000.0,BUY,1.0,1910.19,1940.34,450,-0.4873,ATOMIC_CORE,ALPHA_LOSS,0,25,0.0082918739635157,10009_DONE,2989.9999999999864,2989.9999999999864,True,False,51534.000000000015,6994.999999999898,11.951340361188315
2022-03-24 08:00:00,2022-03-24 20:00:00,43200.0,BUY,1.0,1940.91,1957.71,450,-0.0615,ATOMIC_CORE,ALPHA_LOSS,0,25,0.0148809523809524,10009_DONE,1654.9999999999957,1654.9999999999957,True,False,53189.00000000001,5339.999999999905,9.1236822771616
2022-03-25 00:00:00,2022-03-25 08:00:00,28800.0,BUY,1.0,1962.8,1955.82,450,0.0299,ATOMIC_CORE,ALPHA_LOSS,0,25,0.0358166189111746,10009_DONE,-723.0000000000018,-723.0000000000018,False,False,52466.00000000001,6062.999999999905,10.358967349518895
2022-03-25 12:00:00,2022-04-06 04:00:00,1008000.0,BUY,1.0,1956.39,1921.75,450,0.1446,ATOMIC_CORE,ALPHA_LOSS,0,25,0.007217090069284,10009_DONE,-3489.00000000001,-3489.00000000001,False,False,48977.0,9551.999999999913,16.32011481487797
2022-04-06 08:00:00,2022-04-12 08:00:00,518400.0,BUY,1.0,1926.24,1951.7,450,0.0419,ATOMIC_CORE,ALPHA_LOSS,0,25,0.0098193244304791,10009_DONE,2521.000000000004,2521.000000000004,True,False,51498.00000000001,7030.999999999905,12.012848331596159
2022-04-12 12:00:00,2022-04-12 20:00:00,28800.0,BUY,1.0,1970.54,1966.57,450,0.0468,ATOMIC_CORE,ALPHA_LOSS,0,25,0.0629722921914353,10009_DONE,-422.00000000000273,-422.00000000000273,False,False,51076.00000000001,7452.999999999905,12.733858429154635
2022-04-13 00:00:00,2022-04-20 08:00:00,633600.0,BUY,1.0,1964.2,1946.77,450,0.4463,ATOMIC_CORE,ALPHA_LOSS,0,25,0.0143430866322432,10009_DONE,-1768.0000000000064,-1768.0000000000064,False,False,49308.0,9220.999999999913,15.754583198072625
2022-04-20 12:00:00,2022-04-21 20:00:00,115200.0,BUY,1.0,1950.0,1951.38,450,0.1353,ATOMIC_CORE,ALPHA_LOSS,0,25,0.1811594202898407,10009_DONE,113.00000000001091,113.00000000001091,True,False,49421.000000000015,9107.999999999898,15.561516513181347
2022-04-22 00:00:00,2022-04-25 20:00:00,331200.0,BUY,1.0,1950.2,1897.5,450,0.1405,ATOMIC_CORE,ALPHA_LOSS,0,25,0.0047438330170777,10009_DONE,-5295.000000000005,-5295.000000000005,False,False,44126.00000000001,14402.999999999905,24.608313827333333
2022-04-26 00:00:00,2022-04-26 16:00:00,57600.0,BUY,1.0,1900.91,1903.21,450,0.3982,ATOMIC_CORE,ALPHA_LOSS,0,25,0.1086956521739151,10009_DONE,204.99999999999545,204.99999999999545,True,False,44331.0,14197.999999999913,24.258060106955416
2022-04-26 20:00:00,2022-04-28 08:00:00,129600.0,BUY,1.0,1905.16,1886.23,450,0.2422,ATOMIC_CORE,ALPHA_LOSS,0,25,0.0132065504490226,10009_DONE,-1918.0000000000064,-1918.0000000000064,False,False,42412.99999999999,16115.99999999992,27.535068085906033
2022-04-28 12:00:00,2022-05-03 12:00:00,432000.0,BUY,1.0,1885.62,1863.35,450,0.0089,ATOMIC_CORE,ALPHA_LOSS,0,25,0.0112258643915581,10009_DONE,-2251.999999999998,-2251.999999999998,False,False,40160.99999999999,18367.99999999992,31.382733345862647
2022-05-03 16:00:00,2022-05-10 04:00:00,561600.0,BUY,1.0,1869.85,1863.25,450,-0.1281,ATOMIC_CORE,ALPHA_LOSS,0,25,0.0378787878787884,10009_DONE,-684.9999999999909,-684.9999999999909,False,False,39476.0,19052.999999999913,32.55309333834499
2022-05-10 08:00:00,2022-05-16 12:00:00,532800.0,BUY,1.0,1862.75,1808.16,450,0.1074,ATOMIC_CORE,ALPHA_LOSS,0,25,0.0045795933321121,10009_DONE,-5483.999999999992,-5483.999999999992,False,False,33992.00000000001,24536.999999999905,41.92280749713807
2022-05-16 16:00:00,2022-05-20 12:00:00,331200.0,BUY,1.0,1815.67,1842.16,450,0.1226,ATOMIC_CORE,ALPHA_LOSS,0,25,0.0094375235938089,10009_DONE,2624.000000000001,2624.000000000001,True,False,36616.00000000001,21912.999999999905,37.439559876300535
2022-05-20 16:00:00,2022-05-23 12:00:00,244800.0,BUY,1.0,1841.58,1855.72,450,0.0512,ATOMIC_CORE,ALPHA_LOSS,0,25,0.0176803394625175,10009_DONE,1389.00000000001,1389.00000000001,True,False,38005.000000000015,20523.999999999898,35.06637735139833
2022-05-23 16:00:00,2022-06-14 00:00:00,1843200.0,BUY,1.0,1850.1,1824.07,450,-0.4655,ATOMIC_CORE,ALPHA_LOSS,0,25,0.0096043027276219,10009_DONE,-2627.9999999999973,-2627.9999999999973,False,False,35377.00000000002,23151.99999999989,39.55645919117006
2022-06-14 04:00:00,2022-06-15 04:00:00,86400.0,BUY,1.0,1824.78,1814.47,450,0.3789,ATOMIC_CORE,ALPHA_LOSS,0,25,0.0242483026188168,10009_DONE,-1055.9999999999943,-1055.9999999999943,False,False,34321.00000000003,24207.999999999884,41.360692989799794
2022-06-15 08:00:00,2022-06-24 04:00:00,763200.0,BUY,1.0,1822.25,1826.06,450,-0.0826,ATOMIC_CORE,ALPHA_LOSS,0,25,0.0656167979002634,10009_DONE,355.99999999999454,355.99999999999454,True,False,34677.00000000002,23851.99999999989,40.752447504655684
2022-06-24 08:00:00,2022-07-14 20:00:00,1771200.0,BUY,1.0,1826.19,1709.85,450,0.4088,ATOMIC_CORE,ALPHA_LOSS,0,25,0.0021488739900292,10009_DONE,-11659.000000000016,-11659.000000000016,False,False,23018.000000000007,35510.999999999905,60.672487143125565
2022-07-15 00:00:00,2022-07-15 20:00:00,72000.0,BUY,1.0,1710.46,1707.57,450,-0.3734,ATOMIC_CORE,ALPHA_LOSS,0,25,0.0865051903114157,10009_DONE,-314.00000000001,-314.00000000001,False,False,22703.999999999996,35824.99999999991,61.20897332946055
2022-07-18 00:00:00,2022-08-01 04:00:00,1224000.0,BUY,1.0,1708.5,1760.29,450,-0.2686,ATOMIC_CORE,ALPHA_LOSS,0,25,0.0048271867155821,10009_DONE,5153.999999999996,5153.999999999996,True,False,27857.999999999993,30670.99999999992,52.403082232739266
2022-08-01 08:00:00,2022-08-02 04:00:00,72000.0,BUY,1.0,1765.52,1772.97,450,-0.1737,ATOMIC_CORE,ALPHA_LOSS,0,25,0.0335570469798655,10009_DONE,720.0000000000045,720.0000000000045,True,False,28577.999999999996,29950.999999999916,51.17292282458262
2022-08-02 08:00:00,2022-08-18 08:00:00,1382400.0,BUY,1.0,1773.39,1766.22,450,0.326,ATOMIC_CORE,ALPHA_LOSS,0,25,0.0348675034867499,10009_DONE,-742.0000000000073,-742.0000000000073,False,False,27835.99999999999,30692.999999999924,52.44067043687739
2022-08-18 12:00:00,2022-09-12 20:00:00,2188800.0,BUY,1.0,1767.29,1724.41,450,-0.0166,ATOMIC_CORE,ALPHA_LOSS,0,25,0.005830223880597,10009_DONE,-4312.999999999988,-4312.999999999988,False,False,23523.0,35005.99999999991,59.809667002682374
2022-09-13 00:00:00,2022-09-23 20:00:00,936000.0,BUY,1.0,1724.76,1643.48,450,0.2473,ATOMIC_CORE,ALPHA_LOSS,0,25,0.0030757874015748,10009_DONE,-8152.999999999997,-8152.999999999997,False,False,15370.000000000004,43158.99999999991,73.7395137453228
2022-09-26 00:00:00,2022-09-26 04:00:00,14400.0,BUY,1.0,1627.96,1635.4,450,0.1603,ATOMIC_CORE,ALPHA_LOSS,0,25,0.0336021505376341,10009_DONE,719.0000000000055,719.0000000000055,True,False,16089.000000000007,42439.999999999905,72.5110628918997
2022-09-26 08:00:00,2022-09-27 08:00:00,86400.0,BUY,1.0,1646.5,1635.76,450,0.4203,ATOMIC_CORE,ALPHA_LOSS,0,25,0.0232774674115456,10009_DONE,-1099.000000000001,-1099.000000000001,False,False,14990.000000000007,43538.999999999905,74.38876454407212
2022-09-27 12:00:00,2022-10-05 12:00:00,691200.0,BUY,1.0,1635.36,1713.23,450,0.4065,ATOMIC_CORE,ALPHA_LOSS,0,25,0.0032104790034673,10009_DONE,7762.000000000012,7762.000000000012,True,False,22752.00000000002,35776.9999999999,61.12696270225009
2022-10-05 16:00:00,2022-10-11 12:00:00,504000.0,BUY,1.0,1708.47,1669.61,450,0.4858,ATOMIC_CORE,ALPHA_LOSS,0,25,0.0064333504889346,10009_DONE,-3911.0000000000127,-3911.0000000000127,False,False,18841.000000000007,39687.999999999905,67.80912026516764
2022-10-11 16:00:00,2022-10-12 04:00:00,43200.0,BUY,1.0,1680.72,1668.65,450,-0.148,ATOMIC_CORE,ALPHA_LOSS,0,25,0.0207125103562552,10009_DONE,-1231.9999999999936,-1231.9999999999936,False,False,17609.00000000001,40919.9999999999,69.91405969690231
2022-10-12 08:00:00,2022-10-20 04:00:00,676800.0,BUY,1.0,1670.06,1632.93,450,-0.3395,ATOMIC_CORE,ALPHA_LOSS,0,25,0.0067330999192028,10009_DONE,-3737.999999999988,-3737.999999999988,False,False,13871.000000000024,44657.99999999989,76.30063729091555
2022-10-20 08:00:00,2022-11-07 00:00:00,1526400.0,BUY,1.0,1629.26,1672.38,450,-0.2608,ATOMIC_CORE,ALPHA_LOSS,0,25,0.0057977736549164,10009_DONE,4287.000000000012,4287.000000000012,True,False,18158.000000000036,40370.999999999876,68.97606314818285
2022-11-07 04:00:00,2022-11-09 20:00:00,230400.0,BUY,1.0,1672.25,1706.45,450,0.3367,ATOMIC_CORE,ALPHA_LOSS,0,25,0.0073099415204678,10009_DONE,3395.0000000000045,3395.0000000000045,True,False,21553.00000000004,36975.99999999987,63.17551982777755
2022-11-10 00:00:00,2022-11-14 04:00:00,360000.0,BUY,1.0,1706.77,1758.44,450,-0.2505,ATOMIC_CORE,ALPHA_LOSS,0,25,0.0048383975227404,10009_DONE,5142.000000000007,5142.000000000007,True,False,26695.000000000047,31833.999999999865,54.390131387858865
2022-11-14 08:00:00,2022-12-05 08:00:00,1814400.0,BUY,1.0,1757.15,1796.83,450,0.4377,ATOMIC_CORE,ALPHA_LOSS,0,25,0.0063004032258064,10009_DONE,3942.999999999984,3942.999999999984,True,False,30638.000000000033,27890.99999999988,47.65330007346772
2022-12-05 12:00:00,2022-12-21 04:00:00,1353600.0,BUY,1.0,1792.58,1814.2,450,-0.2653,ATOMIC_CORE,ALPHA_LOSS,0,25,0.0115633672525438,10009_DONE,2137.000000000012,2137.000000000012,True,False,32775.000000000044,25753.99999999987,44.00211860786945
2022-12-21 08:00:00,2022-12-21 20:00:00,43200.0,BUY,1.0,1813.3,1814.27,450,-0.2798,ATOMIC_CORE,ALPHA_LOSS,0,25,0.2577319587628793,10009_DONE,72.00000000000273,72.00000000000273,True,False,32847.000000000044,25681.99999999987,43.87910266705378
2022-12-22 00:00:00,2022-12-22 08:00:00,28800.0,BUY,1.0,1819.47,1816.97,450,0.0932,ATOMIC_CORE,ALPHA_LOSS,0,25,0.1,10009_DONE,-275.0,-275.0,False,False,32572.000000000047,25956.999999999865,44.34895521878027
2022-12-22 12:00:00,2022-12-30 08:00:00,676800.0,BUY,1.0,1807.8,1815.0,450,0.0537,ATOMIC_CORE,ALPHA_LOSS,0,25,0.034722222222222,10009_DONE,695.0000000000045,695.0000000000045,True,False,33267.00000000005,25261.99999999986,43.161509678962396
2022-12-30 12:00:00,2023-01-13 04:00:00,1180800.0,BUY,1.0,1821.7,1893.64,450,0.2132,ATOMIC_CORE,ALPHA_LOSS,0,25,0.0034751181540172,10009_DONE,7169.0000000000055,7169.0000000000055,True,False,40436.00000000006,18092.999999999854,30.91288079413604
2023-01-13 08:00:00,2023-01-16 04:00:00,244800.0,BUY,1.0,1904.35,1919.47,450,-0.2633,ATOMIC_CORE,ALPHA_LOSS,0,25,0.0165343915343914,10009_DONE,1487.0000000000118,1487.0000000000118,True,False,41923.00000000007,16605.99999999984,28.372259905345835
2023-01-16 08:00:00,2023-01-16 12:00:00,14400.0,BUY,1.0,1917.57,1913.37,450,-0.3963,ATOMIC_CORE,ALPHA_LOSS,0,25,0.0595238095238088,10009_DONE,-445.00000000000455,-445.00000000000455,False,False,41478.000000000065,17050.999999999847,29.132566761775998
2023-01-16 16:00:00,2023-01-20 04:00:00,302400.0,BUY,1.0,1913.86,1927.96,450,-0.4906,ATOMIC_CORE,ALPHA_LOSS,0,25,0.0177304964539005,10009_DONE,1385.0000000000136,1385.0000000000136,True,False,42863.00000000008,15665.999999999833,26.766218455807987
2023-01-20 08:00:00,2023-01-20 12:00:00,14400.0,BUY,1.0,1929.44,1924.17,450,0.1099,ATOMIC_CORE,ALPHA_LOSS,0,25,0.0474383301707781,10009_DONE,-551.9999999999982,-551.9999999999982,False,False,42311.00000000008,16217.999999999833,27.70934066872808
2023-01-20 16:00:00,2023-01-24 12:00:00,331200.0,BUY,1.0,1925.14,1932.44,450,0.2938,ATOMIC_CORE,ALPHA_LOSS,0,25,0.0342465753424659,10009_DONE,704.9999999999955,704.9999999999955,True,False,43016.00000000007,15512.99999999984,26.504809581574712
2023-01-24 16:00:00,2023-01-26 08:00:00,144000.0,BUY,1.0,1933.9,1936.8,450,0.3283,ATOMIC_CORE,ALPHA_LOSS,0,25,0.0862068965517282,10009_DONE,264.9999999999864,264.9999999999864,True,False,43281.00000000006,15247.999999999854,26.052042577183748
2023-01-26 12:00:00,2023-02-06 00:00:00,907200.0,BUY,1.0,1937.63,1872.77,450,-0.4096,ATOMIC_CORE,ALPHA_LOSS,0,25,0.0038544557508479,10009_DONE,-6511.000000000013,-6511.000000000013,False,False,36770.000000000044,21758.99999999987,37.17644244733363
2023-02-06 04:00:00,2023-02-14 20:00:00,748800.0,BUY,1.0,1877.98,1854.11,450,-0.4813,ATOMIC_CORE,ALPHA_LOSS,0,25,0.0104733975701717,10009_DONE,-2412.000000000012,-2412.000000000012,False,False,34358.00000000003,24170.999999999884,41.29747646465841
2023-02-15 00:00:00,2023-02-24 00:00:00,777600.0,BUY,1.0,1858.89,1825.95,450,-0.4,ATOMIC_CORE,ALPHA_LOSS,0,25,0.0075895567698846,10009_DONE,-3319.000000000005,-3319.000000000005,False,False,31039.00000000003,27489.999999999884,46.96816962531381
2023-02-24 04:00:00,2023-02-27 12:00:00,288000.0,BUY,1.0,1824.59,1815.23,450,0.4439,ATOMIC_CORE,ALPHA_LOSS,0,25,0.0267094017094019,10009_DONE,-960.99999999999,-960.99999999999,False,False,30078.00000000004,28450.999999999873,48.6100907242562
2023-02-27 16:00:00,2023-03-06 08:00:00,576000.0,BUY,1.0,1818.62,1851.38,450,0.1417,ATOMIC_CORE,ALPHA_LOSS,0,25,0.0076312576312575,10009_DONE,3251.000000000022,3251.000000000022,True,False,33329.00000000006,25199.999999999854,43.055579285482224
2023-03-06 12:00:00,2023-03-08 08:00:00,158400.0,BUY,1.0,1851.57,1813.76,450,-0.2073,ATOMIC_CORE,ALPHA_LOSS,0,25,0.0066120074054483,10009_DONE,-3805.9999999999945,-3805.9999999999945,False,False,29523.000000000065,29005.999999999847,49.5583386013769
2023-03-08 12:00:00,2023-03-14 04:00:00,489600.0,BUY,1.0,1813.66,1904.23,450,-0.0515,ATOMIC_CORE,ALPHA_LOSS,0,25,0.0027602959037208,10009_DONE,9031.999999999993,9031.999999999993,True,False,38555.00000000006,19973.999999999854,34.126672247945265
2023-03-15 12:00:00,2023-03-20 00:00:00,388800.0,BUY,1.0,1927.88,1971.99,450,-0.4767,ATOMIC_CORE,ALPHA_LOSS,0,25,0.0056676490591702,10009_DONE,4385.99999999999,4385.99999999999,True,False,42941.00000000005,15587.999999999862,26.632951186591065
2023-03-20 04:00:00,2023-03-21 08:00:00,100800.0,BUY,1.0,1974.85,1966.36,450,0.2306,ATOMIC_CORE,ALPHA_LOSS,0,25,0.0294464075382803,10009_DONE,-874.0000000000009,-874.0000000000009,False,False,42067.00000000005,16461.99999999986,28.126228023714546
2023-03-21 12:00:00,2023-03-24 08:00:00,244800.0,BUY,1.0,1963.59,1985.43,450,0.0398,ATOMIC_CORE,ALPHA_LOSS,0,25,0.0114468864468863,10009_DONE,2159.0000000000146,2159.0000000000146,True,False,44226.000000000065,14302.999999999847,24.437458353978144
2023-03-24 12:00:00,2023-04-03 08:00:00,849600.0,BUY,1.0,1998.9,1965.79,450,-0.2197,ATOMIC_CORE,ALPHA_LOSS,0,25,0.0075505889459377,10009_DONE,-3336.0000000000127,-3336.0000000000127,False,False,40890.00000000005,17638.99999999986,30.137196945103945
2023-04-03 12:00:00,2023-04-03 20:00:00,28800.0,BUY,1.0,1979.03,1984.08,450,-0.36,ATOMIC_CORE,ALPHA_LOSS,0,25,0.0495049504950499,10009_DONE,479.99999999999545,479.99999999999545,True,False,41370.000000000044,17158.99999999987,29.31709067299953
2023-04-04 00:00:00,2023-04-04 20:00:00,72000.0,BUY,1.0,1982.88,2020.1,450,-0.2956,ATOMIC_CORE,ALPHA_LOSS,0,25,0.0067168189145621,10009_DONE,3696.99999999998,3696.99999999998,True,False,45067.00000000003,13461.999999999884,23.000563823061906
2023-04-05 00:00:00,2023-05-03 12:00:00,2462400.0,BUY,1.0,2019.5,2013.71,450,0.4648,ATOMIC_CORE,ALPHA_LOSS,0,25,0.0431778929188258,10009_DONE,-603.9999999999964,-603.9999999999964,False,False,44463.00000000003,14065.999999999884,24.032530882126647
2023-05-03 16:00:00,2023-05-04 04:00:00,43200.0,BUY,1.0,2024.04,2044.28,450,-0.0412,ATOMIC_CORE,ALPHA_LOSS,0,25,0.0123517786561264,10009_DONE,1999.000000000001,1999.000000000001,True,False,46462.00000000003,12066.999999999884,20.617129969758412
2023-05-04 08:00:00,2023-05-12 12:00:00,705600.0,BUY,1.0,2034.48,2014.15,450,0.4729,ATOMIC_CORE,ALPHA_LOSS,0,25,0.0122970978848992,10009_DONE,-2057.9999999999927,-2057.9999999999927,False,False,44404.00000000004,14124.999999999876,24.13333561140614
2023-05-12 16:00:00,2023-05-15 04:00:00,216000.0,BUY,1.0,2013.6,2014.17,450,-0.3053,ATOMIC_CORE,ALPHA_LOSS,0,25,0.4385964912279442,10009_DONE,32.00000000001637,32.00000000001637,True,False,44436.00000000005,14092.999999999862,24.07866185993248
2023-05-15 08:00:00,2023-05-26 04:00:00,936000.0,BUY,1.0,2017.41,1947.9,450,-0.1038,ATOMIC_CORE,ALPHA_LOSS,0,25,0.003596604805064,10009_DONE,-6975.999999999999,-6975.999999999999,False,False,37460.00000000005,21068.99999999986,35.997539681183504
2023-05-26 08:00:00,2023-05-31 20:00:00,475200.0,BUY,1.0,1952.6,1962.44,450,0.229,ATOMIC_CORE,ALPHA_LOSS,0,25,0.0254065040650402,10009_DONE,959.0000000000146,959.0000000000146,True,False,38419.000000000065,20109.999999999847,34.35903569170817
2023-06-01 00:00:00,2023-06-01 08:00:00,28800.0,BUY,1.0,1965.91,1955.88,450,0.2813,ATOMIC_CORE,ALPHA_LOSS,0,25,0.024925224327019,10009_DONE,-1027.9999999999973,-1027.9999999999973,False,False,37391.00000000007,21137.99999999984,36.115429957798476
2023-06-01 12:00:00,2023-06-02 12:00:00,86400.0,BUY,1.0,1968.36,1970.95,450,0.4727,ATOMIC_CORE,ALPHA_LOSS,0,25,0.0965250965250911,10009_DONE,234.00000000001452,234.00000000001452,True,False,37625.00000000009,20903.999999999825,35.715628150147545
2023-06-02 16:00:00,2023-06-23 04:00:00,1771200.0,BUY,1.0,1952.26,1916.53,450,-0.2177,ATOMIC_CORE,ALPHA_LOSS,0,25,0.0069969213546039,10009_DONE,-3598.000000000002,-3598.000000000002,False,False,34027.00000000008,24501.999999999833,41.86300808146367
2023-06-23 08:00:00,2023-07-04 16:00:00,979200.0,BUY,1.0,1917.63,1924.17,450,-0.3159,ATOMIC_CORE,ALPHA_LOSS,0,25,0.0382262996941898,10009_DONE,628.9999999999964,628.9999999999964,True,False,34656.00000000007,23872.99999999984,40.78832715406017
2023-07-04 20:00:00,2023-07-11 12:00:00,576000.0,BUY,1.0,1924.49,1932.02,450,0.4466,ATOMIC_CORE,ALPHA_LOSS,0,25,0.0332005312084994,10009_DONE,727.9999999999973,727.9999999999973,True,False,35384.00000000007,23144.99999999984,39.54449930803512
2023-07-11 16:00:00,2023-07-12 08:00:00,57600.0,BUY,1.0,1932.39,1934.8,450,0.1425,ATOMIC_CORE,ALPHA_LOSS,0,25,0.1037344398340311,10009_DONE,215.99999999998545,215.99999999998545,True,False,35600.00000000006,22928.999999999854,39.175451485588155
2023-07-12 12:00:00,2023-07-13 20:00:00,115200.0,BUY,1.0,1943.24,1960.36,450,-0.1096,ATOMIC_CORE,ALPHA_LOSS,0,25,0.0146028037383178,10009_DONE,1686.999999999989,1686.999999999989,True,False,37287.000000000044,21241.99999999987,36.29311965008782
2023-07-14 00:00:00,2023-07-19 04:00:00,446400.0,BUY,1.0,1959.38,1974.78,450,-0.0008,ATOMIC_CORE,ALPHA_LOSS,0,25,0.0162337662337663,10009_DONE,1514.9999999999864,1514.9999999999864,True,False,38802.00000000003,19726.999999999884,33.704659228758246
2023-07-19 08:00:00,2023-07-25 04:00:00,504000.0,BUY,1.0,1977.51,1960.56,450,-0.0402,ATOMIC_CORE,ALPHA_LOSS,0,25,0.0147492625368731,10009_DONE,-1720.0000000000043,-1720.0000000000043,False,False,37082.00000000003,21446.999999999884,36.643373370465774
2023-07-25 08:00:00,2023-08-10 08:00:00,1382400.0,BUY,1.0,1962.88,1919.39,450,0.1355,ATOMIC_CORE,ALPHA_LOSS,0,25,0.0057484479190618,10009_DONE,-4374.000000000001,-4374.000000000001,False,False,32708.00000000003,25820.999999999884,44.116591775017376
2023-08-10 12:00:00,2023-08-11 08:00:00,72000.0,BUY,1.0,1926.28,1918.95,450,0.1593,ATOMIC_CORE,ALPHA_LOSS,0,25,0.0341064120054573,10009_DONE,-757.9999999999927,-757.9999999999927,False,False,31950.000000000036,26578.999999999876,45.411676263048946
2023-08-11 12:00:00,2023-08-16 04:00:00,403200.0,BUY,1.0,1916.03,1903.94,450,-0.4291,ATOMIC_CORE,ALPHA_LOSS,0,25,0.0206782464846982,10009_DONE,-1233.9999999999918,-1233.9999999999918,False,False,30716.000000000044,27812.99999999987,47.52003280425073
2023-08-16 08:00:00,2023-08-17 04:00:00,72000.0,BUY,1.0,1905.38,1893.8,450,-0.3561,ATOMIC_CORE,ALPHA_LOSS,0,25,0.0215889464594124,10009_DONE,-1183.0000000000157,-1183.0000000000157,False,False,29533.00000000003,28995.999999999884,49.54125305404146
2023-08-17 08:00:00,2023-08-23 20:00:00,561600.0,BUY,1.0,1893.95,1915.34,450,-0.1931,ATOMIC_CORE,ALPHA_LOSS,0,25,0.0116877045348294,10009_DONE,2113.9999999999877,2113.9999999999877,True,False,31647.00000000002,26881.999999999894,45.9293683473149
2023-08-24 00:00:00,2023-08-24 12:00:00,43200.0,BUY,1.0,1918.66,1915.18,450,0.4304,ATOMIC_CORE,ALPHA_LOSS,0,25,0.0718390804597697,10009_DONE,-373.0000000000018,-373.0000000000018,False,False,31274.000000000015,27254.999999999898,46.566659262929385
2023-08-24 16:00:00,2023-08-30 04:00:00,475200.0,BUY,1.0,1918.4,1936.12,450,-0.3791,ATOMIC_CORE,ALPHA_LOSS,0,25,0.0141083521444696,10009_DONE,1746.99999999998,1746.99999999998,True,False,33020.99999999999,25507.99999999992,43.58181414341601
2023-08-30 08:00:00,2023-08-30 20:00:00,43200.0,BUY,1.0,1936.6,1942.18,450,-0.3188,ATOMIC_CORE,ALPHA_LOSS,0,25,0.0448028673835113,10009_DONE,533.0000000000155,533.0000000000155,True,False,33554.00000000001,24974.999999999905,42.671154470433365
2023-08-31 00:00:00,2023-08-31 08:00:00,28800.0,BUY,1.0,1945.4,1944.42,450,0.0556,ATOMIC_CORE,ALPHA_LOSS,0,25,0.2551020408163218,10009_DONE,-123.00000000000182,-123.00000000000182,False,False,33431.00000000001,25097.999999999905,42.88130670266012
2023-08-31 12:00:00,2023-09-06 04:00:00,489600.0,BUY,1.0,1945.82,1927.21,450,-0.1721,ATOMIC_CORE,ALPHA_LOSS,0,25,0.0134336378291242,10009_DONE,-1885.99999999999,-1885.99999999999,False,False,31545.00000000002,26983.999999999894,46.10364093013708
2023-09-06 08:00:00,2023-09-07 04:00:00,72000.0,BUY,1.0,1924.72,1918.95,450,-0.1496,ATOMIC_CORE,ALPHA_LOSS,0,25,0.0433275563258233,10009_DONE,-601.9999999999982,-601.9999999999982,False,False,30943.000000000022,27585.99999999989,47.132190879734715
2023-09-07 08:00:00,2023-09-18 12:00:00,964800.0,BUY,1.0,1918.85,1923.97,450,0.1038,ATOMIC_CORE,ALPHA_LOSS,0,25,0.0488281249999988,10009_DONE,487.0000000000118,487.0000000000118,True,False,31430.000000000033,27098.99999999988,46.30012472449541
2023-09-18 16:00:00,2023-09-19 04:00:00,43200.0,BUY,1.0,1931.05,1931.3,450,-0.4426,ATOMIC_CORE,ALPHA_LOSS,0,25,1.0,10009_DONE,0.0,0.0,False,False,31430.000000000033,27098.99999999988,46.30012472449541
2023-09-19 08:00:00,2023-09-29 08:00:00,864000.0,BUY,1.0,1933.74,1871.65,450,0.4509,ATOMIC_CORE,ALPHA_LOSS,0,25,0.0040264132710581,10009_DONE,-6233.999999999992,-6233.999999999992,False,False,25196.00000000004,33332.99999999987,56.95125493345166
2023-09-29 12:00:00,2023-10-03 20:00:00,374400.0,BUY,1.0,1873.89,1822.73,450,0.3527,ATOMIC_CORE,ALPHA_LOSS,0,25,0.0048866301798279,10009_DONE,-5141.000000000008,-5141.000000000008,False,False,20055.000000000033,38473.99999999988,65.73493481863682
2023-10-04 16:00:00,2023-10-10 04:00:00,475200.0,BUY,1.0,1820.99,1860.87,450,-0.0121,ATOMIC_CORE,ALPHA_LOSS,0,25,0.0062688064192577,10009_DONE,3962.999999999988,3962.999999999988,True,False,24018.000000000022,34510.99999999989,58.96393240957464
2023-10-10 08:00:00,2023-10-20 20:00:00,907200.0,BUY,1.0,1858.53,1981.09,450,0.3717,ATOMIC_CORE,ALPHA_LOSS,0,25,0.0020398172323759,10009_DONE,12230.999999999996,12230.999999999996,True,False,36249.000000000015,22279.999999999898,38.0665994635137
2023-10-23 00:00:00,2023-10-27 08:00:00,374400.0,BUY,1.0,1966.24,1986.92,450,0.1718,ATOMIC_CORE,ALPHA_LOSS,0,25,0.0120889748549322,10009_DONE,2043.0000000000064,2043.0000000000064,True,False,38292.00000000003,20236.999999999884,34.5760221428692
2023-10-27 12:00:00,2023-11-07 20:00:00,979200.0,BUY,1.0,1980.39,1968.97,450,-0.3511,ATOMIC_CORE,ALPHA_LOSS,0,25,0.0218914185639228,10009_DONE,-1167.0000000000073,-1167.0000000000073,False,False,37125.000000000015,21403.999999999898,36.569905516923114
2023-11-08 00:00:00,2023-11-15 12:00:00,648000.0,BUY,1.0,1968.62,1965.58,450,0.4203,ATOMIC_CORE,ALPHA_LOSS,0,25,0.0822368421052641,10009_DONE,-328.9999999999964,-328.9999999999964,False,False,36796.00000000002,21732.99999999989,37.13202002426135
2023-11-15 16:00:00,2023-11-21 08:00:00,489600.0,BUY,1.0,1961.41,1985.39,450,0.408,ATOMIC_CORE,ALPHA_LOSS,0,25,0.0104253544620517,10009_DONE,2373.000000000002,2373.000000000002,True,False,39169.00000000002,19359.99999999989,33.077619641545084
2023-11-21 12:00:00,2023-11-21 20:00:00,28800.0,BUY,1.0,1997.65,1998.19,450,-0.1738,ATOMIC_CORE,ALPHA_LOSS,0,25,0.4629629629629941,10009_DONE,28.99999999999636,28.99999999999636,True,False,39198.000000000015,19330.999999999898,33.02807155427212
2023-11-22 00:00:00,2023-11-29 04:00:00,619200.0,BUY,1.0,1996.15,2045.99,450,0.2047,ATOMIC_CORE,ALPHA_LOSS,0,25,0.0050160513643659,10009_DONE,4958.999999999992,4958.999999999992,True,False,44157.00000000001,14371.999999999905,24.555348630593258
2023-11-29 08:00:00,2023-11-30 04:00:00,72000.0,BUY,1.0,2038.38,2041.74,450,-0.0261,ATOMIC_CORE,ALPHA_LOSS,0,25,0.0744047619047641,10009_DONE,310.99999999999,310.99999999999,True,False,44468.0,14060.999999999913,24.02398810845894
2023-11-30 08:00:00,2023-12-15 12:00:00,1310400.0,BUY,1.0,2039.95,2031.41,450,0.4449,ATOMIC_CORE,ALPHA_LOSS,0,25,0.0292740046838408,10009_DONE,-878.9999999999964,-878.9999999999964,False,False,43589.0,14939.999999999913,25.525807719250178
2023-12-15 16:00:00,2023-12-27 20:00:00,1051200.0,BUY,1.0,2032.78,2076.9,450,-0.2726,ATOMIC_CORE,ALPHA_LOSS,0,25,0.005666364460562,10009_DONE,4387.000000000012,4387.000000000012,True,False,47976.000000000015,10552.999999999898,18.030378103162388
2023-12-28 00:00:00,2024-01-15 12:00:00,1598400.0,BUY,1.0,2087.0,2054.2,450,-0.1278,ATOMIC_CORE,ALPHA_LOSS,0,25,0.0076219512195121,10009_DONE,-3305.000000000018,-3305.000000000018,False,False,44671.0,13857.999999999913,23.67715149754811
2024-01-15 16:00:00,2024-01-16 00:00:00,28800.0,BUY,1.0,2055.39,2050.82,450,-0.366,ATOMIC_CORE,ALPHA_LOSS,0,25,0.0547045951859991,10009_DONE,-481.9999999999709,-481.9999999999709,False,False,44189.00000000003,14339.999999999884,24.50067487911959
2024-01-16 04:00:00,2024-01-25 20:00:00,835200.0,BUY,1.0,2048.65,2021.33,450,-0.2286,ATOMIC_CORE,ALPHA_LOSS,0,25,0.0091508052708637,10009_DONE,-2757.0000000000164,-2757.0000000000164,False,False,41432.000000000015,17096.999999999898,29.211160279519422
2024-01-26 00:00:00,2024-02-15 08:00:00,1756800.0,BUY,1.0,2021.89,1996.36,450,-0.2207,ATOMIC_CORE,ALPHA_LOSS,0,25,0.0097924010967488,10009_DONE,-2578.00000000002,-2578.00000000002,False,False,38853.99999999999,19674.99999999992,33.615814382613664
2024-02-15 12:00:00,2024-02-20 20:00:00,460800.0,BUY,1.0,2003.79,2024.16,450,-0.0489,ATOMIC_CORE,ALPHA_LOSS,0,25,0.0122729504172802,10009_DONE,2012.000000000012,2012.000000000012,True,False,40866.0,17662.999999999913,30.178202258709252
2024-02-21 00:00:00,2024-02-21 12:00:00,43200.0,BUY,1.0,2025.4,2028.74,450,0.4359,ATOMIC_CORE,ALPHA_LOSS,0,25,0.0748502994011994,10009_DONE,308.9999999999918,308.9999999999918,True,False,41175.0,17353.999999999913,29.65025884604203
2024-02-21 16:00:00,2024-02-23 20:00:00,187200.0,BUY,1.0,2024.24,2035.16,450,0.1111,ATOMIC_CORE,ALPHA_LOSS,0,25,0.0228937728937727,10009_DONE,1067.0000000000073,1067.0000000000073,True,False,42242.0,16286.999999999913,27.827230945343228
2024-02-26 00:00:00,2024-03-05 00:00:00,691200.0,BUY,1.0,2031.25,2112.66,450,-0.3296,ATOMIC_CORE,ALPHA_LOSS,0,25,0.003070875813782,10009_DONE,8115.999999999985,8115.999999999985,True,False,50357.999999999985,8170.999999999927,13.960600727844213
2024-03-05 04:00:00,2024-03-05 20:00:00,57600.0,BUY,1.0,2119.25,2127.6,450,0.4149,ATOMIC_CORE,ALPHA_LOSS,0,25,0.0299401197604793,10009_DONE,809.9999999999909,809.9999999999909,True,False,51167.99999999998,7360.9999999999345,12.576671393668004
2024-03-06 00:00:00,2024-03-11 04:00:00,446400.0,BUY,1.0,2125.48,2180.7,450,0.0001,ATOMIC_CORE,ALPHA_LOSS,0,25,0.0045273451647953,10009_DONE,5496.99999999998,5496.99999999998,True,False,56664.999999999956,1863.9999999999563,3.184746023338788
2024-03-11 08:00:00,2024-03-18 08:00:00,604800.0,BUY,1.0,2177.42,2153.55,450,-0.0976,ATOMIC_CORE,ALPHA_LOSS,0,25,0.0104733975701718,10009_DONE,-2411.999999999989,-2411.999999999989,False,False,54252.99999999997,4275.999999999942,7.305780040663514
2024-03-18 12:00:00,2024-04-01 08:00:00,1195200.0,BUY,1.0,2159.11,2257.23,450,-0.2014,ATOMIC_CORE,ALPHA_LOSS,0,25,0.0025479005299633,10009_DONE,9786.999999999987,9786.999999999987,True,False,64039.999999999956,0.0,0.0
2024-04-01 12:00:00,2024-04-04 08:00:00,244800.0,BUY,1.0,2252.59,2291.61,450,-0.0241,ATOMIC_CORE,ALPHA_LOSS,0,25,0.0064069707842132,10009_DONE,3876.999999999998,3876.999999999998,True,False,67916.99999999996,0.0,0.0
2024-04-04 12:00:00,2024-04-08 00:00:00,302400.0,BUY,1.0,2288.17,2306.19,450,-0.4645,ATOMIC_CORE,ALPHA_LOSS,0,25,0.013873473917869,10009_DONE,1776.9999999999982,1776.9999999999982,True,False,69693.99999999996,0.0,0.0
2024-04-08 04:00:00,2024-04-16 08:00:00,705600.0,BUY,1.0,2342.13,2369.44,450,0.167,ATOMIC_CORE,ALPHA_LOSS,0,25,0.009154155986818,10009_DONE,2705.9999999999945,2705.9999999999945,True,False,72399.99999999994,0.0,0.0
2024-04-16 12:00:00,2024-04-16 20:00:00,28800.0,BUY,1.0,2376.23,2382.83,450,0.3367,ATOMIC_CORE,ALPHA_LOSS,0,25,0.0378787878787884,10009_DONE,634.9999999999909,634.9999999999909,True,False,73034.99999999994,0.0,0.0
2024-04-17 00:00:00,2024-04-23 12:00:00,561600.0,BUY,1.0,2384.44,2311.91,450,0.1636,ATOMIC_CORE,ALPHA_LOSS,0,25,0.0034468495794843,10009_DONE,-7278.00000000002,-7278.00000000002,False,False,65756.99999999991,7278.000000000029,9.965085233107462
2024-04-23 16:00:00,2024-05-01 12:00:00,676800.0,BUY,1.0,2330.33,2298.29,450,0.0315,ATOMIC_CORE,ALPHA_LOSS,0,25,0.0078027465667915,10009_DONE,-3228.9999999999964,-3228.9999999999964,False,False,62527.99999999993,10507.000000000015,14.386253166290167
2024-05-01 16:00:00,2024-05-07 04:00:00,475200.0,BUY,1.0,2303.76,2322.67,450,-0.1413,ATOMIC_CORE,ALPHA_LOSS,0,25,0.0132205182443152,10009_DONE,1865.9999999999852,1865.9999999999852,True,False,64393.99999999991,8641.00000000003,11.831313753679792
2024-05-07 08:00:00,2024-05-13 04:00:00,504000.0,BUY,1.0,2315.73,2354.33,450,0.1017,ATOMIC_CORE,ALPHA_LOSS,0,25,0.0064766839378238,10009_DONE,3834.999999999991,3834.999999999991,True,False,68228.99999999991,4806.000000000029,6.580406654343853
2024-05-13 08:00:00,2024-05-16 08:00:00,259200.0,BUY,1.0,2343.25,2386.0,450,0.3929,ATOMIC_CORE,ALPHA_LOSS,0,25,0.0058479532163742,10009_DONE,4250.0,4250.0,True,False,72478.99999999991,556.0000000000291,0.7612788389128905
2024-05-16 12:00:00,2024-05-24 04:00:00,662400.0,BUY,1.0,2379.13,2335.07,450,0.2633,ATOMIC_CORE,ALPHA_LOSS,0,25,0.0056740807989105,10009_DONE,-4430.9999999999945,-4430.9999999999945,False,False,68047.99999999991,4987.000000000029,6.828233038953971
2024-05-24 08:00:00,2024-06-06 08:00:00,1123200.0,BUY,1.0,2340.18,2362.88,450,0.1981,ATOMIC_CORE,ALPHA_LOSS,0,25,0.0110132158590307,10009_DONE,2245.0000000000277,2245.0000000000277,True,False,70292.99999999994,2742.0,3.7543643458615765
2024-06-06 12:00:00,2024-06-10 08:00:00,331200.0,BUY,1.0,2357.55,2292.63,450,0.202,ATOMIC_CORE,ALPHA_LOSS,0,25,0.0038508934072704,10009_DONE,-6517.000000000007,-6517.000000000007,False,False,63775.999999999935,9259.000000000007,12.677483398370665
2024-06-10 12:00:00,2024-06-21 08:00:00,936000.0,BUY,1.0,2306.18,2365.41,450,0.3467,ATOMIC_CORE,ALPHA_LOSS,0,25,0.0042208340368056,10009_DONE,5898.000000000002,5898.000000000002,True,False,69673.99999999994,3361.0,4.601903197097286
2024-06-21 12:00:00,2024-06-27 04:00:00,489600.0,BUY,1.0,2360.63,2300.51,450,-0.128,ATOMIC_CORE,ALPHA_LOSS,0,25,0.0041583499667332,10009_DONE,-6036.999999999989,-6036.999999999989,False,False,63636.99999999994,9398.0,12.867803108098865
2024-06-27 08:00:00,2024-07-12 00:00:00,1267200.0,BUY,1.0,2307.6,2412.08,450,-0.4272,ATOMIC_CORE,ALPHA_LOSS,0,25,0.0023928024502297,10009_DONE,10423.000000000002,10423.000000000002,True,False,74059.99999999994,0.0,0.0
2024-07-12 04:00:00,2024-07-15 00:00:00,244800.0,BUY,1.0,2408.6,2408.56,450,-0.4945,ATOMIC_CORE,ALPHA_LOSS,0,25,6.250000000005684,10009_DONE,-28.99999999999636,-28.99999999999636,False,False,74030.99999999994,29.0,0.03915743991358361
2024-07-15 04:00:00,2024-07-15 20:00:00,57600.0,BUY,1.0,2411.52,2422.04,450,0.2456,ATOMIC_CORE,ALPHA_LOSS,0,25,0.0237642585551331,10009_DONE,1026.9999999999982,1026.9999999999982,True,False,75057.99999999994,0.0,0.0
2024-07-16 00:00:00,2024-08-01 20:00:00,1454400.0,BUY,1.0,2421.24,2446.19,450,0.3793,ATOMIC_CORE,ALPHA_LOSS,0,25,0.0100200400801602,10009_DONE,2470.0000000000277,2470.0000000000277,True,False,77527.99999999997,0.0,0.0
2024-08-02 00:00:00,2024-08-13 04:00:00,964800.0,BUY,1.0,2449.07,2462.04,450,-0.0592,ATOMIC_CORE,ALPHA_LOSS,0,25,0.0192752505782578,10009_DONE,1271.99999999998,1271.99999999998,True,False,78799.99999999996,0.0,0.0
2024-08-13 08:00:00,2024-08-19 04:00:00,504000.0,BUY,1.0,2460.62,2500.67,450,0.4487,ATOMIC_CORE,ALPHA_LOSS,0,25,0.0062421972534331,10009_DONE,3980.000000000018,3980.000000000018,True,False,82779.99999999997,0.0,0.0
2024-08-19 08:00:00,2024-08-19 12:00:00,14400.0,BUY,1.0,2503.17,2491.18,450,0.2136,ATOMIC_CORE,ALPHA_LOSS,0,25,0.020850708924103,10009_DONE,-1224.0000000000236,-1224.0000000000236,False,False,81555.99999999994,1224.000000000029,1.4786180236772524
2024-08-19 16:00:00,2024-08-20 04:00:00,43200.0,BUY,1.0,2505.51,2500.85,450,0.0353,ATOMIC_CORE,ALPHA_LOSS,0,25,0.0536480686695243,10009_DONE,-491.0000000000309,-491.0000000000309,False,False,81064.99999999991,1715.0000000000582,2.0717564629138185
2024-08-20 08:00:00,2024-08-28 04:00:00,676800.0,BUY,1.0,2519.88,2511.56,450,-0.1715,ATOMIC_CORE,ALPHA_LOSS,0,25,0.0300480769230763,10009_DONE,-857.0000000000164,-857.0000000000164,False,False,80207.9999999999,2572.0000000000728,3.1070306837401227
2024-08-28 08:00:00,2024-08-30 20:00:00,216000.0,BUY,1.0,2508.22,2503.14,450,-0.1232,ATOMIC_CORE,ALPHA_LOSS,0,25,0.0492125984251975,10009_DONE,-532.9999999999927,-532.9999999999927,False,False,79674.99999999991,3105.000000000058,3.7509060159459526
2024-09-02 00:00:00,2024-09-02 08:00:00,28800.0,BUY,1.0,2501.52,2506.33,450,0.1708,ATOMIC_CORE,ALPHA_LOSS,0,25,0.0519750519750525,10009_DONE,455.99999999999454,455.99999999999454,True,False,80130.99999999991,2649.000000000058,3.2000483208505184
2024-09-02 12:00:00,2024-09-03 08:00:00,72000.0,BUY,1.0,2501.29,2503.99,450,0.4789,ATOMIC_CORE,ALPHA_LOSS,0,25,0.0925925925925988,10009_DONE,244.9999999999818,244.9999999999818,True,False,80375.9999999999,2404.0000000000728,2.9040831118628576
2024-09-03 12:00:00,2024-09-03 20:00:00,28800.0,BUY,1.0,2493.24,2492.71,450,-0.2609,ATOMIC_CORE,ALPHA_LOSS,0,25,0.4716981132077738,10009_DONE,-77.99999999997453,-77.99999999997453,False,False,80297.99999999993,2482.0000000000437,2.99830877023441
2024-09-04 00:00:00,2024-09-25 08:00:00,1843200.0,BUY,1.0,2492.4,2655.93,450,0.4287,ATOMIC_CORE,ALPHA_LOSS,0,25,0.0015287714792392,10009_DONE,16327.999999999976,16327.999999999976,True,False,96625.9999999999,0.0,0.0
2024-09-25 12:00:00,2024-10-01 08:00:00,504000.0,BUY,1.0,2659.57,2646.56,450,0.0966,ATOMIC_CORE,ALPHA_LOSS,0,25,0.0192159877017675,10009_DONE,-1326.0000000000218,-1326.0000000000218,False,False,95299.99999999988,1326.0000000000146,1.372301450955246
2024-10-01 12:00:00,2024-10-08 20:00:00,633600.0,BUY,1.0,2651.52,2621.49,450,-0.0763,ATOMIC_CORE,ALPHA_LOSS,0,25,0.0083250083250082,10009_DONE,-3028.00000000002,-3028.00000000002,False,False,92271.99999999987,4354.000000000029,4.506033572744431
2024-10-09 00:00:00,2024-10-09 12:00:00,43200.0,BUY,1.0,2621.16,2618.89,450,0.2103,ATOMIC_CORE,ALPHA_LOSS,0,25,0.1101321585903092,10009_DONE,-251.99999999999815,-251.99999999999815,False,False,92019.99999999987,4606.000000000029,4.766832943514203
2024-10-09 16:00:00,2024-10-10 04:00:00,43200.0,BUY,1.0,2608.72,2613.94,450,0.2637,ATOMIC_CORE,ALPHA_LOSS,0,25,0.047892720306511,10009_DONE,497.0000000000255,497.0000000000255,True,False,92516.9999999999,4109.0,4.252478628940455
2024-10-10 08:00:00,2024-10-14 12:00:00,360000.0,BUY,1.0,2615.52,2651.42,450,-0.0369,ATOMIC_CORE,ALPHA_LOSS,0,25,0.0069637883008356,10009_DONE,3565.000000000009,3565.000000000009,True,False,96081.99999999991,543.9999999999854,0.5629954670585412
2024-10-14 16:00:00,2024-10-30 12:00:00,1368000.0,BUY,1.0,2648.58,2782.51,450,0.4814,ATOMIC_CORE,ALPHA_LOSS,0,25,0.0018666467557679,10009_DONE,13368.00000000003,13368.00000000003,True,False,109449.99999999994,0.0,0.0
2024-10-30 16:00:00,2024-10-31 04:00:00,43200.0,BUY,1.0,2785.38,2784.48,450,0.0926,ATOMIC_CORE,ALPHA_LOSS,0,25,0.2777777777777497,10009_DONE,-115.0000000000091,-115.0000000000091,False,False,109334.99999999993,115.00000000001455,0.10507080858840989
2024-10-31 08:00:00,2024-11-06 20:00:00,561600.0,BUY,1.0,2779.11,2659.11,450,0.0035,ATOMIC_CORE,ALPHA_LOSS,0,25,0.0020833333333333,10009_DONE,-12025.0,-12025.0,False,False,97309.99999999993,12140.000000000015,11.091822750114225
2024-11-07 00:00:00,2024-11-20 08:00:00,1152000.0,BUY,1.0,2649.47,2621.92,450,0.2372,ATOMIC_CORE,ALPHA_LOSS,0,25,0.0090744101633394,10009_DONE,-2779.9999999999727,-2779.9999999999727,False,False,94529.99999999996,14919.999999999985,13.631795340338048
2024-11-20 12:00:00,2024-11-25 00:00:00,388800.0,BUY,1.0,2636.07,2701.25,450,-0.2222,ATOMIC_CORE,ALPHA_LOSS,0,25,0.0038355323718932,10009_DONE,6492.999999999984,6492.999999999984,True,False,101022.99999999994,8427.0,7.699406121516679
2024-11-25 04:00:00,2024-12-06 04:00:00,950400.0,BUY,1.0,2664.75,2637.91,450,0.0544,ATOMIC_CORE,ALPHA_LOSS,0,25,0.0093144560357674,10009_DONE,-2709.0000000000146,-2709.0000000000146,False,False,98313.99999999993,11136.000000000015,10.174508908177268
2024-12-06 08:00:00,2024-12-09 20:00:00,302400.0,BUY,1.0,2640.79,2660.06,450,-0.3329,ATOMIC_CORE,ALPHA_LOSS,0,25,0.012973533990659,10009_DONE,1901.9999999999984,1901.9999999999984,True,False,100215.99999999993,9234.000000000015,8.436729100045701
2024-12-10 00:00:00,2024-12-10 08:00:00,28800.0,BUY,1.0,2667.41,2665.06,450,0.1697,ATOMIC_CORE,ALPHA_LOSS,0,25,0.1063829787234083,10009_DONE,-259.9999999999909,-259.9999999999909,False,False,99955.99999999994,9494.0,8.674280493375976
2024-12-10 12:00:00,2024-12-11 04:00:00,57600.0,BUY,1.0,2680.4,2687.93,450,0.4557,ATOMIC_CORE,ALPHA_LOSS,0,25,0.0332005312085004,10009_DONE,727.9999999999745,727.9999999999745,True,False,100683.99999999991,8766.00000000003,8.009136592051195
2024-12-11 08:00:00,2024-12-12 00:00:00,57600.0,BUY,1.0,2695.71,2711.11,450,-0.3998,ATOMIC_CORE,ALPHA_LOSS,0,25,0.0162337662337661,10009_DONE,1515.000000000009,1515.000000000009,True,False,102198.99999999993,7251.000000000015,6.6249428962996975
2024-12-12 04:00:00,2024-12-19 08:00:00,619200.0,BUY,1.0,2713.53,2620.43,450,0.3027,ATOMIC_CORE,ALPHA_LOSS,0,25,0.0026852846401718,10009_DONE,-9335.000000000036,-9335.000000000036,False,False,92863.99999999988,16586.00000000006,15.153951576062191
2024-12-19 12:00:00,2024-12-31 08:00:00,1022400.0,BUY,1.0,2596.44,2615.27,450,-0.0756,ATOMIC_CORE,ALPHA_LOSS,0,25,0.0132766861391397,10009_DONE,1857.9999999999927,1857.9999999999927,True,False,94721.99999999988,14728.000000000058,13.45637277295575
2024-12-31 12:00:00,2025-01-03 04:00:00,230400.0,BUY,1.0,2613.23,2658.59,450,-0.2207,ATOMIC_CORE,ALPHA_LOSS,0,25,0.0055114638447971,10009_DONE,4511.000000000013,4511.000000000013,True,False,99232.9999999999,10217.000000000044,9.334856098675239
2025-01-03 08:00:00,2025-01-03 12:00:00,14400.0,BUY,1.0,2653.71,2649.97,450,0.3545,ATOMIC_CORE,ALPHA_LOSS,0,25,0.066844919786092,10009_DONE,-399.0000000000237,-399.0000000000237,False,False,98833.99999999987,10616.000000000073,9.699406121516747
2025-01-03 16:00:00,2025-01-10 20:00:00,619200.0,BUY,1.0,2641.81,2688.84,450,0.498,ATOMIC_CORE,ALPHA_LOSS,0,25,0.005315755900489,10009_DONE,4678.00000000002,4678.00000000002,True,False,103511.99999999988,5938.000000000058,5.425308359981782
2025-01-13 00:00:00,2025-01-16 04:00:00,273600.0,BUY,1.0,2685.7,2694.81,450,-0.2732,ATOMIC_CORE,ALPHA_LOSS,0,25,0.0274423710208558,10009_DONE,886.0000000000127,886.0000000000127,True,False,104397.9999999999,5052.000000000044,4.615806304248558
2025-01-16 08:00:00,2025-01-16 20:00:00,43200.0,BUY,1.0,2705.46,2714.43,450,-0.1721,ATOMIC_CORE,ALPHA_LOSS,0,25,0.0278706800445937,10009_DONE,871.99999999998,871.99999999998,True,False,105269.99999999988,4180.000000000058,3.81909547738699
2025-01-17 00:00:00,2025-01-17 08:00:00,28800.0,BUY,1.0,2714.7,2705.06,450,0.2465,ATOMIC_CORE,ALPHA_LOSS,0,25,0.0259336099585065,10009_DONE,-988.9999999999872,-988.9999999999872,False,False,104280.9999999999,5169.000000000044,4.722704431247187
2025-01-17 12:00:00,2025-01-31 04:00:00,1180800.0,BUY,1.0,2705.01,2795.59,450,-0.4118,ATOMIC_CORE,ALPHA_LOSS,0,25,0.0027599911680282,10009_DONE,9032.999999999993,9032.999999999993,True,False,113313.99999999988,0.0,0.0
2025-01-31 08:00:00,2025-02-04 04:00:00,331200.0,BUY,1.0,2793.74,2815.82,450,0.1914,ATOMIC_CORE,ALPHA_LOSS,0,25,0.0113224637681157,10009_DONE,2183.000000000038,2183.000000000038,True,False,115496.99999999993,0.0,0.0
2025-02-04 08:00:00,2025-02-05 20:00:00,129600.0,BUY,1.0,2820.53,2863.34,450,-0.0151,ATOMIC_CORE,ALPHA_LOSS,0,25,0.005839757066106,10009_DONE,4255.9999999999945,4255.9999999999945,True,False,119752.99999999993,0.0,0.0
2025-02-06 00:00:00,2025-02-06 08:00:00,28800.0,BUY,1.0,2871.61,2859.36,450,0.482,ATOMIC_CORE,ALPHA_LOSS,0,25,0.0204081632653061,10009_DONE,-1250.0,-1250.0,False,False,118502.99999999993,1250.0,1.0438151862583824
2025-02-06 12:00:00,2025-02-19 12:00:00,1123200.0,BUY,1.0,2856.81,2936.33,450,0.4934,ATOMIC_CORE,ALPHA_LOSS,0,25,0.0031438631790744,10009_DONE,7926.999999999998,7926.999999999998,True,False,126429.99999999993,0.0,0.0
2025-02-19 16:00:00,2025-02-25 20:00:00,532800.0,BUY,1.0,2923.82,2914.63,450,0.1678,ATOMIC_CORE,ALPHA_LOSS,0,25,0.0272034820457016,10009_DONE,-944.0000000000056,-944.0000000000056,False,False,125485.99999999993,944.0,0.7466582298505107
2025-02-26 00:00:00,2025-02-28 20:00:00,244800.0,BUY,1.0,2917.97,2856.91,450,0.2393,ATOMIC_CORE,ALPHA_LOSS,0,25,0.0040943334425155,10009_DONE,-6130.9999999999945,-6130.9999999999945,False,False,119354.99999999993,7075.0,5.595981966305469
2025-03-03 00:00:00,2025-03-13 12:00:00,907200.0,BUY,1.0,2870.86,2942.52,450,0.1459,ATOMIC_CORE,ALPHA_LOSS,0,25,0.0034886966229416,10009_DONE,7140.999999999985,7140.999999999985,True,False,126495.99999999991,0.0,0.0
2025-03-13 16:00:00,2025-03-20 08:00:00,576000.0,BUY,1.0,2980.12,3041.95,450,0.1751,ATOMIC_CORE,ALPHA_LOSS,0,25,0.0040433446546983,10009_DONE,6157.999999999993,6157.999999999993,True,False,132653.9999999999,0.0,0.0
2025-03-20 12:00:00,2025-03-25 08:00:00,417600.0,BUY,1.0,3040.96,3021.3,450,-0.0906,ATOMIC_CORE,ALPHA_LOSS,0,25,0.0127161749745677,10009_DONE,-1990.9999999999852,-1990.9999999999852,False,False,130662.99999999993,1990.9999999999854,1.5008970705745674
2025-03-25 12:00:00,2025-04-14 08:00:00,1713600.0,BUY,1.0,3021.56,3227.0,450,0.0509,ATOMIC_CORE,ALPHA_LOSS,0,25,0.0012169003115264,10009_DONE,20519.000000000007,20519.000000000007,True,False,151181.99999999994,0.0,0.0
2025-04-14 12:00:00,2025-04-17 08:00:00,244800.0,BUY,1.0,3206.65,3324.24,450,0.1582,ATOMIC_CORE,ALPHA_LOSS,0,25,0.0021260311250956,10009_DONE,11733.999999999967,11733.999999999967,True,False,162915.9999999999,0.0,0.0
2025-04-17 12:00:00,2025-04-30 12:00:00,1123200.0,BUY,1.0,3328.16,3298.72,450,0.3985,ATOMIC_CORE,ALPHA_LOSS,0,25,0.0084918478260869,10009_DONE,-2969.000000000005,-2969.000000000005,False,False,159946.9999999999,2969.0,1.8224115495101783
2025-04-30 16:00:00,2025-05-01 08:00:00,57600.0,BUY,1.0,3310.82,3235.23,450,-0.409,ATOMIC_CORE,ALPHA_LOSS,0,25,0.0033073157825109,10009_DONE,-7584.000000000015,-7584.000000000015,False,False,152362.99999999988,10553.00000000003,6.477571263718747
2025-05-01 12:00:00,2025-05-02 20:00:00,115200.0,BUY,1.0,3226.87,3239.61,450,-0.3144,ATOMIC_CORE,ALPHA_LOSS,0,25,0.0196232339089478,10009_DONE,1249.0000000000236,1249.0000000000236,True,False,153611.9999999999,9304.0,5.710918510152474
2025-05-05 00:00:00,2025-05-07 00:00:00,172800.0,BUY,1.0,3246.73,3379.54,450,0.1143,ATOMIC_CORE,ALPHA_LOSS,0,25,0.0018823883743694,10009_DONE,13255.999999999996,13255.999999999996,True,False,166867.9999999999,0.0,0.0
2025-05-07 04:00:00,2025-05-12 20:00:00,489600.0,BUY,1.0,3382.12,3236.33,450,-0.3367,ATOMIC_CORE,ALPHA_LOSS,0,25,0.0017147952534467,10009_DONE,-14603.999999999996,-14603.999999999996,False,False,152263.9999999999,14604.0,8.751827792027237
2025-05-13 00:00:00,2025-05-13 08:00:00,28800.0,BUY,1.0,3239.91,3255.62,450,0.1497,ATOMIC_CORE,ALPHA_LOSS,0,25,0.0159134309357097,10009_DONE,1546.0000000000036,1546.0000000000036,True,False,153809.9999999999,13058.0,7.825346980847141
2025-05-13 12:00:00,2025-05-21 12:00:00,691200.0,BUY,1.0,3241.82,3302.63,450,0.3103,ATOMIC_CORE,ALPHA_LOSS,0,25,0.0041111659266568,10009_DONE,6055.9999999999945,6055.9999999999945,True,False,159865.9999999999,7002.0,4.196131073663017
2025-05-21 16:00:00,2025-05-22 08:00:00,57600.0,BUY,1.0,3303.14,3311.24,450,0.495,ATOMIC_CORE,ALPHA_LOSS,0,25,0.0308641975308645,10009_DONE,784.9999999999909,784.9999999999909,True,False,160650.9999999999,6217.0,3.7256993551789455
2025-05-22 12:00:00,2025-05-29 08:00:00,590400.0,BUY,1.0,3304.17,3281.74,450,0.2097,ATOMIC_CORE,ALPHA_LOSS,0,25,0.0111457868925544,10009_DONE,-2268.000000000029,-2268.000000000029,False,False,158382.99999999988,8485.00000000003,5.084857492149504
2025-05-29 12:00:00,2025-06-03 04:00:00,403200.0,BUY,1.0,3316.48,3362.66,450,0.3656,ATOMIC_CORE,ALPHA_LOSS,0,25,0.005413598960589,10009_DONE,4592.999999999984,4592.999999999984,True,False,162975.99999999985,3892.000000000058,2.3323824819618264
2025-06-03 08:00:00,2025-06-09 08:00:00,518400.0,BUY,1.0,3361.32,3319.89,450,0.151,ATOMIC_CORE,ALPHA_LOSS,0,25,0.0060342746801833,10009_DONE,-4168.000000000029,-4168.000000000029,False,False,158807.99999999983,8060.000000000087,4.830165160486188
2025-06-09 12:00:00,2025-06-16 04:00:00,576000.0,BUY,1.0,3320.09,3427.49,450,-0.4881,ATOMIC_CORE,ALPHA_LOSS,0,25,0.0023277467411545,10009_DONE,10714.999999999964,10714.999999999964,True,False,169522.9999999998,0.0,0.0
2025-06-16 08:00:00,2025-06-24 20:00:00,734400.0,BUY,1.0,3413.85,3323.45,450,-0.4796,ATOMIC_CORE,ALPHA_LOSS,0,25,0.0027654867256637,10009_DONE,-9065.00000000001,-9065.00000000001,False,False,160457.9999999998,9065.0,5.347356995805885
2025-06-25 00:00:00,2025-06-25 16:00:00,57600.0,BUY,1.0,3326.95,3334.81,450,0.4665,ATOMIC_CORE,ALPHA_LOSS,0,25,0.0318066157760809,10009_DONE,761.0000000000127,761.0000000000127,True,False,161218.9999999998,8304.0,4.898450357768568
2025-06-25 20:00:00,2025-06-27 20:00:00,172800.0,BUY,1.0,3332.48,3273.97,450,0.1031,ATOMIC_CORE,ALPHA_LOSS,0,25,0.004272773884806,10009_DONE,-5876.000000000022,-5876.000000000022,False,False,155342.99999999977,14180.00000000003,8.364646685110602
2025-06-30 00:00:00,2025-06-30 04:00:00,14400.0,BUY,1.0,3264.58,3285.62,450,-0.2267,ATOMIC_CORE,ALPHA_LOSS,0,25,0.0118821292775665,10009_DONE,2078.9999999999964,2078.9999999999964,True,False,157421.99999999977,12101.00000000003,7.138264424296434
2025-06-30 08:00:00,2025-07-09 12:00:00,792000.0,BUY,1.0,3289.21,3296.48,450,-0.18,ATOMIC_CORE,ALPHA_LOSS,0,25,0.0343878954607978,10009_DONE,701.9999999999982,701.9999999999982,True,False,158123.99999999977,11399.00000000003,6.724161323242299
2025-07-09 16:00:00,2025-07-14 04:00:00,388800.0,BUY,1.0,3311.9,3359.78,450,0.1752,ATOMIC_CORE,ALPHA_LOSS,0,25,0.0052213868003341,10009_DONE,4763.000000000011,4763.000000000011,True,False,162886.99999999977,6636.000000000029,3.914513074922009
2025-07-14 08:00:00,2025-07-14 12:00:00,14400.0,BUY,1.0,3365.98,3350.06,450,0.4522,ATOMIC_CORE,ALPHA_LOSS,0,25,0.0157035175879396,10009_DONE,-1617.0000000000073,-1617.0000000000073,False,False,161269.99999999977,8253.00000000003,4.86836594444414
2025-07-14 16:00:00,2025-07-28 04:00:00,1166400.0,BUY,1.0,3347.78,3339.65,450,-0.2163,ATOMIC_CORE,ALPHA_LOSS,0,25,0.0307503075030746,10009_DONE,-838.0000000000109,-838.0000000000109,False,False,160431.99999999977,9091.00000000003,5.362694147696796
2025-07-28 08:00:00,2025-07-29 04:00:00,72000.0,BUY,1.0,3336.14,3316.52,450,-0.1534,ATOMIC_CORE,ALPHA_LOSS,0,25,0.0127420998980632,10009_DONE,-1986.999999999989,-1986.999999999989,False,False,158444.99999999977,11078.00000000003,6.534806486435494
2025-07-29 08:00:00,2025-08-13 04:00:00,1281600.0,BUY,1.0,3326.4,3351.79,450,-0.406,ATOMIC_CORE,ALPHA_LOSS,0,25,0.0098463962189839,10009_DONE,2513.9999999999877,2513.9999999999877,True,False,160958.99999999977,8564.00000000003,5.051821876677525
2025-08-13 08:00:00,2025-08-20 04:00:00,590400.0,BUY,1.0,3360.3,3318.67,450,-0.3921,ATOMIC_CORE,ALPHA_LOSS,0,25,0.0060052846504924,10009_DONE,-4188.000000000011,-4188.000000000011,False,False,156770.99999999977,12752.00000000003,7.522283112026123
2025-08-20 08:00:00,2025-08-26 04:00:00,504000.0,BUY,1.0,3325.03,3377.37,450,0.391,ATOMIC_CORE,ALPHA_LOSS,0,25,0.0047764615972487,10009_DONE,5208.999999999969,5208.999999999969,True,False,161979.99999999974,7543.000000000058,4.449543719731286
2025-08-26 08:00:00,2025-08-27 04:00:00,72000.0,BUY,1.0,3376.78,3374.99,450,-0.2062,ATOMIC_CORE,ALPHA_LOSS,0,25,0.1396648044692411,10009_DONE,-204.00000000004184,-204.00000000004184,False,False,161775.9999999997,7747.000000000087,4.5698813730290855
2025-08-27 08:00:00,2025-08-29 04:00:00,158400.0,BUY,1.0,3384.55,3408.95,450,0.0368,ATOMIC_CORE,ALPHA_LOSS,0,25,0.0102459016393444,10009_DONE,2414.999999999964,2414.999999999964,True,False,164190.99999999968,5332.000000000116,3.145295918547998
2025-08-29 08:00:00,2025-09-04 00:00:00,489600.0,BUY,1.0,3410.35,3561.54,450,-0.2539,ATOMIC_CORE,ALPHA_LOSS,0,25,0.0016535485151134,10009_DONE,15094.000000000004,15094.000000000004,True,False,179284.99999999968,0.0,0.0
2025-09-04 04:00:00,2025-09-08 04:00:00,345600.0,BUY,1.0,3533.02,3581.56,450,0.4998,ATOMIC_CORE,ALPHA_LOSS,0,25,0.0051503914297486,10009_DONE,4828.999999999996,4828.999999999996,True,False,184113.99999999968,0.0,0.0
2025-09-08 08:00:00,2025-09-09 12:00:00,100800.0,BUY,1.0,3611.21,3647.51,450,0.1951,ATOMIC_CORE,ALPHA_LOSS,0,25,0.0068870523415977,10009_DONE,3605.000000000018,3605.000000000018,True,False,187718.9999999997,0.0,0.0
2025-09-09 16:00:00,2025-09-09 20:00:00,14400.0,BUY,1.0,3645.12,3625.5,450,0.1141,ATOMIC_CORE,ALPHA_LOSS,0,25,0.0127420998980632,10009_DONE,-1986.999999999989,-1986.999999999989,False,False,185731.9999999997,1987.0,1.058497008827025
2025-09-10 00:00:00,2025-09-16 04:00:00,532800.0,BUY,1.0,3623.98,3684.3,450,-0.2165,ATOMIC_CORE,ALPHA_LOSS,0,25,0.0041445623342174,10009_DONE,6007.000000000016,6007.000000000016,True,False,191738.99999999974,0.0,0.0
2025-09-16 08:00:00,2025-09-16 12:00:00,14400.0,BUY,1.0,3694.37,3689.27,450,0.2016,ATOMIC_CORE,ALPHA_LOSS,0,25,0.0490196078431381,10009_DONE,-534.9999999999909,-534.9999999999909,False,False,191203.99999999974,535.0,0.2790251331236737
2025-09-16 16:00:00,2025-09-17 04:00:00,43200.0,BUY,1.0,3689.74,3680.74,450,0.0202,ATOMIC_CORE,ALPHA_LOSS,0,25,0.0277777777777777,10009_DONE,-925.0,-925.0,False,False,190278.99999999974,1460.0,0.761451765159932
2025-09-17 08:00:00,2025-10-21 04:00:00,2923200.0,BUY,1.0,3664.89,4341.99,450,0.0509,ATOMIC_CORE,ALPHA_LOSS,0,25,0.000369221680697,10009_DONE,67684.99999999999,67684.99999999999,True,False,257963.9999999997,0.0,0.0
2025-10-21 08:00:00,2025-10-22 04:00:00,72000.0,BUY,1.0,4273.96,4128.36,450,0.1414,ATOMIC_CORE,ALPHA_LOSS,0,25,0.0017170329670329,10009_DONE,-14585.000000000036,-14585.000000000036,False,False,243378.99999999968,14585.00000000003,5.653889690034286
2025-10-22 08:00:00,2025-10-22 20:00:00,43200.0,BUY,1.0,4070.42,4098.46,450,0.32,ATOMIC_CORE,ALPHA_LOSS,0,25,0.0089158345221112,10009_DONE,2778.9999999999964,2778.9999999999964,True,False,246157.99999999968,11806.00000000003,4.576607588655798
2025-10-23 00:00:00,2025-11-11 04:00:00,1656000.0,BUY,1.0,4081.85,4131.13,450,-0.4383,ATOMIC_CORE,ALPHA_LOSS,0,25,0.0050730519480519,10009_DONE,4903.00000000002,4903.00000000002,True,False,251060.9999999997,6903.0,2.6759547843885225
2025-11-11 08:00:00,2025-11-17 08:00:00,518400.0,BUY,1.0,4141.94,4082.07,450,0.3197,ATOMIC_CORE,ALPHA_LOSS,0,25,0.004175714047102,10009_DONE,-6011.999999999944,-6011.999999999944,False,False,245048.99999999977,12914.999999999942,5.006512536633002
2025-11-17 12:00:00,2025-11-25 08:00:00,676800.0,BUY,1.0,4065.33,4128.45,450,-0.0944,ATOMIC_CORE,ALPHA_LOSS,0,25,0.0039607097591888,10009_DONE,6286.999999999989,6286.999999999989,True,False,251335.99999999977,6627.999999999942,2.569350762121827
2025-11-25 12:00:00,2025-11-26 12:00:00,86400.0,BUY,1.0,4147.79,4153.37,450,-0.255,ATOMIC_CORE,ALPHA_LOSS,0,25,0.0448028673835131,10009_DONE,532.9999999999927,532.9999999999927,True,False,251868.99999999977,6094.999999999942,2.362732784419512
2025-11-26 16:00:00,2025-12-09 08:00:00,1094400.0,BUY,1.0,4167.17,4202.92,450,0.4662,ATOMIC_CORE,ALPHA_LOSS,0,25,0.0069930069930069,10009_DONE,3550.0,3550.0,True,False,255418.99999999977,2544.999999999942,0.9865717697042784
2025-12-09 12:00:00,2025-12-11 04:00:00,144000.0,BUY,1.0,4201.38,4207.55,450,0.1055,ATOMIC_CORE,ALPHA_LOSS,0,25,0.0405186385737434,10009_DONE,592.0000000000073,592.0000000000073,True,False,256010.99999999977,1952.9999999999418,0.757082383588386
2025-12-11 08:00:00,2025-12-15 12:00:00,360000.0,BUY,1.0,4218.5,4332.22,450,-0.4481,ATOMIC_CORE,ALPHA_LOSS,0,25,0.0021983819908547,10009_DONE,11347.000000000024,11347.000000000024,True,False,267357.99999999977,0.0,0.0
2025-12-15 16:00:00,2025-12-23 04:00:00,648000.0,BUY,1.0,4304.51,4475.28,450,0.4073,ATOMIC_CORE,ALPHA_LOSS,0,25,0.0014639573695614,10009_DONE,17051.999999999953,17051.999999999953,True,False,284409.99999999977,0.0,0.0
2025-12-23 08:00:00,2025-12-30 00:00:00,576000.0,BUY,1.0,4480.49,4360.2,450,-0.2527,ATOMIC_CORE,ALPHA_LOSS,0,25,0.0020783107490231,10009_DONE,-12053.999999999996,-12053.999999999996,False,False,272355.99999999977,12054.0,4.2382476002953515
2025-12-30 04:00:00,2025-12-31 08:00:00,100800.0,BUY,1.0,4377.73,4325.91,450,0.2355,ATOMIC_CORE,ALPHA_LOSS,0,25,0.004824392126592,10009_DONE,-5206.999999999971,-5206.999999999971,False,False,267148.99999999977,17261.0,6.069055237157629
2025-12-31 12:00:00,2026-01-12 08:00:00,1022400.0,BUY,1.0,4345.92,4589.22,450,-0.193,ATOMIC_CORE,ALPHA_LOSS,0,25,0.0010275380189066,10009_DONE,24305.00000000002,24305.00000000002,True,False,291453.9999999998,0.0,0.0
2026-01-12 12:00:00,2026-01-12 20:00:00,28800.0,BUY,1.0,4615.86,4598.94,450,-0.2179,ATOMIC_CORE,ALPHA_LOSS,0,25,0.0147754137115838,10009_DONE,-1717.0000000000073,-1717.0000000000073,False,False,289736.9999999998,1717.0,0.5891152634721092
2026-01-13 00:00:00,2026-01-21 12:00:00,734400.0,BUY,1.0,4577.94,4879.43,450,-0.2278,ATOMIC_CORE,ALPHA_LOSS,0,25,0.0008292148993333,10009_DONE,30124.00000000007,30124.00000000007,True,False,319860.9999999999,0.0,0.0
2026-01-21 16:00:00,2026-01-23 08:00:00,144000.0,BUY,1.0,4826.32,4918.69,450,0.0649,ATOMIC_CORE,ALPHA_LOSS,0,25,0.0027065064414853,10009_DONE,9211.999999999987,9211.999999999987,True,False,329072.9999999999,0.0,0.0
2026-01-23 12:00:00,2026-01-26 12:00:00,259200.0,BUY,1.0,4939.02,5068.49,450,0.1828,ATOMIC_CORE,ALPHA_LOSS,0,25,0.0019309492546535,10009_DONE,12921.999999999936,12921.999999999936,True,False,341994.9999999998,0.0,0.0
2026-01-26 16:00:00,2026-02-03 00:00:00,633600.0,BUY,1.0,5100.93,4841.59,450,0.1973,ATOMIC_CORE,ALPHA_LOSS,0,25,0.000963985501658,10009_DONE,-25959.00000000001,-25959.00000000001,False,False,316035.9999999998,25959.0,7.590461848857444
2026-02-03 04:00:00,2026-02-17 08:00:00,1224000.0,BUY,1.0,4825.15,4926.02,450,-0.2228,ATOMIC_CORE,ALPHA_LOSS,0,25,0.0024784375929413,10009_DONE,10062.00000000008,10062.00000000008,True,False,326097.9999999999,15896.999999999942,4.648313571835831
2026-02-17 12:00:00,2026-02-23 08:00:00,504000.0,BUY,1.0,4870.77,5149.61,450,-0.118,ATOMIC_CORE,ALPHA_LOSS,0,25,0.0008965715105436,10009_DONE,27858.999999999924,27858.999999999924,True,False,353956.9999999998,0.0,0.0
2026-02-23 12:00:00,2026-02-24 00:00:00,43200.0,BUY,1.0,5146.39,5177.3,450,0.205,ATOMIC_CORE,ALPHA_LOSS,0,25,0.0080879974118408,10009_DONE,3065.999999999985,3065.999999999985,True,False,357022.9999999998,0.0,0.0
2026-02-24 04:00:00,2026-03-03 04:00:00,604800.0,BUY,1.0,5182.7,5319.03,450,0.3862,ATOMIC_CORE,ALPHA_LOSS,0,25,0.0018337856671312,10009_DONE,13607.999999999993,13607.999999999993,True,False,370630.9999999998,0.0,0.0
2026-03-03 08:00:00,2026-03-04 00:00:00,57600.0,BUY,1.0,5275.08,5175.12,450,-0.0219,ATOMIC_CORE,ALPHA_LOSS,0,25,0.00250100040016,10009_DONE,-10021.000000000004,-10021.000000000004,False,False,360609.9999999998,10021.0,2.703767358909537
2026-03-04 04:00:00,2026-03-06 00:00:00,158400.0,BUY,1.0,5159.94,5134.83,450,-0.1036,ATOMIC_CORE,ALPHA_LOSS,0,25,0.0099561927518918,10009_DONE,-2535.9999999999677,-2535.9999999999677,False,False,358073.9999999999,12556.999999999942,3.3880058602761096
2026-03-06 04:00:00,2026-03-11 08:00:00,446400.0,BUY,1.0,5117.27,5187.61,450,-0.1656,ATOMIC_CORE,ALPHA_LOSS,0,25,0.0035541654819448,10009_DONE,7008.999999999924,7008.999999999924,True,False,365082.9999999998,5548.0,1.4969066268067168
